1;1;113;4;85.64;0
2;1;106;9;93.64;0
3;1;109;5;14.81;4
4;1;116;8;31.81;0
5;2;110;8;87.41;0
6;2;113;10;85.64;0
7;2;111;6;34.02;0
8;3;114;10;31.92;0
9;3;106;10;93.64;0
10;4;115;3;21.03;0
11;4;110;10;87.41;0
12;4;106;6;93.64;0
13;4;118;5;11.11;0
14;4;112;2;11.48;0
15;5;103;8;93.05;0
16;5;111;7;34.02;0
17;6;109;4;14.81;2
18;6;103;6;93.05;0
19;7;106;6;93.64;0
20;7;102;7;16.63;0
21;7;116;1;31.81;1
22;7;105;4;86.64;0
23;8;113;5;85.64;0
24;8;101;5;44.35;0
25;8;116;4;31.81;0
26;8;102;8;16.63;0
27;8;111;3;34.02;0
28;8;109;6;14.81;0
29;9;112;10;11.48;0
30;9;101;1;44.35;0
31;9;108;5;11.73;0
32;9;105;9;86.64;0
33;9;113;2;85.64;0
34;10;109;4;14.81;0
35;10;102;4;16.63;0
36;10;108;6;11.73;0
37;11;108;4;11.73;0
38;11;117;2;94.29;0
39;11;111;10;34.02;0
40;11;101;2;44.35;0
41;11;116;2;31.81;0
42;12;105;5;86.64;0
43;13;115;4;21.03;0
44;13;101;1;44.35;0
45;13;116;6;31.81;0
46;14;114;4;31.92;0
47;14;105;5;86.64;0
48;14;109;6;14.81;0
49;14;107;2;77.21;0
50;14;110;4;87.41;0
51;14;101;9;44.35;0
52;15;115;2;21.03;0
53;15;113;3;85.64;0
54;15;112;3;11.48;0
55;15;116;8;31.81;0
56;15;108;9;11.73;0
57;16;116;6;31.81;0
58;17;118;10;11.11;0
59;17;102;4;16.63;0
60;17;115;1;21.03;0
61;18;114;3;31.92;2
62;19;101;10;44.35;0
63;19;103;6;93.05;0
64;19;105;9;86.64;0
65;19;109;9;14.81;0
66;19;102;9;16.63;0
67;20;110;2;87.41;0
68;20;101;3;44.35;0
69;20;111;5;34.02;1
70;21;108;9;11.73;0
71;21;115;10;21.03;0
72;22;101;7;44.35;0
73;22;113;8;85.64;0
74;22;102;1;16.63;0
75;22;112;4;11.48;0
76;22;106;7;93.64;0
77;23;116;7;31.81;0
78;23;118;3;11.11;0
79;24;112;3;11.48;0
80;24;110;10;87.41;0
81;24;105;4;86.64;0
82;25;109;7;14.81;0
83;25;118;2;11.11;0
84;26;106;6;93.64;1
85;27;104;1;4.07;0
86;27;109;4;14.81;0
87;27;105;2;86.64;0
88;27;117;6;94.29;0
89;28;116;7;31.81;0
90;29;104;9;4.07;0
91;29;114;5;31.92;0
92;30;107;5;77.21;0
93;31;116;2;31.81;0
94;32;109;5;14.81;0
95;32;104;9;4.07;0
96;32;111;3;34.02;0
97;33;113;7;85.64;0
98;33;118;10;11.11;0
99;33;108;4;11.73;0
100;33;116;2;31.81;0
101;33;106;10;93.64;0
102;33;101;8;44.35;0
103;34;105;5;86.64;0
104;34;116;1;31.81;0
105;35;109;9;14.81;0
106;35;106;7;93.64;0
107;35;118;6;11.11;0
108;35;112;2;11.48;0
109;35;101;6;44.35;0
110;36;103;9;93.05;0
111;36;118;6;11.11;0
112;36;110;7;87.41;0
113;36;109;7;14.81;0
114;36;117;4;94.29;0
115;37;108;4;11.73;0
116;37;104;2;4.07;0
117;37;101;4;44.35;0
118;37;107;3;77.21;0
119;37;110;5;87.41;0
120;38;107;9;77.21;0
121;38;101;7;44.35;0
122;39;113;6;85.64;0
123;39;103;5;93.05;0
124;39;104;6;4.07;0
125;39;105;2;86.64;2
126;39;112;10;11.48;0
127;40;107;6;77.21;0
128;41;102;4;16.63;0
129;41;118;7;11.11;0
130;41;105;1;86.64;0
131;41;115;7;21.03;0
132;41;111;7;34.02;0
133;41;114;10;31.92;0
134;42;116;1;31.81;0
135;42;107;9;77.21;0
136;43;105;1;86.64;0
137;43;102;2;16.63;0
138;43;118;9;11.11;0
139;43;107;6;77.21;0
140;43;109;4;14.81;0
141;44;103;2;93.05;0
142;44;104;7;4.07;0
143;45;103;4;93.05;0
144;45;115;10;21.03;0
145;45;107;2;77.21;0
146;45;111;10;34.02;0
147;45;117;2;94.29;0
148;46;104;6;4.07;0
149;46;113;9;85.64;0
150;46;114;1;31.92;0
151;46;103;5;93.05;3
152;47;113;1;85.64;0
153;47;102;9;16.63;0
154;47;103;4;93.05;0
155;48;116;7;31.81;0
156;48;104;7;4.07;0
157;49;108;8;11.73;0
158;49;116;8;31.81;0
159;50;109;9;14.81;0
160;51;108;10;11.73;0
161;51;106;4;93.64;0
162;51;115;5;21.03;0
163;51;103;3;93.05;0
164;52;114;1;31.92;0
165;52;112;3;11.48;3
166;52;110;9;87.41;0
167;52;106;2;93.64;0
168;52;102;3;16.63;0
169;52;103;5;93.05;0
170;53;104;6;4.07;0
171;53;116;4;31.81;0
172;53;103;9;93.05;0
173;53;111;4;34.02;0
174;53;105;3;86.64;0
175;53;102;2;16.63;0
176;54;113;4;85.64;0
177;54;115;2;21.03;0
178;54;114;4;31.92;0
179;54;109;5;14.81;0
180;54;112;2;11.48;0
181;54;108;2;11.73;0
182;55;118;6;11.11;0
183;55;110;9;87.41;0
184;55;103;4;93.05;0
185;56;116;6;31.81;0
186;56;106;6;93.64;0
187;57;112;7;11.48;0
188;57;110;1;87.41;0
189;57;116;7;31.81;0
190;57;107;2;77.21;0
191;58;112;7;11.48;0
192;59;102;3;16.63;0
193;59;101;4;44.35;0
194;59;106;2;93.64;0
195;59;103;2;93.05;0
196;59;114;1;31.92;0
197;60;108;4;11.73;0
198;60;106;1;93.64;0
199;61;116;9;31.81;0
200;62;114;1;31.92;0
201;62;118;3;11.11;0
202;62;117;9;94.29;0
203;63;111;2;34.02;0
204;63;117;5;94.29;0
205;63;114;7;31.92;0
206;63;110;10;87.41;0
207;64;116;7;31.81;0
208;64;107;2;77.21;0
209;65;116;2;31.81;0
210;65;110;1;87.41;0
211;65;101;3;44.35;1
212;65;104;10;4.07;4
213;65;107;4;77.21;0
214;65;106;7;93.64;0
215;66;116;1;31.81;0
216;66;105;7;86.64;0
217;66;115;9;21.03;5
218;66;118;7;11.11;5
219;67;101;9;44.35;0
220;67;109;3;14.81;0
221;67;108;1;11.73;0
222;67;113;1;85.64;0
223;68;109;8;14.81;0
224;68;106;8;93.64;0
225;69;101;8;44.35;0
226;69;108;4;11.73;0
227;69;104;5;4.07;0
228;69;106;2;93.64;0
229;70;116;1;31.81;0
230;70;101;2;44.35;0
231;71;101;9;44.35;0
232;71;106;3;93.64;0
233;71;117;7;94.29;0
234;71;114;7;31.92;0
235;72;111;1;34.02;0
236;72;102;4;16.63;0
237;72;116;4;31.81;0
238;72;103;5;93.05;0
239;73;113;7;85.64;0
240;73;114;5;31.92;0
241;73;107;6;77.21;0
242;73;103;3;93.05;0
243;73;117;7;94.29;0
244;73;110;10;87.41;0
245;74;101;7;44.35;0
246;74;111;4;34.02;0
247;75;107;3;77.21;0
248;75;114;5;31.92;0
249;76;111;2;34.02;0
250;77;103;1;93.05;0
251;77;109;2;14.81;0
252;77;102;6;16.63;0
253;77;107;3;77.21;0
254;77;114;8;31.92;0
255;77;110;10;87.41;0
256;78;101;4;44.35;0
257;79;116;6;31.81;4
258;79;108;1;11.73;0
259;79;115;2;21.03;0
260;79;107;8;77.21;0
261;79;118;7;11.11;0
262;80;107;8;77.21;0
263;81;116;1;31.81;0
264;81;110;10;87.41;0
265;81;103;7;93.05;0
266;81;115;5;21.03;0
267;82;118;4;11.11;0
268;83;104;4;4.07;0
269;83;116;9;31.81;0
270;83;113;4;85.64;0
271;83;103;8;93.05;0
272;84;116;8;31.81;0
273;84;101;3;44.35;0
274;84;110;4;87.41;0
275;85;113;4;85.64;0
276;86;118;2;11.11;0
277;86;102;5;16.63;0
278;86;103;3;93.05;0
279;86;110;9;87.41;0
280;87;103;8;93.05;0
281;87;115;1;21.03;1
282;87;111;4;34.02;0
283;87;113;3;85.64;0
284;88;108;5;11.73;0
285;88;102;6;16.63;0
286;89;104;5;4.07;0
287;90;112;9;11.48;0
288;91;118;3;11.11;0
289;91;111;1;34.02;0
290;91;101;2;44.35;0
291;91;113;7;85.64;0
292;91;105;4;86.64;0
293;92;103;4;93.05;3
294;92;113;1;85.64;0
295;92;110;4;87.41;0
296;92;104;2;4.07;0
297;92;109;10;14.81;0
298;92;107;2;77.21;0
299;93;118;3;11.11;0
300;93;105;10;86.64;0
301;93;109;8;14.81;0
302;93;115;4;21.03;0
303;93;114;3;31.92;0
304;93;102;1;16.63;0
305;94;113;1;85.64;0
306;94;118;6;11.11;0
307;95;102;4;16.63;0
308;96;111;5;34.02;0
309;97;106;2;93.64;0
310;97;112;9;11.48;0
311;97;110;5;87.41;0
312;97;113;7;85.64;0
313;97;105;6;86.64;0
314;98;105;4;86.64;0
315;98;117;9;94.29;0
316;98;111;8;34.02;0
317;99;118;9;11.11;0
318;100;111;3;34.02;0
319;100;118;1;11.11;0
320;100;108;4;11.73;0
321;100;115;6;21.03;0
322;100;114;1;31.92;0
323;101;105;5;86.64;0
324;101;104;4;4.07;0
325;101;117;5;94.29;0
326;102;113;2;85.64;0
327;102;115;4;21.03;0
328;102;108;4;11.73;0
329;102;102;4;16.63;0
330;103;105;6;86.64;0
331;103;108;2;11.73;0
332;103;115;5;21.03;0
333;103;110;4;87.41;0
334;103;111;9;34.02;0
335;104;109;4;14.81;0
336;104;110;10;87.41;0
337;104;102;10;16.63;0
338;104;106;10;93.64;0
339;105;114;2;31.92;0
340;105;109;3;14.81;0
341;105;116;3;31.81;0
342;105;101;5;44.35;0
343;105;110;7;87.41;0
344;106;112;2;11.48;0
345;106;103;1;93.05;0
346;106;104;10;4.07;0
347;107;102;5;16.63;0
348;107;112;6;11.48;0
349;107;115;6;21.03;0
350;107;101;7;44.35;0
351;108;102;6;16.63;0
352;108;106;4;93.64;0
353;108;103;9;93.05;0
354;108;115;4;21.03;0
355;108;112;9;11.48;0
356;108;107;7;77.21;0
357;109;104;1;4.07;0
358;109;108;6;11.73;0
359;110;106;5;93.64;0
360;110;107;9;77.21;0
361;110;111;10;34.02;7
362;110;108;10;11.73;0
363;110;102;5;16.63;0
364;110;105;2;86.64;0
365;111;102;7;16.63;3
366;112;105;1;86.64;0
367;112;113;10;85.64;0
368;112;110;6;87.41;0
369;113;112;10;11.48;0
370;113;101;4;44.35;0
371;113;117;1;94.29;0
372;113;114;9;31.92;0
373;114;103;4;93.05;0
374;114;116;3;31.81;0
375;114;102;3;16.63;0
376;114;108;9;11.73;0
377;114;105;9;86.64;0
378;114;117;10;94.29;0
379;115;111;7;34.02;0
380;115;108;1;11.73;0
381;115;102;3;16.63;0
382;115;110;6;87.41;0
383;116;112;4;11.48;0
384;116;101;8;44.35;0
385;116;118;6;11.11;5
386;117;117;7;94.29;0
387;117;116;1;31.81;0
388;117;103;6;93.05;0
389;117;105;1;86.64;0
390;117;115;4;21.03;0
391;118;114;3;31.92;0
392;118;106;2;93.64;0
393;118;103;5;93.05;0
394;118;112;8;11.48;5
395;118;111;1;34.02;0
396;119;117;10;94.29;0
397;119;109;2;14.81;0
398;120;105;7;86.64;0
399;120;115;7;21.03;0
400;120;108;8;11.73;0
401;120;112;1;11.48;0
402;120;114;4;31.92;0
403;121;103;4;93.05;0
404;121;115;6;21.03;0
405;121;105;4;86.64;0
406;122;113;5;85.64;0
407;122;109;9;14.81;0
408;123;106;6;93.64;0
409;123;116;2;31.81;0
410;123;103;9;93.05;9
411;123;118;4;11.11;0
412;123;111;9;34.02;0
413;123;101;6;44.35;0
414;124;108;9;11.73;0
415;124;105;10;86.64;0
416;124;117;10;94.29;0
417;125;118;2;11.11;0
418;125;107;6;77.21;0
419;125;113;8;85.64;0
420;125;117;10;94.29;0
421;126;105;6;86.64;0
422;126;106;2;93.64;0
423;126;109;5;14.81;0
424;127;106;5;93.64;0
425;127;115;10;21.03;0
426;128;104;3;4.07;0
427;128;106;7;93.64;0
428;128;114;5;31.92;0
429;128;112;10;11.48;0
430;129;101;10;44.35;0
431;129;106;6;93.64;0
432;129;116;3;31.81;0
433;129;118;9;11.11;0
434;130;111;2;34.02;0
435;130;105;5;86.64;0
436;130;118;8;11.11;0
437;130;116;3;31.81;2
438;130;103;8;93.05;0
439;131;116;10;31.81;0
440;131;101;10;44.35;0
441;131;110;8;87.41;0
442;131;105;6;86.64;0
443;131;113;4;85.64;0
444;132;109;3;14.81;0
445;132;102;6;16.63;0
446;133;118;9;11.11;0
447;134;118;9;11.11;0
448;134;117;9;94.29;0
449;134;114;2;31.92;0
450;134;109;4;14.81;0
451;134;104;5;4.07;0
452;135;104;2;4.07;0
453;135;103;10;93.05;0
454;135;113;1;85.64;0
455;135;115;7;21.03;0
456;135;118;6;11.11;0
457;135;110;7;87.41;0
458;136;111;1;34.02;0
459;137;111;6;34.02;0
460;137;101;3;44.35;0
461;137;106;7;93.64;0
462;137;114;1;31.92;0
463;137;117;2;94.29;0
464;137;113;3;85.64;0
465;138;113;7;85.64;0
466;138;107;1;77.21;0
467;139;118;1;11.11;0
468;139;117;4;94.29;0
469;140;109;4;14.81;0
470;140;117;7;94.29;0
471;140;113;4;85.64;0
472;140;118;5;11.11;0
473;140;105;9;86.64;0
474;141;107;10;77.21;0
475;142;103;7;93.05;0
476;142;114;2;31.92;0
477;142;117;5;94.29;0
478;142;107;9;77.21;0
479;142;110;5;87.41;0
480;142;112;2;11.48;0
481;143;114;2;31.92;0
482;143;112;9;11.48;0
483;144;115;10;21.03;0
484;144;107;9;77.21;0
485;144;113;3;85.64;0
486;144;108;5;11.73;0
487;145;114;4;31.92;0
488;145;104;6;4.07;0
489;146;106;1;93.64;0
490;146;117;5;94.29;0
491;146;102;9;16.63;0
492;146;101;10;44.35;0
493;146;114;8;31.92;0
494;147;106;6;93.64;0
495;148;113;10;85.64;0
496;148;112;9;11.48;0
497;148;116;7;31.81;0
498;148;107;4;77.21;0
499;148;117;10;94.29;0
500;149;112;5;11.48;0
501;149;114;2;31.92;0
502;149;103;4;93.05;0
503;149;111;9;34.02;0
504;149;104;3;4.07;0
505;150;106;3;93.64;0
506;150;111;9;34.02;0
507;151;103;10;93.05;0
508;151;101;1;44.35;0
509;151;117;5;94.29;0
510;152;103;5;93.05;0
511;153;114;10;31.92;0
512;153;103;2;93.05;0
513;154;113;10;85.64;0
514;154;111;5;34.02;0
515;154;110;1;87.41;0
516;154;115;5;21.03;0
517;155;103;10;93.05;0
518;155;114;4;31.92;0
519;155;116;8;31.81;0
520;155;115;7;21.03;0
521;155;105;3;86.64;0
522;155;104;4;4.07;0
523;156;111;7;34.02;6
524;157;103;4;93.05;0
525;157;113;9;85.64;0
526;158;104;8;4.07;0
527;158;110;3;87.41;0
528;158;116;4;31.81;0
529;158;114;3;31.92;0
530;158;102;4;16.63;0
531;159;115;5;21.03;0
532;159;101;4;44.35;0
533;159;108;5;11.73;0
534;159;109;9;14.81;0
535;160;106;6;93.64;0
536;160;109;1;14.81;0
537;160;113;10;85.64;0
538;161;111;9;34.02;0
539;161;101;10;44.35;0
540;161;112;3;11.48;0
541;162;111;7;34.02;0
542;162;113;1;85.64;0
543;162;107;3;77.21;0
544;163;109;2;14.81;0
545;163;117;4;94.29;0
546;163;116;8;31.81;0
547;163;111;5;34.02;0
548;163;113;8;85.64;0
549;163;103;6;93.05;0
550;164;108;7;11.73;0
551;164;102;2;16.63;0
552;164;110;10;87.41;0
553;164;116;7;31.81;0
554;165;102;4;16.63;0
555;165;103;1;93.05;0
556;166;110;2;87.41;2
557;166;118;6;11.11;0
558;167;109;9;14.81;0
559;167;114;6;31.92;0
560;167;116;3;31.81;0
561;167;118;7;11.11;0
562;168;104;6;4.07;0
563;168;109;1;14.81;0
564;169;109;4;14.81;0
565;169;104;8;4.07;0
566;169;118;6;11.11;0
567;169;113;6;85.64;0
568;169;112;4;11.48;0
569;170;116;4;31.81;0
570;170;117;5;94.29;0
571;170;101;10;44.35;0
572;170;105;5;86.64;0
573;171;102;7;16.63;0
574;172;111;3;34.02;0
575;173;114;6;31.92;0
576;173;111;2;34.02;0
577;173;112;3;11.48;0
578;174;113;4;85.64;0
579;174;110;9;87.41;0
580;174;102;7;16.63;0
581;174;107;2;77.21;0
582;175;103;5;93.05;0
583;175;101;6;44.35;0
584;175;107;8;77.21;0
585;175;115;2;21.03;2
586;175;117;10;94.29;0
587;175;113;6;85.64;0
588;176;110;8;87.41;0
589;177;115;1;21.03;0
590;177;118;4;11.11;0
591;177;111;4;34.02;0
592;177;116;2;31.81;0
593;177;105;10;86.64;0
594;178;107;7;77.21;0
595;178;102;4;16.63;1
596;179;114;7;31.92;0
597;179;105;10;86.64;0
598;180;106;8;93.64;0
599;180;109;2;14.81;0
600;180;112;5;11.48;0
601;180;105;9;86.64;0
602;180;111;1;34.02;0
603;180;115;5;21.03;0
604;181;108;4;11.73;0
605;181;112;1;11.48;0
606;181;104;5;4.07;0
607;181;101;2;44.35;0
608;182;112;2;11.48;0
609;183;110;9;87.41;0
610;183;111;9;34.02;0
611;184;110;3;87.41;0
612;184;105;4;86.64;0
613;184;114;5;31.92;0
614;184;106;7;93.64;0
615;185;108;7;11.73;0
616;185;115;7;21.03;0
617;185;117;2;94.29;0
618;185;118;6;11.11;0
619;185;114;1;31.92;0
620;185;113;3;85.64;0
621;186;108;9;11.73;0
622;186;116;7;31.81;0
623;186;104;6;4.07;0
624;186;107;9;77.21;0
625;186;110;6;87.41;0
626;186;105;1;86.64;0
627;187;117;8;94.29;5
628;187;110;8;87.41;0
629;187;105;4;86.64;0
630;187;106;10;93.64;0
631;188;107;6;77.21;0
632;189;104;5;4.07;0
633;190;118;3;11.11;0
634;190;109;9;14.81;0
635;190;103;6;93.05;0
636;190;115;5;21.03;0
637;190;106;10;93.64;0
638;190;113;5;85.64;0
639;191;108;1;11.73;0
640;192;109;3;14.81;0
641;192;113;7;85.64;0
642;193;108;6;11.73;0
643;194;115;10;21.03;0
644;194;111;9;34.02;0
645;195;102;4;16.63;0
646;196;110;10;87.41;0
647;196;118;1;11.11;0
648;196;109;9;14.81;0
649;197;101;6;44.35;0
650;197;103;3;93.05;0
651;198;117;10;94.29;8
652;198;110;4;87.41;0
653;198;112;10;11.48;0
654;198;108;4;11.73;0
655;199;112;6;11.48;0
656;199;117;9;94.29;0
657;199;106;7;93.64;0
658;199;105;9;86.64;0
659;199;115;7;21.03;0
660;199;103;3;93.05;0
661;200;111;5;34.02;0
662;200;118;10;11.11;0
663;200;109;3;14.81;0
664;200;108;10;11.73;0
665;200;117;4;94.29;0
666;200;105;8;86.64;0
667;201;102;8;16.63;0
668;202;116;1;31.81;0
669;202;107;10;77.21;9
670;202;113;9;85.64;0
671;203;103;7;93.05;0
672;203;112;5;11.48;5
673;203;116;7;31.81;0
674;203;110;2;87.41;0
675;203;117;6;94.29;0
676;204;106;2;93.64;0
677;204;113;10;85.64;0
678;204;108;1;11.73;0
679;204;104;7;4.07;0
680;205;112;2;11.48;0
681;205;113;3;85.64;0
682;205;106;3;93.64;0
683;205;110;5;87.41;0
684;206;118;4;11.11;0
685;206;108;5;11.73;0
686;206;112;4;11.48;0
687;206;106;7;93.64;0
688;207;113;1;85.64;0
689;207;101;2;44.35;0
690;207;116;5;31.81;0
691;207;103;7;93.05;0
692;207;104;4;4.07;0
693;208;107;2;77.21;0
694;208;102;10;16.63;0
695;208;103;6;93.05;0
696;208;111;6;34.02;0
697;208;101;3;44.35;0
698;209;103;5;93.05;0
699;209;116;9;31.81;0
700;209;117;3;94.29;0
701;209;112;7;11.48;0
702;209;107;6;77.21;0
703;209;110;6;87.41;0
704;210;104;1;4.07;0
705;210;118;6;11.11;3
706;211;112;7;11.48;0
707;212;108;1;11.73;0
708;212;111;3;34.02;0
709;212;101;9;44.35;0
710;212;107;9;77.21;0
711;213;109;1;14.81;0
712;213;103;1;93.05;0
713;213;106;1;93.64;0
714;214;112;6;11.48;0
715;215;101;2;44.35;0
716;215;103;1;93.05;0
717;215;110;2;87.41;0
718;216;106;10;93.64;0
719;216;101;3;44.35;0
720;217;104;1;4.07;0
721;217;114;3;31.92;1
722;217;113;9;85.64;3
723;218;114;8;31.92;3
724;218;109;5;14.81;0
725;218;117;10;94.29;0
726;218;102;7;16.63;0
727;218;104;9;4.07;0
728;219;111;4;34.02;0
729;219;114;4;31.92;0
730;220;112;8;11.48;0
731;220;104;9;4.07;0
732;220;118;1;11.11;0
733;221;101;6;44.35;0
734;221;110;2;87.41;0
735;221;117;9;94.29;0
736;222;108;7;11.73;0
737;223;115;1;21.03;0
738;224;115;3;21.03;0
739;224;108;1;11.73;0
740;224;117;8;94.29;0
741;224;110;1;87.41;0
742;225;115;4;21.03;0
743;225;106;1;93.64;0
744;226;114;2;31.92;0
745;226;105;8;86.64;0
746;226;107;4;77.21;3
747;226;115;10;21.03;0
748;226;101;1;44.35;0
749;226;109;8;14.81;0
750;227;102;4;16.63;0
751;228;114;2;31.92;0
752;228;118;3;11.11;2
753;228;109;5;14.81;0
754;228;115;5;21.03;0
755;229;116;8;31.81;0
756;229;113;10;85.64;0
757;230;104;3;4.07;0
758;230;118;10;11.11;0
759;231;102;1;16.63;0
760;231;105;5;86.64;0
761;232;111;5;34.02;0
762;232;112;10;11.48;8
763;232;113;3;85.64;0
764;232;114;6;31.92;0
765;233;118;3;11.11;1
766;234;109;3;14.81;1
767;234;101;5;44.35;0
768;234;118;3;11.11;0
769;234;102;1;16.63;0
770;235;112;3;11.48;0
771;235;115;8;21.03;0
772;235;107;3;77.21;0
773;235;113;1;85.64;0
774;235;116;6;31.81;0
775;235;118;6;11.11;0
776;236;108;4;11.73;0
777;236;117;1;94.29;0
778;236;105;9;86.64;0
779;236;109;2;14.81;0
780;236;118;2;11.11;0
781;237;116;7;31.81;0
782;237;108;9;11.73;0
783;237;106;2;93.64;0
784;238;106;10;93.64;0
785;239;109;6;14.81;0
786;239;105;5;86.64;0
787;240;114;7;31.92;0
788;240;105;5;86.64;0
789;240;101;10;44.35;0
790;240;108;9;11.73;0
791;240;104;4;4.07;0
792;241;116;7;31.81;0
793;241;101;6;44.35;0
794;241;110;1;87.41;0
795;241;113;5;85.64;0
796;241;102;10;16.63;0
797;242;113;10;85.64;0
798;243;104;4;4.07;0
799;243;113;1;85.64;0
800;244;116;7;31.81;0
801;245;105;7;86.64;0
802;245;111;5;34.02;0
803;246;117;1;94.29;0
804;246;105;6;86.64;0
805;246;107;6;77.21;0
806;246;108;7;11.73;0
807;247;109;6;14.81;0
808;247;115;8;21.03;0
809;247;113;8;85.64;0
810;247;108;1;11.73;0
811;247;104;6;4.07;0
812;248;109;3;14.81;0
813;249;105;7;86.64;0
814;249;116;8;31.81;8
815;249;107;5;77.21;0
816;249;112;4;11.48;0
817;249;113;5;85.64;0
818;250;103;6;93.05;0
819;250;102;9;16.63;0
820;250;112;5;11.48;0
821;250;114;2;31.92;0
822;250;108;7;11.73;0
823;251;101;4;44.35;0
824;251;111;1;34.02;0
825;252;110;6;87.41;0
826;252;103;4;93.05;0
827;253;107;8;77.21;0
828;253;103;10;93.05;0
829;253;113;2;85.64;1
830;253;105;6;86.64;6
831;253;115;8;21.03;0
832;253;112;4;11.48;0
833;254;109;1;14.81;0
834;254;101;10;44.35;0
835;254;106;8;93.64;0
836;254;116;1;31.81;0
837;255;106;8;93.64;0
838;255;112;8;11.48;0
839;255;102;4;16.63;0
840;255;115;7;21.03;0
841;255;108;9;11.73;0
842;255;110;4;87.41;0
843;256;118;4;11.11;0
844;256;104;4;4.07;0
845;256;111;6;34.02;0
846;257;105;10;86.64;0
847;257;117;7;94.29;0
848;257;101;8;44.35;0
849;257;104;5;4.07;0
850;258;103;3;93.05;0
851;258;114;4;31.92;0
852;259;117;10;94.29;0
853;260;104;3;4.07;0
854;260;102;10;16.63;0
855;260;109;8;14.81;8
856;260;110;1;87.41;0
857;260;115;7;21.03;0
858;261;110;5;87.41;0
859;261;109;10;14.81;0
860;261;107;1;77.21;0
861;262;104;6;4.07;0
862;262;118;9;11.11;0
863;262;112;10;11.48;0
864;262;102;6;16.63;0
865;262;115;2;21.03;0
866;263;108;7;11.73;0
867;263;113;10;85.64;0
868;263;107;7;77.21;0
869;263;106;9;93.64;0
870;263;116;2;31.81;0
871;264;101;2;44.35;0
872;264;103;2;93.05;0
873;264;118;3;11.11;0
874;265;116;8;31.81;0
875;265;118;2;11.11;0
876;265;117;3;94.29;0
877;266;113;1;85.64;0
878;266;104;7;4.07;0
879;266;109;6;14.81;0
880;266;106;2;93.64;0
881;266;118;5;11.11;0
882;267;115;3;21.03;0
883;267;108;7;11.73;0
884;267;114;2;31.92;0
885;267;102;7;16.63;0
886;267;118;9;11.11;0
887;268;107;8;77.21;0
888;268;103;3;93.05;0
889;268;106;5;93.64;4
890;269;116;7;31.81;0
891;269;115;3;21.03;0
892;269;101;7;44.35;0
893;269;117;2;94.29;0
894;269;112;9;11.48;0
895;270;112;10;11.48;0
896;270;104;2;4.07;0
897;270;115;1;21.03;0
898;271;114;6;31.92;0
899;271;108;1;11.73;0
900;271;103;1;93.05;1
901;271;107;7;77.21;0
902;271;105;3;86.64;0
903;271;113;1;85.64;0
904;272;115;10;21.03;0
905;273;111;9;34.02;0
906;273;106;1;93.64;0
907;273;115;5;21.03;0
908;273;102;2;16.63;0
909;273;109;1;14.81;0
910;274;115;5;21.03;0
911;275;109;2;14.81;0
912;275;115;4;21.03;0
913;275;101;10;44.35;0
914;275;107;4;77.21;0
915;276;103;4;93.05;0
916;276;101;9;44.35;0
917;277;105;9;86.64;0
918;277;106;8;93.64;0
919;278;101;9;44.35;0
920;278;116;8;31.81;0
921;278;108;6;11.73;0
922;278;103;7;93.05;0
923;279;117;2;94.29;0
924;279;118;3;11.11;2
925;279;102;8;16.63;0
926;279;104;5;4.07;0
927;280;101;5;44.35;0
928;280;116;8;31.81;0
929;281;116;2;31.81;0
930;281;102;3;16.63;0
931;281;110;10;87.41;0
932;281;105;6;86.64;0
933;281;104;1;4.07;0
934;282;116;2;31.81;0
935;282;104;5;4.07;0
936;282;110;4;87.41;0
937;282;117;4;94.29;0
938;282;115;5;21.03;1
939;282;118;4;11.11;0
940;283;115;1;21.03;0
941;283;105;1;86.64;0
942;283;106;2;93.64;0
943;283;109;7;14.81;0
944;283;103;1;93.05;0
945;284;116;3;31.81;2
946;284;115;6;21.03;0
947;285;107;6;77.21;0
948;285;103;8;93.05;0
949;285;114;9;31.92;0
950;285;116;9;31.81;0
951;285;109;7;14.81;0
952;285;104;1;4.07;0
953;286;117;8;94.29;0
954;286;116;4;31.81;0
955;286;113;3;85.64;0
956;286;111;7;34.02;0
957;286;108;3;11.73;0
958;286;109;4;14.81;0
959;287;117;6;94.29;0
960;287;118;3;11.11;0
961;287;111;1;34.02;0
962;287;113;8;85.64;0
963;288;114;10;31.92;0
964;288;102;1;16.63;0
965;288;112;8;11.48;0
966;288;101;6;44.35;0
967;288;105;6;86.64;0
968;288;109;8;14.81;0
969;289;118;5;11.11;0
970;289;109;7;14.81;0
971;290;106;6;93.64;0
972;291;102;7;16.63;0
973;291;110;7;87.41;0
974;291;116;7;31.81;0
975;291;117;6;94.29;0
976;291;118;8;11.11;0
977;292;114;5;31.92;0
978;292;115;7;21.03;0
979;292;105;4;86.64;0
980;292;103;3;93.05;0
981;293;104;10;4.07;0
982;293;105;6;86.64;0
983;293;106;7;93.64;0
984;293;109;7;14.81;0
985;293;116;7;31.81;0
986;293;110;10;87.41;0
987;294;118;1;11.11;0
988;294;117;9;94.29;0
989;294;114;3;31.92;0
990;294;115;8;21.03;0
991;294;103;2;93.05;0
992;295;109;2;14.81;0
993;295;114;7;31.92;0
994;295;110;8;87.41;0
995;295;102;4;16.63;0
996;295;116;1;31.81;0
997;296;106;10;93.64;0
998;296;109;2;14.81;0
999;296;116;10;31.81;8
1000;296;115;9;21.03;0
1001;296;117;2;94.29;0
1002;296;114;1;31.92;0
1003;297;101;6;44.35;0
1004;297;116;6;31.81;0
1005;297;118;6;11.11;2
1006;297;112;8;11.48;0
1007;298;106;3;93.64;0
1008;298;104;6;4.07;0
1009;298;101;4;44.35;0
1010;298;105;7;86.64;0
1011;298;117;1;94.29;0
1012;299;116;4;31.81;0
1013;299;104;6;4.07;0
1014;299;109;4;14.81;0
1015;299;107;8;77.21;6
1016;300;113;4;85.64;0
1017;300;106;9;93.64;0
1018;300;107;10;77.21;0
1019;301;107;2;77.21;0
1020;302;114;5;31.92;0
1021;302;118;10;11.11;0
1022;302;117;5;94.29;0
1023;303;116;5;31.81;0
1024;303;103;4;93.05;0
1025;303;117;10;94.29;0
1026;303;113;5;85.64;0
1027;303;118;3;11.11;0
1028;303;105;9;86.64;0
1029;304;116;7;31.81;0
1030;304;109;1;14.81;0
1031;304;114;6;31.92;0
1032;304;108;2;11.73;0
1033;304;101;7;44.35;0
1034;304;107;8;77.21;0
1035;305;106;5;93.64;0
1036;305;117;1;94.29;0
1037;305;109;4;14.81;0
1038;305;102;7;16.63;0
1039;305;105;4;86.64;0
1040;305;114;2;31.92;0
1041;306;102;2;16.63;0
1042;306;108;5;11.73;0
1043;306;113;8;85.64;0
1044;306;107;1;77.21;0
1045;306;118;7;11.11;0
1046;306;110;6;87.41;0
1047;307;118;2;11.11;0
1048;307;108;3;11.73;0
1049;308;117;5;94.29;0
1050;308;110;8;87.41;0
1051;308;104;4;4.07;0
1052;309;101;1;44.35;0
1053;309;107;3;77.21;0
1054;309;103;2;93.05;0
1055;309;113;9;85.64;0
1056;309;111;4;34.02;0
1057;310;114;10;31.92;0
1058;310;102;4;16.63;0
1059;311;109;1;14.81;1
1060;311;107;2;77.21;0
1061;311;103;2;93.05;0
1062;311;116;10;31.81;0
1063;311;105;1;86.64;0
1064;312;115;7;21.03;0
1065;312;116;1;31.81;0
1066;312;103;9;93.05;0
1067;313;117;6;94.29;0
1068;313;101;8;44.35;0
1069;314;104;4;4.07;0
1070;314;102;9;16.63;0
1071;314;108;3;11.73;0
1072;314;113;9;85.64;0
1073;315;101;10;44.35;0
1074;315;115;1;21.03;0
1075;315;116;7;31.81;0
1076;316;117;7;94.29;0
1077;317;118;5;11.11;0
1078;317;117;6;94.29;0
1079;317;107;8;77.21;0
1080;317;115;1;21.03;0
1081;317;111;1;34.02;0
1082;317;112;10;11.48;0
1083;318;114;2;31.92;2
1084;318;104;1;4.07;0
1085;318;113;9;85.64;0
1086;318;118;9;11.11;0
1087;318;115;7;21.03;0
1088;318;106;4;93.64;0
1089;319;115;4;21.03;0
1090;319;104;1;4.07;0
1091;319;112;9;11.48;0
1092;319;103;7;93.05;0
1093;319;102;4;16.63;0
1094;319;105;3;86.64;0
1095;320;110;8;87.41;0
1096;321;111;6;34.02;0
1097;322;114;5;31.92;0
1098;323;108;7;11.73;0
1099;323;114;1;31.92;0
1100;323;104;8;4.07;0
1101;323;110;8;87.41;0
1102;324;105;3;86.64;0
1103;324;116;7;31.81;0
1104;324;104;9;4.07;0
1105;324;118;5;11.11;0
1106;324;110;1;87.41;0
1107;325;103;7;93.05;0
1108;325;106;2;93.64;0
1109;326;115;9;21.03;0
1110;326;101;6;44.35;0
1111;326;116;3;31.81;0
1112;327;104;6;4.07;0
1113;327;112;4;11.48;0
1114;327;113;10;85.64;0
1115;328;111;9;34.02;0
1116;328;118;3;11.11;0
1117;328;117;7;94.29;0
1118;328;105;2;86.64;0
1119;329;109;8;14.81;0
1120;329;106;9;93.64;0
1121;329;115;1;21.03;0
1122;329;112;6;11.48;0
1123;330;101;2;44.35;0
1124;330;104;6;4.07;0
1125;330;105;1;86.64;0
1126;330;114;4;31.92;0
1127;330;111;8;34.02;0
1128;331;112;7;11.48;0
1129;331;109;3;14.81;0
1130;331;110;6;87.41;0
1131;331;115;2;21.03;0
1132;331;114;3;31.92;2
1133;331;113;1;85.64;0
1134;332;116;6;31.81;0
1135;333;106;5;93.64;0
1136;333;109;2;14.81;0
1137;333;115;2;21.03;0
1138;333;105;3;86.64;0
1139;334;113;8;85.64;0
1140;334;117;2;94.29;0
1141;334;115;9;21.03;0
1142;334;114;4;31.92;0
1143;334;118;3;11.11;0
1144;335;107;7;77.21;0
1145;335;115;7;21.03;0
1146;335;117;6;94.29;0
1147;335;101;9;44.35;0
1148;335;113;3;85.64;0
1149;336;102;6;16.63;0
1150;336;104;3;4.07;0
1151;336;115;1;21.03;0
1152;336;116;9;31.81;0
1153;336;106;8;93.64;0
1154;336;113;6;85.64;0
1155;337;113;1;85.64;0
1156;337;112;3;11.48;0
1157;337;102;10;16.63;0
1158;337;107;7;77.21;0
1159;337;114;2;31.92;0
1160;337;101;9;44.35;0
1161;338;115;7;21.03;0
1162;338;118;9;11.11;0
1163;339;111;6;34.02;0
1164;339;113;9;85.64;0
1165;340;107;2;77.21;0
1166;340;105;7;86.64;0
1167;340;111;5;34.02;0
1168;340;102;1;16.63;0
1169;340;101;5;44.35;0
1170;340;106;1;93.64;0
1171;341;108;8;11.73;0
1172;341;115;1;21.03;0
1173;342;113;10;85.64;0
1174;343;110;6;87.41;0
1175;343;107;9;77.21;0
1176;343;118;7;11.11;0
1177;344;103;6;93.05;0
1178;345;108;9;11.73;2
1179;345;114;6;31.92;0
1180;345;106;1;93.64;0
1181;346;116;1;31.81;0
1182;346;105;3;86.64;0
1183;346;107;3;77.21;0
1184;346;101;9;44.35;0
1185;346;104;6;4.07;0
1186;346;109;10;14.81;0
1187;347;101;2;44.35;0
1188;348;117;6;94.29;0
1189;348;116;10;31.81;0
1190;348;101;4;44.35;0
1191;348;107;10;77.21;0
1192;348;103;10;93.05;0
1193;348;105;3;86.64;0
1194;349;118;9;11.11;0
1195;350;110;8;87.41;0
1196;350;116;2;31.81;0
1197;351;117;6;94.29;0
1198;351;101;1;44.35;0
1199;352;117;3;94.29;0
1200;352;114;7;31.92;0
1201;352;105;2;86.64;1
1202;352;115;3;21.03;0
1203;352;108;7;11.73;0
1204;353;104;9;4.07;0
1205;354;113;7;85.64;0
1206;354;118;6;11.11;0
1207;355;114;6;31.92;0
1208;356;107;3;77.21;0
1209;356;115;1;21.03;0
1210;356;103;3;93.05;0
1211;356;116;10;31.81;2
1212;357;113;3;85.64;0
1213;357;103;4;93.05;0
1214;357;105;8;86.64;0
1215;358;117;1;94.29;0
1216;358;116;5;31.81;0
1217;358;114;10;31.92;0
1218;358;109;9;14.81;0
1219;359;111;9;34.02;0
1220;359;109;1;14.81;0
1221;360;104;8;4.07;0
1222;360;105;2;86.64;0
1223;360;116;2;31.81;0
1224;360;101;7;44.35;0
1225;361;115;1;21.03;0
1226;361;109;9;14.81;9
1227;362;112;6;11.48;0
1228;362;107;2;77.21;0
1229;362;117;10;94.29;0
1230;362;105;8;86.64;0
1231;363;103;2;93.05;0
1232;363;108;1;11.73;0
1233;363;106;1;93.64;0
1234;363;105;9;86.64;0
1235;363;110;6;87.41;0
1236;364;104;9;4.07;0
1237;364;113;10;85.64;0
1238;364;107;4;77.21;0
1239;364;106;6;93.64;0
1240;364;102;9;16.63;0
1241;365;104;5;4.07;0
1242;366;104;9;4.07;0
1243;366;110;6;87.41;0
1244;366;108;6;11.73;0
1245;366;106;8;93.64;0
1246;366;118;2;11.11;0
1247;366;114;2;31.92;0
1248;367;115;1;21.03;0
1249;367;104;4;4.07;0
1250;368;102;3;16.63;0
1251;368;103;2;93.05;0
1252;368;107;8;77.21;0
1253;368;117;1;94.29;0
1254;368;108;10;11.73;0
1255;369;106;8;93.64;0
1256;369;117;3;94.29;0
1257;369;104;10;4.07;0
1258;369;116;7;31.81;0
1259;370;117;9;94.29;0
1260;370;113;4;85.64;0
1261;371;118;9;11.11;0
1262;372;104;1;4.07;0
1263;372;108;6;11.73;0
1264;373;117;4;94.29;0
1265;373;108;9;11.73;0
1266;373;103;1;93.05;0
1267;373;118;2;11.11;0
1268;373;107;3;77.21;3
1269;374;105;8;86.64;0
1270;374;101;9;44.35;0
1271;375;104;9;4.07;0
1272;376;110;5;87.41;0
1273;376;118;4;11.11;0
1274;376;101;4;44.35;0
1275;376;116;8;31.81;7
1276;376;106;9;93.64;0
1277;377;111;10;34.02;0
1278;378;109;2;14.81;0
1279;378;102;10;16.63;0
1280;378;108;4;11.73;4
1281;378;114;3;31.92;0
1282;378;104;1;4.07;0
1283;378;113;6;85.64;0
1284;379;103;7;93.05;0
1285;379;118;7;11.11;0
1286;380;117;1;94.29;0
1287;381;118;5;11.11;0
1288;381;112;2;11.48;0
1289;382;114;6;31.92;0
1290;382;112;4;11.48;0
1291;382;107;5;77.21;0
1292;382;110;4;87.41;0
1293;383;110;2;87.41;0
1294;383;104;3;4.07;0
1295;383;101;3;44.35;0
1296;384;112;5;11.48;0
1297;385;111;1;34.02;0
1298;385;102;7;16.63;0
1299;385;101;3;44.35;0
1300;386;113;1;85.64;0
1301;386;103;6;93.05;0
1302;386;104;7;4.07;0
1303;386;114;2;31.92;0
1304;386;116;9;31.81;6
1305;387;116;2;31.81;0
1306;387;112;3;11.48;0
1307;387;109;5;14.81;0
1308;387;101;2;44.35;0
1309;388;101;10;44.35;0
1310;388;105;5;86.64;0
1311;388;104;3;4.07;0
1312;388;102;6;16.63;0
1313;389;117;5;94.29;0
1314;389;106;5;93.64;0
1315;390;106;8;93.64;0
1316;390;117;2;94.29;0
1317;390;113;5;85.64;0
1318;391;101;1;44.35;0
1319;391;104;7;4.07;0
1320;391;111;5;34.02;0
1321;392;102;4;16.63;0
1322;392;103;4;93.05;0
1323;393;113;9;85.64;0
1324;393;111;6;34.02;0
1325;393;106;8;93.64;8
1326;393;117;9;94.29;0
1327;393;110;9;87.41;0
1328;394;117;4;94.29;0
1329;394;118;6;11.11;0
1330;394;105;10;86.64;0
1331;394;111;6;34.02;0
1332;394;113;4;85.64;0
1333;395;113;7;85.64;0
1334;395;104;8;4.07;0
1335;395;112;2;11.48;0
1336;395;117;3;94.29;0
1337;395;116;4;31.81;1
1338;395;103;3;93.05;0
1339;396;112;2;11.48;0
1340;397;101;10;44.35;0
1341;397;106;7;93.64;0
1342;398;109;7;14.81;0
1343;398;111;6;34.02;0
1344;398;110;10;87.41;0
1345;398;106;1;93.64;0
1346;398;102;6;16.63;0
1347;399;103;5;93.05;0
1348;399;108;6;11.73;0
1349;399;118;2;11.11;0
1350;399;114;7;31.92;0
1351;400;105;10;86.64;0
1352;400;117;8;94.29;0
1353;401;110;3;87.41;0
1354;401;117;6;94.29;0
1355;401;113;2;85.64;0
1356;401;104;4;4.07;0
1357;402;110;1;87.41;0
1358;402;109;6;14.81;0
1359;402;111;6;34.02;0
1360;402;106;4;93.64;0
1361;403;116;2;31.81;0
1362;403;111;8;34.02;0
1363;403;118;6;11.11;1
1364;403;105;9;86.64;0
1365;403;110;7;87.41;0
1366;403;117;5;94.29;0
1367;404;106;2;93.64;0
1368;405;107;6;77.21;0
1369;405;110;8;87.41;0
1370;405;101;5;44.35;0
1371;405;114;10;31.92;0
1372;406;114;3;31.92;0
1373;406;109;10;14.81;0
1374;406;106;3;93.64;0
1375;406;101;9;44.35;0
1376;407;115;3;21.03;0
1377;407;109;1;14.81;0
1378;407;110;9;87.41;0
1379;407;108;8;11.73;0
1380;408;117;5;94.29;0
1381;408;108;6;11.73;0
1382;408;115;7;21.03;0
1383;409;103;5;93.05;0
1384;409;117;10;94.29;0
1385;409;109;6;14.81;0
1386;409;106;2;93.64;0
1387;410;110;9;87.41;0
1388;410;104;4;4.07;0
1389;410;117;2;94.29;0
1390;410;118;3;11.11;0
1391;410;114;1;31.92;0
1392;411;111;4;34.02;0
1393;411;101;6;44.35;0
1394;411;118;2;11.11;0
1395;412;113;10;85.64;0
1396;412;105;7;86.64;0
1397;413;115;3;21.03;0
1398;413;117;1;94.29;0
1399;414;113;10;85.64;0
1400;414;117;2;94.29;0
1401;414;104;5;4.07;0
1402;414;105;4;86.64;0
1403;414;114;7;31.92;0
1404;415;101;2;44.35;0
1405;415;106;7;93.64;0
1406;416;113;6;85.64;2
1407;416;107;1;77.21;0
1408;416;112;9;11.48;0
1409;416;114;9;31.92;0
1410;416;109;2;14.81;0
1411;417;112;9;11.48;0
1412;417;118;3;11.11;0
1413;417;116;6;31.81;0
1414;418;116;5;31.81;0
1415;418;114;10;31.92;0
1416;418;102;4;16.63;0
1417;418;110;8;87.41;0
1418;418;101;10;44.35;0
1419;418;106;1;93.64;0
1420;419;107;10;77.21;0
1421;419;101;3;44.35;0
1422;419;111;10;34.02;0
1423;419;116;2;31.81;0
1424;419;112;6;11.48;0
1425;419;118;9;11.11;0
1426;420;115;6;21.03;0
1427;421;102;6;16.63;0
1428;421;116;4;31.81;0
1429;422;108;3;11.73;0
1430;422;113;1;85.64;0
1431;422;110;4;87.41;0
1432;422;112;9;11.48;0
1433;422;105;9;86.64;0
1434;423;110;9;87.41;0
1435;423;118;9;11.11;0
1436;424;116;9;31.81;0
1437;425;111;3;34.02;0
1438;425;104;3;4.07;0
1439;425;116;6;31.81;0
1440;426;117;5;94.29;0
1441;426;111;5;34.02;0
1442;426;101;8;44.35;0
1443;426;103;1;93.05;0
1444;426;115;9;21.03;0
1445;426;118;7;11.11;0
1446;427;104;4;4.07;0
1447;428;107;2;77.21;0
1448;428;106;7;93.64;0
1449;428;104;10;4.07;0
1450;428;101;4;44.35;0
1451;428;108;8;11.73;0
1452;428;118;8;11.11;0
1453;429;105;7;86.64;0
1454;429;102;1;16.63;0
1455;429;114;3;31.92;0
1456;429;104;1;4.07;0
1457;429;107;10;77.21;0
1458;429;108;7;11.73;0
1459;430;109;9;14.81;0
1460;430;117;4;94.29;2
1461;430;115;3;21.03;0
1462;430;103;4;93.05;0
1463;431;116;3;31.81;0
1464;431;109;5;14.81;0
1465;431;114;5;31.92;0
1466;432;108;7;11.73;0
1467;433;117;8;94.29;0
1468;433;115;3;21.03;0
1469;433;105;2;86.64;0
1470;433;104;10;4.07;0
1471;433;118;8;11.11;0
1472;434;102;10;16.63;0
1473;434;104;6;4.07;0
1474;434;117;8;94.29;0
1475;435;108;1;11.73;0
1476;435;104;6;4.07;0
1477;436;107;1;77.21;0
1478;436;117;3;94.29;0
1479;436;104;9;4.07;0
1480;436;115;7;21.03;0
1481;437;106;10;93.64;0
1482;438;105;8;86.64;0
1483;438;117;1;94.29;0
1484;439;108;6;11.73;0
1485;439;114;2;31.92;0
1486;440;108;9;11.73;0
1487;440;115;9;21.03;2
1488;441;115;9;21.03;0
1489;441;107;3;77.21;0
1490;441;118;1;11.11;0
1491;441;106;6;93.64;0
1492;441;101;4;44.35;0
1493;442;115;2;21.03;0
1494;442;108;9;11.73;0
1495;443;112;9;11.48;0
1496;443;104;1;4.07;0
1497;443;101;3;44.35;0
1498;443;115;2;21.03;0
1499;443;117;6;94.29;0
1500;443;118;2;11.11;0
1501;444;111;1;34.02;0
1502;444;107;10;77.21;0
1503;444;103;8;93.05;0
1504;444;101;7;44.35;0
1505;444;106;2;93.64;0
1506;444;108;8;11.73;0
1507;445;106;8;93.64;7
1508;445;112;4;11.48;0
1509;445;115;8;21.03;0
1510;445;101;6;44.35;0
1511;446;111;4;34.02;0
1512;446;108;2;11.73;0
1513;446;113;5;85.64;0
1514;447;118;7;11.11;0
1515;447;112;6;11.48;2
1516;447;106;4;93.64;0
1517;448;113;5;85.64;0
1518;448;102;4;16.63;0
1519;448;108;8;11.73;0
1520;449;111;7;34.02;0
1521;449;105;10;86.64;0
1522;450;113;7;85.64;0
1523;450;101;5;44.35;1
1524;450;110;4;87.41;2
1525;451;103;4;93.05;0
1526;451;102;2;16.63;0
1527;452;118;10;11.11;0
1528;452;107;7;77.21;0
1529;452;103;7;93.05;0
1530;453;114;8;31.92;6
1531;453;102;8;16.63;0
1532;453;104;1;4.07;0
1533;453;112;5;11.48;5
1534;454;101;1;44.35;1
1535;454;117;4;94.29;0
1536;454;104;7;4.07;0
1537;454;116;10;31.81;0
1538;454;105;4;86.64;0
1539;455;118;5;11.11;0
1540;455;108;2;11.73;0
1541;456;111;5;34.02;0
1542;456;102;8;16.63;0
1543;456;105;3;86.64;0
1544;456;106;5;93.64;0
1545;456;107;2;77.21;0
1546;457;117;8;94.29;0
1547;457;109;10;14.81;0
1548;457;107;8;77.21;0
1549;457;113;3;85.64;0
1550;457;110;10;87.41;0
1551;457;108;5;11.73;0
1552;458;111;5;34.02;0
1553;458;116;1;31.81;0
1554;459;102;5;16.63;0
1555;459;105;2;86.64;0
1556;460;107;5;77.21;0
1557;460;108;6;11.73;0
1558;460;113;3;85.64;0
1559;460;118;6;11.11;0
1560;460;110;10;87.41;0
1561;460;101;3;44.35;0
1562;461;102;9;16.63;0
1563;461;112;4;11.48;0
1564;461;106;1;93.64;0
1565;461;117;1;94.29;1
1566;462;116;10;31.81;0
1567;462;112;7;11.48;0
1568;462;101;6;44.35;0
1569;462;107;2;77.21;0
1570;462;117;7;94.29;0
1571;462;110;8;87.41;0
1572;463;103;4;93.05;0
1573;463;113;3;85.64;0
1574;463;112;6;11.48;0
1575;464;112;5;11.48;0
1576;464;115;7;21.03;0
1577;464;114;2;31.92;0
1578;465;114;1;31.92;0
1579;465;112;5;11.48;0
1580;465;103;10;93.05;0
1581;465;105;7;86.64;0
1582;466;112;9;11.48;0
1583;466;109;7;14.81;0
1584;466;118;7;11.11;0
1585;467;115;10;21.03;0
1586;468;108;10;11.73;0
1587;468;106;5;93.64;0
1588;469;112;8;11.48;0
1589;470;105;2;86.64;0
1590;470;117;8;94.29;0
1591;470;110;10;87.41;0
1592;470;109;2;14.81;0
1593;470;114;9;31.92;0
1594;470;106;7;93.64;0
1595;471;108;3;11.73;0
1596;471;103;9;93.05;0
1597;471;111;7;34.02;0
1598;471;114;8;31.92;0
1599;472;112;2;11.48;0
1600;472;118;4;11.11;0
1601;472;111;6;34.02;0
1602;472;102;3;16.63;0
1603;472;113;2;85.64;0
1604;473;111;1;34.02;0
1605;473;106;2;93.64;0
1606;473;114;6;31.92;0
1607;473;109;8;14.81;3
1608;473;115;2;21.03;0
1609;473;105;2;86.64;0
1610;474;112;10;11.48;0
1611;475;117;7;94.29;0
1612;475;102;5;16.63;0
1613;475;106;1;93.64;0
1614;475;111;3;34.02;0
1615;475;116;9;31.81;0
1616;476;103;8;93.05;0
1617;476;106;4;93.64;0
1618;477;110;10;87.41;0
1619;477;105;8;86.64;0
1620;478;105;3;86.64;0
1621;478;109;2;14.81;0
1622;479;104;5;4.07;0
1623;479;102;10;16.63;0
1624;480;112;10;11.48;9
1625;480;114;6;31.92;0
1626;480;107;9;77.21;0
1627;480;106;7;93.64;0
1628;481;115;3;21.03;0
1629;481;105;8;86.64;0
1630;481;109;10;14.81;0
1631;481;117;7;94.29;0
1632;481;114;2;31.92;0
1633;482;102;1;16.63;0
1634;482;118;6;11.11;0
1635;482;107;8;77.21;0
1636;482;115;4;21.03;0
1637;483;110;10;87.41;0
1638;483;101;5;44.35;0
1639;483;104;6;4.07;0
1640;483;106;2;93.64;0
1641;484;116;10;31.81;0
1642;484;107;2;77.21;0
1643;485;101;9;44.35;0
1644;485;108;5;11.73;0
1645;485;106;1;93.64;0
1646;485;114;6;31.92;0
1647;485;103;7;93.05;0
1648;486;112;10;11.48;0
1649;486;115;7;21.03;1
1650;486;107;3;77.21;0
1651;486;105;10;86.64;0
1652;486;109;3;14.81;0
1653;487;101;7;44.35;1
1654;487;106;7;93.64;0
1655;487;102;7;16.63;0
1656;487;113;3;85.64;0
1657;488;102;4;16.63;0
1658;488;101;3;44.35;0
1659;488;104;2;4.07;0
1660;488;105;8;86.64;0
1661;488;117;6;94.29;0
1662;488;115;4;21.03;0
1663;489;115;8;21.03;0
1664;489;103;9;93.05;0
1665;489;106;4;93.64;0
1666;489;113;8;85.64;0
1667;490;112;5;11.48;0
1668;490;103;6;93.05;0
1669;490;114;8;31.92;0
1670;490;108;9;11.73;0
1671;490;106;7;93.64;0
1672;491;117;7;94.29;4
1673;491;103;10;93.05;0
1674;491;113;2;85.64;0
1675;491;116;3;31.81;0
1676;491;101;5;44.35;0
1677;492;114;7;31.92;0
1678;492;103;1;93.05;0
1679;492;102;10;16.63;0
1680;493;113;7;85.64;0
1681;494;104;8;4.07;0
1682;494;118;1;11.11;1
1683;495;117;6;94.29;0
1684;495;104;5;4.07;5
1685;496;111;2;34.02;0
1686;496;113;8;85.64;0
1687;496;107;2;77.21;0
1688;496;104;8;4.07;0
1689;496;105;8;86.64;0
1690;496;108;9;11.73;0
1691;497;117;5;94.29;0
1692;497;107;7;77.21;0
1693;498;109;10;14.81;0
1694;498;115;7;21.03;0
1695;499;102;6;16.63;0
1696;499;116;1;31.81;0
1697;500;111;1;34.02;0
1698;500;112;6;11.48;0
1699;500;116;10;31.81;0
1700;501;113;3;85.64;0
1701;501;118;5;11.11;0
1702;501;110;2;87.41;0
1703;501;114;3;31.92;0
1704;502;115;4;21.03;0
1705;502;114;3;31.92;0
1706;502;111;6;34.02;0
1707;502;116;4;31.81;0
1708;502;104;10;4.07;0
1709;503;114;9;31.92;0
1710;503;101;3;44.35;3
1711;503;102;2;16.63;0
1712;503;103;1;93.05;0
1713;504;109;5;14.81;0
1714;504;105;9;86.64;0
1715;504;101;2;44.35;0
1716;504;115;10;21.03;0
1717;505;113;4;85.64;0
1718;505;103;4;93.05;0
1719;505;102;2;16.63;0
1720;505;105;2;86.64;0
1721;505;112;3;11.48;0
1722;505;104;3;4.07;0
1723;506;115;6;21.03;0
1724;507;109;4;14.81;0
1725;507;105;8;86.64;0
1726;507;106;1;93.64;0
1727;507;116;1;31.81;0
1728;507;110;3;87.41;0
1729;508;107;10;77.21;0
1730;508;113;5;85.64;0
1731;508;118;4;11.11;0
1732;509;109;1;14.81;0
1733;509;111;9;34.02;0
1734;509;107;1;77.21;0
1735;509;110;1;87.41;0
1736;509;104;8;4.07;0
1737;510;108;7;11.73;0
1738;510;109;9;14.81;0
1739;510;114;8;31.92;0
1740;510;111;3;34.02;0
1741;510;102;2;16.63;0
1742;511;112;1;11.48;0
1743;511;118;2;11.11;0
1744;512;105;10;86.64;6
1745;512;115;1;21.03;0
1746;512;104;2;4.07;0
1747;512;118;9;11.11;0
1748;512;101;2;44.35;0
1749;512;108;9;11.73;0
1750;513;106;8;93.64;0
1751;514;110;4;87.41;0
1752;514;105;10;86.64;0
1753;514;112;7;11.48;0
1754;514;111;7;34.02;0
1755;514;103;8;93.05;0
1756;514;114;10;31.92;0
1757;515;109;7;14.81;0
1758;516;112;7;11.48;0
1759;516;109;6;14.81;0
1760;517;115;2;21.03;0
1761;517;104;1;4.07;0
1762;517;101;5;44.35;0
1763;517;113;5;85.64;0
1764;517;117;8;94.29;0
1765;518;102;1;16.63;0
1766;518;111;1;34.02;0
1767;519;101;2;44.35;0
1768;519;113;10;85.64;0
1769;519;104;2;4.07;0
1770;520;111;1;34.02;0
1771;520;114;9;31.92;0
1772;520;117;3;94.29;0
1773;520;106;1;93.64;0
1774;520;115;10;21.03;0
1775;520;105;9;86.64;0
1776;521;105;8;86.64;4
1777;521;102;8;16.63;0
1778;521;109;7;14.81;0
1779;521;107;4;77.21;4
1780;521;103;2;93.05;0
1781;522;107;10;77.21;0
1782;522;114;1;31.92;0
1783;523;115;5;21.03;0
1784;523;103;3;93.05;0
1785;523;116;1;31.81;0
1786;523;117;3;94.29;0
1787;523;106;9;93.64;0
1788;524;115;1;21.03;0
1789;524;104;6;4.07;0
1790;524;113;6;85.64;0
1791;525;109;4;14.81;0
1792;525;108;8;11.73;0
1793;525;101;8;44.35;0
1794;526;110;10;87.41;0
1795;526;115;7;21.03;5
1796;526;101;10;44.35;0
1797;527;112;6;11.48;0
1798;528;113;10;85.64;0
1799;528;101;7;44.35;0
1800;529;113;5;85.64;0
1801;529;110;7;87.41;0
1802;530;107;10;77.21;9
1803;530;103;9;93.05;0
1804;530;110;3;87.41;0
1805;530;118;5;11.11;0
1806;530;104;3;4.07;0
1807;530;108;2;11.73;0
1808;531;116;4;31.81;0
1809;531;108;8;11.73;0
1810;531;118;10;11.11;0
1811;532;109;5;14.81;0
1812;532;106;6;93.64;0
1813;532;107;4;77.21;0
1814;532;117;8;94.29;0
1815;532;110;8;87.41;0
1816;533;101;3;44.35;0
1817;533;117;5;94.29;0
1818;533;110;1;87.41;0
1819;533;118;6;11.11;0
1820;534;102;4;16.63;0
1821;534;103;4;93.05;0
1822;535;106;8;93.64;0
1823;535;108;8;11.73;0
1824;535;110;3;87.41;0
1825;535;117;6;94.29;0
1826;535;102;5;16.63;0
1827;536;109;1;14.81;0
1828;537;112;8;11.48;0
1829;538;103;6;93.05;0
1830;538;112;4;11.48;0
1831;538;102;10;16.63;0
1832;538;111;10;34.02;0
1833;538;114;2;31.92;0
1834;538;113;2;85.64;0
1835;539;115;5;21.03;0
1836;539;104;10;4.07;0
1837;539;107;4;77.21;0
1838;540;109;5;14.81;0
1839;540;116;9;31.81;0
1840;540;112;4;11.48;0
1841;541;107;8;77.21;0
1842;541;104;4;4.07;0
1843;541;118;2;11.11;0
1844;541;108;1;11.73;0
1845;542;114;4;31.92;0
1846;542;118;9;11.11;0
1847;542;109;8;14.81;0
1848;542;103;8;93.05;0
1849;543;115;8;21.03;0
1850;544;105;9;86.64;0
1851;544;104;1;4.07;0
1852;544;108;9;11.73;0
1853;544;101;6;44.35;0
1854;545;111;3;34.02;0
1855;546;118;6;11.11;0
1856;546;109;8;14.81;0
1857;546;116;1;31.81;0
1858;546;117;9;94.29;0
1859;547;101;5;44.35;0
1860;547;106;8;93.64;0
1861;547;113;6;85.64;0
1862;547;102;4;16.63;0
1863;547;116;10;31.81;0
1864;547;111;1;34.02;0
1865;548;108;1;11.73;0
1866;548;111;6;34.02;0
1867;549;105;3;86.64;0
1868;549;108;4;11.73;0
1869;549;107;5;77.21;0
1870;549;101;8;44.35;0
1871;549;104;3;4.07;0
1872;550;117;7;94.29;0
1873;550;111;4;34.02;0
1874;551;101;7;44.35;0
1875;551;112;1;11.48;0
1876;552;110;10;87.41;0
1877;552;117;6;94.29;0
1878;552;109;5;14.81;0
1879;552;111;8;34.02;0
1880;553;106;7;93.64;0
1881;553;101;8;44.35;0
1882;554;116;3;31.81;3
1883;554;101;4;44.35;0
1884;554;105;10;86.64;0
1885;554;111;3;34.02;0
1886;554;106;10;93.64;0
1887;554;113;5;85.64;0
1888;555;106;7;93.64;0
1889;555;101;5;44.35;0
1890;555;115;2;21.03;0
1891;556;111;8;34.02;0
1892;556;106;9;93.64;0
1893;556;115;4;21.03;0
1894;556;112;1;11.48;0
1895;556;101;6;44.35;0
1896;557;108;5;11.73;0
1897;557;105;7;86.64;0
1898;557;106;3;93.64;0
1899;557;114;6;31.92;0
1900;557;111;1;34.02;0
1901;558;103;10;93.05;0
1902;558;102;2;16.63;0
1903;558;108;7;11.73;0
1904;558;105;2;86.64;0
1905;559;115;1;21.03;0
1906;559;111;5;34.02;0
1907;559;101;7;44.35;0
1908;559;118;2;11.11;0
1909;559;102;7;16.63;0
1910;559;106;8;93.64;0
1911;560;116;7;31.81;0
1912;560;108;4;11.73;0
1913;560;115;1;21.03;0
1914;560;104;10;4.07;0
1915;561;118;4;11.11;0
1916;562;101;10;44.35;0
1917;563;116;9;31.81;0
1918;563;111;5;34.02;0
1919;563;112;8;11.48;0
1920;563;113;6;85.64;1
1921;563;115;5;21.03;0
1922;564;113;5;85.64;0
1923;565;115;3;21.03;0
1924;565;107;1;77.21;0
1925;565;101;10;44.35;0
1926;565;108;7;11.73;0
1927;565;104;9;4.07;0
1928;565;112;8;11.48;0
1929;566;114;7;31.92;0
1930;567;106;5;93.64;0
1931;568;117;9;94.29;0
1932;568;116;6;31.81;6
1933;568;114;3;31.92;0
1934;568;112;8;11.48;0
1935;569;112;7;11.48;0
1936;570;115;4;21.03;3
1937;570;117;8;94.29;0
1938;570;111;1;34.02;0
1939;570;107;2;77.21;0
1940;570;104;6;4.07;0
1941;570;116;1;31.81;0
1942;571;106;2;93.64;0
1943;571;118;8;11.11;0
1944;571;102;10;16.63;0
1945;571;101;4;44.35;0
1946;571;111;1;34.02;0
1947;571;108;9;11.73;0
1948;572;114;7;31.92;0
1949;572;116;1;31.81;0
1950;572;112;2;11.48;0
1951;572;101;10;44.35;0
1952;572;110;7;87.41;0
1953;572;107;1;77.21;0
1954;573;107;6;77.21;0
1955;573;111;9;34.02;0
1956;573;118;4;11.11;0
1957;573;116;6;31.81;0
1958;574;110;10;87.41;0
1959;574;108;9;11.73;0
1960;574;103;2;93.05;0
1961;574;101;2;44.35;0
1962;574;109;4;14.81;0
1963;575;110;2;87.41;0
1964;575;108;6;11.73;0
1965;575;118;2;11.11;0
1966;576;105;9;86.64;0
1967;576;106;7;93.64;0
1968;576;103;1;93.05;1
1969;576;110;6;87.41;0
1970;577;106;9;93.64;0
1971;577;107;7;77.21;0
1972;577;105;5;86.64;0
1973;577;117;4;94.29;0
1974;577;111;5;34.02;0
1975;577;112;2;11.48;0
1976;578;115;8;21.03;0
1977;578;104;5;4.07;0
1978;578;105;9;86.64;0
1979;579;109;6;14.81;0
1980;579;101;9;44.35;0
1981;579;116;7;31.81;0
1982;580;109;5;14.81;0
1983;580;113;9;85.64;0
1984;580;110;5;87.41;0
1985;580;115;1;21.03;0
1986;580;114;6;31.92;0
1987;580;103;10;93.05;0
1988;581;103;7;93.05;0
1989;582;104;2;4.07;0
1990;582;111;8;34.02;0
1991;582;113;8;85.64;6
1992;582;117;2;94.29;0
1993;583;101;3;44.35;0
1994;583;117;5;94.29;0
1995;583;110;1;87.41;0
1996;583;103;2;93.05;0
1997;583;114;2;31.92;0
1998;584;102;8;16.63;0
1999;584;115;7;21.03;0
2000;584;103;9;93.05;0
2001;584;108;5;11.73;5
2002;584;116;10;31.81;0
2003;585;118;6;11.11;0
2004;585;110;8;87.41;0
2005;586;104;3;4.07;0
2006;586;110;6;87.41;0
2007;586;112;3;11.48;0
2008;586;103;7;93.05;0
2009;586;117;10;94.29;0
2010;587;114;7;31.92;0
2011;587;111;3;34.02;0
2012;587;116;6;31.81;0
2013;588;117;3;94.29;0
2014;588;102;2;16.63;0
2015;588;101;2;44.35;0
2016;588;116;2;31.81;0
2017;588;114;2;31.92;0
2018;588;118;8;11.11;0
2019;589;102;1;16.63;0
2020;589;108;5;11.73;0
2021;589;112;10;11.48;0
2022;589;111;8;34.02;0
2023;589;114;6;31.92;0
2024;590;109;7;14.81;0
2025;591;106;4;93.64;0
2026;592;118;6;11.11;0
2027;592;117;7;94.29;0
2028;592;105;8;86.64;0
2029;592;114;6;31.92;0
2030;592;106;4;93.64;0
2031;592;104;6;4.07;0
2032;593;107;9;77.21;0
2033;594;108;6;11.73;0
2034;594;101;1;44.35;0
2035;594;111;5;34.02;0
2036;594;116;7;31.81;0
2037;595;112;3;11.48;0
2038;595;113;2;85.64;0
2039;595;101;6;44.35;0
2040;596;114;5;31.92;0
2041;596;111;1;34.02;0
2042;596;109;1;14.81;0
2043;596;118;1;11.11;0
2044;597;115;3;21.03;0
2045;597;112;3;11.48;0
2046;597;105;9;86.64;0
2047;597;110;5;87.41;0
2048;598;109;1;14.81;0
2049;598;115;7;21.03;0
2050;598;113;2;85.64;0
2051;598;107;5;77.21;0
2052;598;110;6;87.41;0
2053;598;105;7;86.64;0
2054;599;112;3;11.48;0
2055;599;111;10;34.02;0
2056;600;110;4;87.41;0
2057;600;111;10;34.02;0
2058;600;102;8;16.63;0
2059;600;106;9;93.64;0
2060;600;118;10;11.11;0
2061;600;114;8;31.92;0
2062;601;113;8;85.64;0
2063;601;104;3;4.07;0
2064;601;118;4;11.11;0
2065;602;107;6;77.21;0
2066;602;109;8;14.81;0
2067;602;118;7;11.11;0
2068;602;115;8;21.03;7
2069;603;106;1;93.64;0
2070;603;109;6;14.81;0
2071;603;118;4;11.11;0
2072;603;107;4;77.21;0
2073;604;102;3;16.63;2
2074;604;112;6;11.48;0
2075;605;111;9;34.02;0
2076;606;106;8;93.64;0
2077;606;110;7;87.41;0
2078;606;105;5;86.64;0
2079;607;107;1;77.21;0
2080;607;115;4;21.03;0
2081;608;110;8;87.41;0
2082;609;106;7;93.64;0
2083;609;101;10;44.35;0
2084;609;110;5;87.41;0
2085;610;118;10;11.11;0
2086;610;103;9;93.05;0
2087;610;111;6;34.02;0
2088;611;107;6;77.21;0
2089;611;117;8;94.29;0
2090;612;110;8;87.41;0
2091;612;117;5;94.29;5
2092;612;103;6;93.05;0
2093;612;101;8;44.35;0
2094;612;116;4;31.81;0
2095;613;105;7;86.64;0
2096;613;118;8;11.11;0
2097;614;116;10;31.81;0
2098;614;101;10;44.35;0
2099;615;109;5;14.81;0
2100;615;101;9;44.35;0
2101;615;116;10;31.81;2
2102;615;102;7;16.63;0
2103;615;107;3;77.21;0
2104;616;114;8;31.92;0
2105;616;111;7;34.02;0
2106;616;103;4;93.05;0
2107;617;108;1;11.73;0
2108;618;108;2;11.73;0
2109;618;102;7;16.63;0
2110;619;107;1;77.21;0
2111;619;102;5;16.63;0
2112;620;107;8;77.21;0
2113;620;102;7;16.63;0
2114;620;117;4;94.29;0
2115;620;112;4;11.48;0
2116;620;110;2;87.41;0
2117;620;116;6;31.81;0
2118;621;103;3;93.05;0
2119;622;117;10;94.29;0
2120;622;102;3;16.63;0
2121;622;104;5;4.07;0
2122;622;101;4;44.35;0
2123;623;105;3;86.64;0
2124;623;112;2;11.48;0
2125;623;115;2;21.03;0
2126;624;113;4;85.64;0
2127;624;110;10;87.41;0
2128;624;101;9;44.35;0
2129;624;114;8;31.92;0
2130;624;106;8;93.64;0
2131;625;113;3;85.64;0
2132;626;117;3;94.29;0
2133;626;104;10;4.07;0
2134;626;107;6;77.21;0
2135;626;102;4;16.63;0
2136;627;103;8;93.05;0
2137;627;109;4;14.81;0
2138;628;101;1;44.35;0
2139;628;104;6;4.07;0
2140;629;107;8;77.21;3
2141;629;113;10;85.64;0
2142;630;103;8;93.05;0
2143;630;118;9;11.11;0
2144;630;108;1;11.73;0
2145;630;106;2;93.64;0
2146;630;110;4;87.41;0
2147;630;107;9;77.21;8
2148;631;116;7;31.81;0
2149;631;110;5;87.41;0
2150;632;108;6;11.73;0
2151;632;107;4;77.21;0
2152;633;115;5;21.03;0
2153;633;105;8;86.64;0
2154;633;117;10;94.29;0
2155;633;104;3;4.07;0
2156;634;113;7;85.64;0
2157;634;109;7;14.81;0
2158;634;102;7;16.63;0
2159;634;116;6;31.81;0
2160;634;104;1;4.07;0
2161;635;106;2;93.64;0
2162;635;102;7;16.63;0
2163;635;116;1;31.81;0
2164;635;112;10;11.48;1
2165;635;115;4;21.03;0
2166;636;107;6;77.21;0
2167;636;118;8;11.11;0
2168;636;112;9;11.48;0
2169;636;109;3;14.81;0
2170;636;102;1;16.63;0
2171;637;112;5;11.48;0
2172;637;116;10;31.81;0
2173;637;118;3;11.11;0
2174;638;106;1;93.64;0
2175;639;110;7;87.41;7
2176;639;114;9;31.92;0
2177;639;103;3;93.05;0
2178;639;111;10;34.02;0
2179;639;112;7;11.48;0
2180;639;116;10;31.81;0
2181;640;117;9;94.29;5
2182;640;114;9;31.92;0
2183;640;106;5;93.64;0
2184;641;112;2;11.48;0
2185;641;116;4;31.81;0
2186;641;113;3;85.64;0
2187;641;110;6;87.41;0
2188;642;103;4;93.05;0
2189;643;113;9;85.64;0
2190;643;105;5;86.64;0
2191;644;103;6;93.05;0
2192;645;111;6;34.02;0
2193;645;117;1;94.29;0
2194;645;101;5;44.35;0
2195;645;115;3;21.03;0
2196;645;116;7;31.81;0
2197;645;106;7;93.64;0
2198;646;103;2;93.05;0
2199;646;107;8;77.21;0
2200;646;112;4;11.48;0
2201;646;114;4;31.92;0
2202;646;110;8;87.41;0
2203;646;116;8;31.81;0
2204;647;115;10;21.03;0
2205;647;109;10;14.81;0
2206;647;105;10;86.64;0
2207;647;102;3;16.63;0
2208;647;111;1;34.02;0
2209;648;104;6;4.07;0
2210;649;109;9;14.81;0
2211;650;108;9;11.73;0
2212;650;109;5;14.81;0
2213;651;110;5;87.41;0
2214;651;113;6;85.64;0
2215;651;115;1;21.03;0
2216;651;103;3;93.05;0
2217;651;109;8;14.81;0
2218;652;118;5;11.11;0
2219;652;107;4;77.21;0
2220;652;116;3;31.81;0
2221;653;107;3;77.21;0
2222;654;108;8;11.73;0
2223;654;117;2;94.29;0
2224;654;101;10;44.35;0
2225;655;110;3;87.41;0
2226;655;117;6;94.29;0
2227;655;107;6;77.21;0
2228;656;109;3;14.81;0
2229;656;104;1;4.07;1
2230;657;115;5;21.03;0
2231;657;102;5;16.63;0
2232;658;110;10;87.41;0
2233;658;109;6;14.81;0
2234;658;113;1;85.64;0
2235;658;115;4;21.03;0
2236;659;107;7;77.21;5
2237;660;110;4;87.41;0
2238;660;114;1;31.92;0
2239;660;104;8;4.07;0
2240;660;111;5;34.02;0
2241;660;116;5;31.81;0
2242;661;117;6;94.29;0
2243;661;118;9;11.11;0
2244;661;104;5;4.07;1
2245;662;105;2;86.64;0
2246;662;118;8;11.11;0
2247;662;117;8;94.29;0
2248;662;108;10;11.73;0
2249;662;102;4;16.63;0
2250;662;115;8;21.03;0
2251;663;113;4;85.64;0
2252;663;118;10;11.11;0
2253;663;102;5;16.63;0
2254;663;116;5;31.81;0
2255;664;105;9;86.64;0
2256;664;116;6;31.81;0
2257;664;114;9;31.92;0
2258;664;101;9;44.35;0
2259;665;108;3;11.73;0
2260;666;113;9;85.64;0
2261;666;115;6;21.03;0
2262;666;101;9;44.35;0
2263;666;118;6;11.11;0
2264;666;112;6;11.48;0
2265;666;110;9;87.41;0
2266;667;108;8;11.73;0
2267;667;105;4;86.64;0
2268;667;118;2;11.11;0
2269;667;110;8;87.41;0
2270;667;107;8;77.21;0
2271;667;102;10;16.63;0
2272;668;106;6;93.64;0
2273;668;103;9;93.05;0
2274;668;117;9;94.29;0
2275;669;107;9;77.21;0
2276;670;103;8;93.05;0
2277;670;107;10;77.21;0
2278;671;101;8;44.35;0
2279;671;117;2;94.29;0
2280;672;118;1;11.11;0
2281;672;106;9;93.64;0
2282;672;101;1;44.35;1
2283;673;112;3;11.48;0
2284;673;105;10;86.64;0
2285;673;111;7;34.02;0
2286;673;103;7;93.05;0
2287;673;106;5;93.64;0
2288;674;112;6;11.48;0
2289;674;109;7;14.81;0
2290;674;104;8;4.07;0
2291;674;106;6;93.64;3
2292;674;108;9;11.73;0
2293;675;107;3;77.21;0
2294;675;102;7;16.63;0
2295;676;117;4;94.29;0
2296;676;108;2;11.73;1
2297;676;112;7;11.48;0
2298;676;104;2;4.07;0
2299;676;106;7;93.64;0
2300;677;107;7;77.21;0
2301;677;110;3;87.41;0
2302;677;118;6;11.11;0
2303;678;113;3;85.64;0
2304;678;105;5;86.64;0
2305;678;102;7;16.63;0
2306;679;104;4;4.07;0
2307;680;106;3;93.64;0
2308;680;107;1;77.21;0
2309;680;114;3;31.92;0
2310;681;103;7;93.05;0
2311;681;115;3;21.03;0
2312;681;110;6;87.41;0
2313;681;106;1;93.64;0
2314;682;110;1;87.41;0
2315;682;105;10;86.64;0
2316;682;117;1;94.29;0
2317;682;106;2;93.64;0
2318;682;103;1;93.05;0
2319;683;107;1;77.21;0
2320;683;117;1;94.29;0
2321;684;101;2;44.35;0
2322;684;103;3;93.05;0
2323;684;115;3;21.03;0
2324;685;118;10;11.11;0
2325;685;108;5;11.73;0
2326;685;113;3;85.64;0
2327;685;115;5;21.03;0
2328;686;110;9;87.41;0
2329;686;117;9;94.29;0
2330;687;115;9;21.03;0
2331;687;114;1;31.92;0
2332;688;107;1;77.21;0
2333;689;103;2;93.05;0
2334;690;118;8;11.11;0
2335;691;103;1;93.05;0
2336;691;115;8;21.03;0
2337;691;113;2;85.64;0
2338;691;118;6;11.11;0
2339;691;104;2;4.07;0
2340;691;116;4;31.81;0
2341;692;107;7;77.21;0
2342;692;103;6;93.05;0
2343;693;110;3;87.41;0
2344;694;114;7;31.92;0
2345;694;115;7;21.03;0
2346;694;105;3;86.64;3
2347;695;118;5;11.11;0
2348;696;108;3;11.73;0
2349;696;103;9;93.05;0
2350;696;114;7;31.92;0
2351;696;111;5;34.02;0
2352;696;113;5;85.64;0
2353;697;103;1;93.05;0
2354;697;105;8;86.64;0
2355;698;118;4;11.11;0
2356;699;105;6;86.64;0
2357;699;113;5;85.64;0
2358;699;114;7;31.92;0
2359;699;116;1;31.81;0
2360;699;104;9;4.07;0
2361;699;101;9;44.35;0
2362;700;102;7;16.63;0
2363;700;109;8;14.81;0
2364;700;113;4;85.64;1
2365;700;116;2;31.81;0
2366;701;103;1;93.05;0
2367;701;108;4;11.73;0
2368;701;118;6;11.11;0
2369;701;111;7;34.02;4
2370;701;101;3;44.35;0
2371;702;105;10;86.64;0
2372;702;102;9;16.63;0
2373;702;111;3;34.02;2
2374;703;105;6;86.64;0
2375;703;112;5;11.48;0
2376;703;109;10;14.81;0
2377;703;103;7;93.05;0
2378;704;117;6;94.29;0
2379;704;112;6;11.48;0
2380;705;107;2;77.21;0
2381;705;113;7;85.64;0
2382;705;101;1;44.35;0
2383;705;112;4;11.48;0
2384;705;114;5;31.92;0
2385;706;105;1;86.64;0
2386;706;110;4;87.41;0
2387;706;117;9;94.29;0
2388;706;108;6;11.73;3
2389;706;115;8;21.03;0
2390;707;107;4;77.21;0
2391;707;116;3;31.81;0
2392;708;115;1;21.03;0
2393;708;106;3;93.64;3
2394;708;104;6;4.07;0
2395;708;110;6;87.41;0
2396;708;107;9;77.21;0
2397;708;114;1;31.92;0
2398;709;118;9;11.11;0
2399;709;107;6;77.21;0
2400;709;116;1;31.81;0
2401;709;111;5;34.02;0
2402;709;104;8;4.07;3
2403;709;113;6;85.64;0
2404;710;113;5;85.64;5
2405;710;103;4;93.05;0
2406;710;111;9;34.02;2
2407;710;116;1;31.81;0
2408;710;104;10;4.07;0
2409;711;108;1;11.73;0
2410;711;116;2;31.81;0
2411;711;109;3;14.81;0
2412;711;110;9;87.41;0
2413;711;114;8;31.92;0
2414;711;115;8;21.03;0
2415;712;111;1;34.02;0
2416;713;107;4;77.21;0
2417;713;103;4;93.05;0
2418;713;111;1;34.02;0
2419;713;102;3;16.63;0
2420;714;102;4;16.63;0
2421;714;105;2;86.64;0
2422;715;103;5;93.05;4
2423;715;116;6;31.81;0
2424;716;108;1;11.73;0
2425;716;118;4;11.11;0
2426;716;103;4;93.05;0
2427;716;109;7;14.81;3
2428;716;114;8;31.92;0
2429;716;110;7;87.41;0
2430;717;102;1;16.63;0
2431;717;114;10;31.92;0
2432;718;104;1;4.07;0
2433;718;112;2;11.48;0
2434;719;114;5;31.92;0
2435;719;110;10;87.41;0
2436;719;116;4;31.81;2
2437;719;112;10;11.48;0
2438;719;108;6;11.73;0
2439;720;115;2;21.03;0
2440;720;110;7;87.41;0
2441;720;109;9;14.81;0
2442;720;116;9;31.81;0
2443;720;103;2;93.05;0
2444;721;106;2;93.64;0
2445;721;113;1;85.64;0
2446;721;104;7;4.07;0
2447;722;111;7;34.02;0
2448;722;116;9;31.81;0
2449;722;101;2;44.35;0
2450;722;110;6;87.41;0
2451;723;104;9;4.07;0
2452;723;101;3;44.35;0
2453;723;115;9;21.03;0
2454;724;117;8;94.29;0
2455;724;116;3;31.81;0
2456;725;103;7;93.05;2
2457;725;101;10;44.35;0
2458;726;116;10;31.81;0
2459;726;106;5;93.64;0
2460;726;115;8;21.03;0
2461;726;102;3;16.63;0
2462;726;113;10;85.64;0
2463;727;104;8;4.07;0
2464;727;108;4;11.73;0
2465;727;111;6;34.02;0
2466;727;106;2;93.64;0
2467;728;113;5;85.64;0
2468;728;108;10;11.73;0
2469;728;103;1;93.05;0
2470;729;117;7;94.29;0
2471;730;115;10;21.03;0
2472;730;109;5;14.81;0
2473;730;108;3;11.73;0
2474;730;106;9;93.64;0
2475;730;102;6;16.63;0
2476;731;106;2;93.64;0
2477;732;116;9;31.81;0
2478;732;103;3;93.05;0
2479;732;115;3;21.03;0
2480;732;110;2;87.41;0
2481;732;111;7;34.02;0
2482;733;112;6;11.48;0
2483;734;114;1;31.92;0
2484;734;116;2;31.81;0
2485;734;104;4;4.07;0
2486;734;103;3;93.05;0
2487;734;106;4;93.64;0
2488;734;115;10;21.03;0
2489;735;105;7;86.64;0
2490;735;113;7;85.64;6
2491;736;107;7;77.21;0
2492;736;111;3;34.02;0
2493;736;105;1;86.64;0
2494;736;110;8;87.41;0
2495;736;115;3;21.03;0
2496;736;117;6;94.29;0
2497;737;112;2;11.48;0
2498;737;101;7;44.35;0
2499;737;117;4;94.29;0
2500;738;115;7;21.03;0
2501;739;104;9;4.07;0
2502;739;109;4;14.81;0
2503;739;103;9;93.05;0
2504;739;107;8;77.21;0
2505;739;105;4;86.64;3
2506;739;116;10;31.81;0
2507;740;117;10;94.29;0
2508;741;114;5;31.92;0
2509;741;116;2;31.81;0
2510;741;112;6;11.48;0
2511;741;107;5;77.21;0
2512;742;118;5;11.11;0
2513;742;116;6;31.81;0
2514;742;114;8;31.92;0
2515;742;112;8;11.48;0
2516;742;109;6;14.81;0
2517;743;104;3;4.07;0
2518;743;111;1;34.02;0
2519;743;113;10;85.64;4
2520;743;114;5;31.92;0
2521;744;117;1;94.29;0
2522;744;102;6;16.63;0
2523;744;103;6;93.05;0
2524;744;113;9;85.64;0
2525;744;111;10;34.02;0
2526;745;103;1;93.05;0
2527;745;101;6;44.35;0
2528;745;111;4;34.02;0
2529;745;108;2;11.73;0
2530;745;112;3;11.48;0
2531;745;116;1;31.81;0
2532;746;111;2;34.02;0
2533;746;107;2;77.21;0
2534;746;118;9;11.11;0
2535;746;112;7;11.48;0
2536;746;102;5;16.63;0
2537;747;103;1;93.05;0
2538;747;114;2;31.92;0
2539;747;111;4;34.02;0
2540;748;116;3;31.81;0
2541;748;114;1;31.92;0
2542;748;107;7;77.21;0
2543;748;113;10;85.64;0
2544;748;115;9;21.03;0
2545;748;110;5;87.41;0
2546;749;101;10;44.35;0
2547;749;108;7;11.73;0
2548;749;116;1;31.81;0
2549;749;112;7;11.48;0
2550;749;104;7;4.07;0
2551;749;110;8;87.41;0
2552;750;103;2;93.05;0
2553;750;117;6;94.29;0
2554;750;105;6;86.64;0
2555;751;104;3;4.07;0
2556;752;115;5;21.03;0
2557;753;116;3;31.81;3
2558;753;111;1;34.02;0
2559;753;117;9;94.29;0
2560;754;108;9;11.73;0
2561;754;104;4;4.07;0
2562;754;115;4;21.03;0
2563;754;118;8;11.11;8
2564;754;111;5;34.02;0
2565;754;114;2;31.92;0
2566;755;118;1;11.11;0
2567;755;105;6;86.64;0
2568;755;108;1;11.73;0
2569;756;108;1;11.73;0
2570;756;104;9;4.07;0
2571;756;103;6;93.05;0
2572;756;110;4;87.41;0
2573;756;106;6;93.64;0
2574;757;106;8;93.64;0
2575;757;103;9;93.05;8
2576;758;116;2;31.81;0
2577;759;113;4;85.64;0
2578;759;109;9;14.81;8
2579;759;114;6;31.92;0
2580;759;117;3;94.29;0
2581;759;115;6;21.03;0
2582;760;106;2;93.64;0
2583;760;110;2;87.41;0
2584;760;117;5;94.29;0
2585;760;118;9;11.11;0
2586;761;110;10;87.41;0
2587;761;111;7;34.02;0
2588;761;104;6;4.07;0
2589;762;111;2;34.02;0
2590;762;117;3;94.29;0
2591;762;102;2;16.63;0
2592;763;107;4;77.21;0
2593;763;105;9;86.64;0
2594;763;103;6;93.05;6
2595;763;109;4;14.81;0
2596;763;104;3;4.07;0
2597;764;106;2;93.64;0
2598;764;114;10;31.92;0
2599;764;107;4;77.21;0
2600;765;114;8;31.92;0
2601;765;117;5;94.29;0
2602;765;106;8;93.64;0
2603;765;115;2;21.03;0
2604;765;111;1;34.02;0
2605;765;107;1;77.21;0
2606;766;115;7;21.03;0
2607;766;117;1;94.29;0
2608;766;118;1;11.11;0
2609;766;111;1;34.02;0
2610;766;104;2;4.07;0
2611;767;101;7;44.35;0
2612;767;102;3;16.63;0
2613;767;104;6;4.07;0
2614;767;107;7;77.21;0
2615;767;109;10;14.81;0
2616;767;113;2;85.64;2
2617;768;104;10;4.07;0
2618;768;106;2;93.64;0
2619;768;113;8;85.64;0
2620;768;117;2;94.29;0
2621;768;112;2;11.48;0
2622;769;109;8;14.81;0
2623;769;107;7;77.21;0
2624;769;117;1;94.29;0
2625;769;114;7;31.92;0
2626;770;101;6;44.35;0
2627;771;103;9;93.05;0
2628;771;102;10;16.63;0
2629;771;105;8;86.64;0
2630;771;115;10;21.03;0
2631;771;113;10;85.64;0
2632;771;106;8;93.64;0
2633;772;105;2;86.64;0
2634;772;102;7;16.63;0
2635;772;101;7;44.35;0
2636;772;112;9;11.48;0
2637;773;118;4;11.11;0
2638;773;103;10;93.05;4
2639;773;113;1;85.64;0
2640;773;101;6;44.35;3
2641;774;117;3;94.29;0
2642;774;109;4;14.81;0
2643;775;101;10;44.35;0
2644;775;112;6;11.48;4
2645;775;106;2;93.64;0
2646;775;117;1;94.29;0
2647;776;116;7;31.81;0
2648;776;109;8;14.81;0
2649;776;114;4;31.92;0
2650;777;104;1;4.07;0
2651;777;113;5;85.64;0
2652;777;101;9;44.35;0
2653;777;112;9;11.48;0
2654;777;118;3;11.11;0
2655;778;112;10;11.48;0
2656;779;108;7;11.73;0
2657;780;117;1;94.29;0
2658;781;101;8;44.35;0
2659;781;108;3;11.73;0
2660;781;104;6;4.07;0
2661;782;110;4;87.41;0
2662;782;109;4;14.81;0
2663;782;105;8;86.64;0
2664;783;108;5;11.73;0
2665;783;115;7;21.03;0
2666;783;103;3;93.05;0
2667;783;113;8;85.64;0
2668;784;115;7;21.03;0
2669;784;107;3;77.21;0
2670;784;117;6;94.29;0
2671;784;110;1;87.41;0
2672;785;107;5;77.21;0
2673;786;110;4;87.41;0
2674;786;117;3;94.29;0
2675;786;114;4;31.92;0
2676;787;112;3;11.48;0
2677;788;113;8;85.64;0
2678;788;107;1;77.21;0
2679;788;114;6;31.92;0
2680;788;110;3;87.41;0
2681;789;114;5;31.92;0
2682;789;112;7;11.48;0
2683;789;118;8;11.11;0
2684;789;108;1;11.73;0
2685;789;109;5;14.81;0
2686;789;111;9;34.02;0
2687;790;115;3;21.03;0
2688;790;118;8;11.11;0
2689;790;110;9;87.41;0
2690;790;103;4;93.05;0
2691;791;108;10;11.73;0
2692;791;105;10;86.64;0
2693;791;111;9;34.02;0
2694;792;116;9;31.81;0
2695;792;102;5;16.63;0
2696;792;111;9;34.02;0
2697;793;103;1;93.05;0
2698;793;115;5;21.03;0
2699;794;110;10;87.41;0
2700;794;109;4;14.81;0
2701;795;112;1;11.48;0
2702;795;116;9;31.81;0
2703;795;115;8;21.03;0
2704;796;107;6;77.21;0
2705;796;112;9;11.48;0
2706;796;103;3;93.05;0
2707;796;114;2;31.92;0
2708;796;106;10;93.64;0
2709;796;118;6;11.11;0
2710;797;105;1;86.64;0
2711;797;115;1;21.03;0
2712;797;113;9;85.64;0
2713;798;101;7;44.35;0
2714;798;114;8;31.92;0
2715;798;111;7;34.02;0
2716;799;110;2;87.41;0
2717;799;108;5;11.73;0
2718;799;111;1;34.02;0
2719;799;114;3;31.92;0
2720;799;106;4;93.64;0
2721;800;117;2;94.29;0
2722;800;115;4;21.03;0
2723;800;104;6;4.07;0
2724;800;118;10;11.11;0
2725;800;105;4;86.64;0
2726;801;101;9;44.35;0
2727;801;108;8;11.73;0
2728;801;107;5;77.21;0
2729;801;104;1;4.07;0
2730;801;111;3;34.02;0
2731;802;112;8;11.48;0
2732;802;115;8;21.03;0
2733;802;103;3;93.05;0
2734;802;111;5;34.02;0
2735;803;118;9;11.11;0
2736;803;109;6;14.81;0
2737;804;107;6;77.21;1
2738;804;101;6;44.35;0
2739;804;115;4;21.03;0
2740;805;106;10;93.64;0
2741;805;118;6;11.11;0
2742;806;115;5;21.03;0
2743;806;112;7;11.48;0
2744;806;108;9;11.73;0
2745;806;114;3;31.92;0
2746;806;111;7;34.02;0
2747;806;118;5;11.11;0
2748;807;118;9;11.11;0
2749;807;109;6;14.81;0
2750;808;106;10;93.64;0
2751;808;112;4;11.48;0
2752;808;102;9;16.63;0
2753;808;116;1;31.81;0
2754;808;107;9;77.21;0
2755;809;117;9;94.29;0
2756;810;113;7;85.64;0
2757;810;118;3;11.11;0
2758;811;111;7;34.02;0
2759;811;102;6;16.63;0
2760;811;117;10;94.29;0
2761;811;109;8;14.81;0
2762;812;118;4;11.11;0
2763;812;111;6;34.02;0
2764;812;105;7;86.64;0
2765;812;117;1;94.29;0
2766;812;110;10;87.41;0
2767;812;109;9;14.81;0
2768;813;109;5;14.81;0
2769;813;108;8;11.73;0
2770;814;103;1;93.05;0
2771;814;115;1;21.03;0
2772;814;113;1;85.64;0
2773;815;104;2;4.07;0
2774;815;107;1;77.21;0
2775;815;103;1;93.05;0
2776;815;112;3;11.48;0
2777;816;117;4;94.29;1
2778;817;116;8;31.81;0
2779;817;101;8;44.35;0
2780;817;107;5;77.21;0
2781;817;104;10;4.07;0
2782;817;117;10;94.29;0
2783;818;113;7;85.64;0
2784;819;114;10;31.92;0
2785;820;110;2;87.41;0
2786;820;102;7;16.63;0
2787;820;112;2;11.48;0
2788;820;105;6;86.64;0
2789;820;118;1;11.11;0
2790;820;108;9;11.73;0
2791;821;107;8;77.21;0
2792;821;102;2;16.63;0
2793;821;108;10;11.73;6
2794;821;109;10;14.81;0
2795;821;117;2;94.29;0
2796;821;115;6;21.03;0
2797;822;115;3;21.03;3
2798;822;116;1;31.81;0
2799;822;117;10;94.29;0
2800;822;111;7;34.02;0
2801;823;110;9;87.41;0
2802;823;111;10;34.02;0
2803;824;103;6;93.05;0
2804;824;109;8;14.81;0
2805;824;114;6;31.92;4
2806;824;101;4;44.35;0
2807;825;116;3;31.81;0
2808;825;114;8;31.92;0
2809;826;117;6;94.29;0
2810;826;118;6;11.11;0
2811;827;104;3;4.07;0
2812;827;113;1;85.64;0
2813;828;102;1;16.63;0
2814;828;117;2;94.29;0
2815;829;110;4;87.41;0
2816;829;117;10;94.29;0
2817;829;112;1;11.48;0
2818;830;113;9;85.64;0
2819;830;112;9;11.48;0
2820;830;118;9;11.11;0
2821;830;116;6;31.81;6
2822;830;104;7;4.07;0
2823;831;113;7;85.64;0
2824;831;110;4;87.41;0
2825;831;111;2;34.02;0
2826;831;118;10;11.11;0
2827;831;108;9;11.73;0
2828;831;116;10;31.81;0
2829;832;116;4;31.81;0
2830;832;107;6;77.21;0
2831;833;103;1;93.05;0
2832;834;116;4;31.81;0
2833;834;109;4;14.81;0
2834;834;102;7;16.63;0
2835;834;103;7;93.05;0
2836;834;118;1;11.11;0
2837;834;115;8;21.03;0
2838;835;102;4;16.63;0
2839;835;109;6;14.81;0
2840;835;116;9;31.81;0
2841;835;103;3;93.05;0
2842;836;110;10;87.41;1
2843;837;106;6;93.64;0
2844;837;115;9;21.03;7
2845;838;110;8;87.41;0
2846;838;117;2;94.29;0
2847;838;102;6;16.63;0
2848;838;108;10;11.73;0
2849;838;115;9;21.03;0
2850;839;101;7;44.35;0
2851;839;106;9;93.64;0
2852;839;103;2;93.05;0
2853;840;117;7;94.29;0
2854;840;116;6;31.81;0
2855;840;107;8;77.21;0
2856;840;104;3;4.07;0
2857;840;115;6;21.03;0
2858;840;108;10;11.73;0
2859;841;116;1;31.81;0
2860;841;108;7;11.73;0
2861;841;103;1;93.05;0
2862;841;118;10;11.11;0
2863;841;115;1;21.03;0
2864;841;109;10;14.81;0
2865;842;109;10;14.81;0
2866;842;110;10;87.41;0
2867;842;115;8;21.03;0
2868;843;106;7;93.64;0
2869;843;102;2;16.63;0
2870;844;102;9;16.63;0
2871;844;109;2;14.81;0
2872;844;108;8;11.73;0
2873;844;110;8;87.41;0
2874;844;114;10;31.92;0
2875;845;104;5;4.07;0
2876;846;117;6;94.29;0
2877;846;118;7;11.11;0
2878;846;116;1;31.81;0
2879;846;113;3;85.64;0
2880;846;110;8;87.41;0
2881;847;113;4;85.64;0
2882;847;107;3;77.21;0
2883;847;115;1;21.03;1
2884;847;108;4;11.73;0
2885;848;118;2;11.11;0
2886;848;116;6;31.81;0
2887;848;113;2;85.64;0
2888;848;103;1;93.05;0
2889;849;116;9;31.81;0
2890;849;111;2;34.02;0
2891;849;115;6;21.03;0
2892;850;109;7;14.81;0
2893;850;105;4;86.64;0
2894;850;117;7;94.29;0
2895;851;116;7;31.81;0
2896;851;113;8;85.64;0
2897;851;115;9;21.03;0
2898;851;105;8;86.64;0
2899;852;113;3;85.64;0
2900;853;109;2;14.81;0
2901;854;113;8;85.64;0
2902;855;110;7;87.41;0
2903;855;107;8;77.21;0
2904;855;103;2;93.05;0
2905;855;102;10;16.63;0
2906;856;111;2;34.02;0
2907;856;104;10;4.07;0
2908;856;110;1;87.41;0
2909;856;113;8;85.64;0
2910;857;115;3;21.03;0
2911;857;116;5;31.81;0
2912;857;108;1;11.73;0
2913;858;111;10;34.02;0
2914;858;101;5;44.35;0
2915;858;106;6;93.64;0
2916;858;108;8;11.73;0
2917;858;109;10;14.81;8
2918;858;118;10;11.11;0
2919;859;114;8;31.92;0
2920;859;110;10;87.41;0
2921;860;104;1;4.07;0
2922;860;107;8;77.21;8
2923;860;106;4;93.64;0
2924;861;114;7;31.92;0
2925;861;108;10;11.73;0
2926;862;116;10;31.81;0
2927;863;114;8;31.92;0
2928;863;106;6;93.64;0
2929;863;118;9;11.11;0
2930;863;115;2;21.03;0
2931;863;102;6;16.63;0
2932;864;104;8;4.07;0
2933;865;106;2;93.64;0
2934;865;118;3;11.11;0
2935;865;111;7;34.02;0
2936;865;116;3;31.81;0
2937;865;114;3;31.92;0
2938;866;117;6;94.29;0
2939;866;106;4;93.64;0
2940;866;108;3;11.73;0
2941;866;102;4;16.63;0
2942;867;101;9;44.35;0
2943;868;105;8;86.64;0
2944;868;117;3;94.29;0
2945;868;104;10;4.07;0
2946;868;112;10;11.48;0
2947;868;111;10;34.02;0
2948;869;118;8;11.11;0
2949;869;111;8;34.02;0
2950;869;110;2;87.41;0
2951;869;113;6;85.64;0
2952;870;112;8;11.48;0
2953;870;108;1;11.73;0
2954;870;113;9;85.64;0
2955;870;103;4;93.05;0
2956;870;117;7;94.29;0
2957;871;114;9;31.92;0
2958;872;101;1;44.35;0
2959;873;105;10;86.64;0
2960;873;111;10;34.02;0
2961;873;117;1;94.29;0
2962;873;102;9;16.63;0
2963;874;111;1;34.02;0
2964;874;105;7;86.64;7
2965;874;104;10;4.07;0
2966;874;112;10;11.48;0
2967;875;115;5;21.03;0
2968;875;114;5;31.92;0
2969;875;110;6;87.41;0
2970;875;103;3;93.05;0
2971;875;118;5;11.11;0
2972;875;109;1;14.81;1
2973;876;109;9;14.81;0
2974;876;117;5;94.29;0
2975;876;114;10;31.92;0
2976;876;101;3;44.35;0
2977;876;107;7;77.21;0
2978;877;114;10;31.92;0
2979;877;113;3;85.64;0
2980;877;110;5;87.41;0
2981;878;112;10;11.48;0
2982;878;106;7;93.64;0
2983;878;111;8;34.02;0
2984;878;108;2;11.73;0
2985;879;116;1;31.81;0
2986;879;113;3;85.64;0
2987;879;107;8;77.21;0
2988;879;110;5;87.41;0
2989;879;115;1;21.03;0
2990;880;113;6;85.64;0
2991;880;101;1;44.35;0
2992;881;115;5;21.03;0
2993;881;106;7;93.64;0
2994;881;107;6;77.21;0
2995;881;109;5;14.81;0
2996;881;112;8;11.48;0
2997;882;102;2;16.63;0
2998;882;117;3;94.29;0
2999;882;106;4;93.64;0
3000;882;116;1;31.81;0
3001;883;105;8;86.64;0
3002;883;104;4;4.07;0
3003;883;118;6;11.11;0
3004;883;115;6;21.03;0
3005;883;111;8;34.02;0
3006;883;109;1;14.81;0
3007;884;118;5;11.11;0
3008;884;115;1;21.03;0
3009;885;110;8;87.41;0
3010;885;112;7;11.48;0
3011;885;105;8;86.64;0
3012;885;117;8;94.29;0
3013;885;115;4;21.03;0
3014;886;101;6;44.35;0
3015;886;110;5;87.41;0
3016;886;106;1;93.64;0
3017;886;115;3;21.03;0
3018;886;118;2;11.11;0
3019;887;102;8;16.63;0
3020;887;116;4;31.81;0
3021;887;103;3;93.05;0
3022;887;113;8;85.64;0
3023;888;110;8;87.41;0
3024;888;107;6;77.21;0
3025;889;103;10;93.05;0
3026;889;110;9;87.41;0
3027;889;117;8;94.29;0
3028;889;106;2;93.64;0
3029;890;107;3;77.21;0
3030;890;116;1;31.81;0
3031;890;103;5;93.05;0
3032;890;112;2;11.48;0
3033;890;104;1;4.07;0
3034;891;106;4;93.64;0
3035;891;101;9;44.35;0
3036;891;114;3;31.92;0
3037;892;107;6;77.21;0
3038;892;114;4;31.92;0
3039;892;103;6;93.05;0
3040;892;108;5;11.73;0
3041;892;118;9;11.11;0
3042;892;106;6;93.64;0
3043;893;115;6;21.03;0
3044;893;109;3;14.81;0
3045;893;117;10;94.29;0
3046;893;112;6;11.48;0
3047;893;104;2;4.07;0
3048;894;107;1;77.21;0
3049;894;106;10;93.64;0
3050;894;104;2;4.07;0
3051;894;112;6;11.48;0
3052;894;116;8;31.81;0
3053;894;103;8;93.05;0
3054;895;114;3;31.92;0
3055;895;107;9;77.21;0
3056;896;117;10;94.29;0
3057;896;111;7;34.02;0
3058;896;108;1;11.73;0
3059;896;116;6;31.81;0
3060;896;101;7;44.35;0
3061;897;112;10;11.48;0
3062;897;110;10;87.41;3
3063;897;116;6;31.81;0
3064;897;115;7;21.03;0
3065;897;105;1;86.64;0
3066;898;115;9;21.03;0
3067;898;105;1;86.64;0
3068;898;106;4;93.64;1
3069;899;106;8;93.64;4
3070;899;103;5;93.05;0
3071;899;114;2;31.92;0
3072;899;105;4;86.64;0
3073;899;118;9;11.11;0
3074;899;109;6;14.81;0
3075;900;115;2;21.03;0
3076;901;109;1;14.81;0
3077;901;101;10;44.35;0
3078;901;108;4;11.73;0
3079;901;110;4;87.41;0
3080;901;105;5;86.64;0
3081;901;104;10;4.07;0
3082;902;115;6;21.03;0
3083;902;117;5;94.29;0
3084;902;107;5;77.21;0
3085;902;111;10;34.02;0
3086;902;103;3;93.05;0
3087;902;113;2;85.64;0
3088;903;102;8;16.63;0
3089;903;111;5;34.02;0
3090;903;114;7;31.92;0
3091;904;116;4;31.81;0
3092;905;116;2;31.81;0
3093;905;117;3;94.29;0
3094;905;105;3;86.64;0
3095;905;109;4;14.81;0
3096;905;101;2;44.35;0
3097;905;108;7;11.73;0
3098;906;116;4;31.81;0
3099;906;118;6;11.11;0
3100;906;109;6;14.81;0
3101;907;116;8;31.81;0
3102;907;111;1;34.02;0
3103;907;102;10;16.63;0
3104;908;101;9;44.35;0
3105;908;112;2;11.48;0
3106;908;106;8;93.64;0
3107;909;115;10;21.03;0
3108;909;109;10;14.81;0
3109;909;111;4;34.02;0
3110;910;109;1;14.81;0
3111;911;105;10;86.64;0
3112;911;108;10;11.73;0
3113;911;116;10;31.81;0
3114;911;110;6;87.41;0
3115;912;107;4;77.21;0
3116;912;112;4;11.48;0
3117;912;116;7;31.81;0
3118;912;106;7;93.64;0
3119;912;109;3;14.81;0
3120;913;112;9;11.48;0
3121;913;105;9;86.64;0
3122;914;107;8;77.21;0
3123;914;103;6;93.05;0
3124;915;116;9;31.81;0
3125;915;115;7;21.03;0
3126;915;117;10;94.29;0
3127;915;106;2;93.64;0
3128;915;105;3;86.64;0
3129;915;107;9;77.21;0
3130;916;105;6;86.64;0
3131;916;106;3;93.64;0
3132;916;114;9;31.92;0
3133;917;110;4;87.41;0
3134;917;102;5;16.63;0
3135;917;101;5;44.35;0
3136;917;117;5;94.29;0
3137;917;112;3;11.48;0
3138;918;107;8;77.21;0
3139;918;103;10;93.05;0
3140;918;117;3;94.29;0
3141;919;112;5;11.48;0
3142;920;115;8;21.03;0
3143;920;113;10;85.64;0
3144;920;106;8;93.64;0
3145;920;118;2;11.11;1
3146;921;102;9;16.63;0
3147;922;106;3;93.64;0
3148;922;104;4;4.07;0
3149;923;118;2;11.11;0
3150;924;107;2;77.21;0
3151;924;108;9;11.73;0
3152;924;112;8;11.48;0
3153;925;108;8;11.73;0
3154;925;114;7;31.92;0
3155;925;104;5;4.07;0
3156;926;105;9;86.64;0
3157;926;114;2;31.92;0
3158;926;115;5;21.03;0
3159;926;106;8;93.64;0
3160;926;104;4;4.07;0
3161;927;106;9;93.64;0
3162;927;102;8;16.63;0
3163;927;109;10;14.81;0
3164;928;114;2;31.92;0
3165;929;112;4;11.48;2
3166;929;107;3;77.21;0
3167;929;106;1;93.64;0
3168;930;110;9;87.41;0
3169;930;101;5;44.35;0
3170;930;114;1;31.92;0
3171;930;116;8;31.81;0
3172;930;111;1;34.02;0
3173;931;112;10;11.48;0
3174;931;107;1;77.21;0
3175;931;115;7;21.03;0
3176;931;101;1;44.35;1
3177;931;102;2;16.63;0
3178;932;108;10;11.73;0
3179;932;104;5;4.07;0
3180;932;110;2;87.41;0
3181;932;115;8;21.03;0
3182;932;112;10;11.48;0
3183;932;117;5;94.29;0
3184;933;112;7;11.48;0
3185;933;109;1;14.81;0
3186;933;118;3;11.11;0
3187;933;102;5;16.63;0
3188;934;107;5;77.21;0
3189;934;118;8;11.11;0
3190;934;114;9;31.92;0
3191;934;103;7;93.05;0
3192;934;116;7;31.81;0
3193;934;102;7;16.63;0
3194;935;118;6;11.11;0
3195;935;114;10;31.92;0
3196;935;105;8;86.64;0
3197;935;108;8;11.73;0
3198;935;103;3;93.05;0
3199;935;104;1;4.07;0
3200;936;106;9;93.64;2
3201;936;109;8;14.81;0
3202;936;116;1;31.81;1
3203;936;113;6;85.64;0
3204;937;113;6;85.64;0
3205;937;104;7;4.07;0
3206;938;113;6;85.64;0
3207;938;104;4;4.07;0
3208;938;103;3;93.05;0
3209;938;102;7;16.63;0
3210;938;101;9;44.35;0
3211;938;109;6;14.81;0
3212;939;109;3;14.81;0
3213;939;106;8;93.64;0
3214;940;116;3;31.81;0
3215;940;110;7;87.41;0
3216;940;103;9;93.05;0
3217;941;110;9;87.41;0
3218;941;112;7;11.48;0
3219;941;108;2;11.73;0
3220;941;101;7;44.35;0
3221;941;104;5;4.07;0
3222;942;111;4;34.02;0
3223;942;115;3;21.03;0
3224;942;108;6;11.73;0
3225;942;112;10;11.48;0
3226;942;117;4;94.29;0
3227;942;103;6;93.05;0
3228;943;118;7;11.11;0
3229;943;116;9;31.81;0
3230;943;105;5;86.64;0
3231;944;101;9;44.35;0
3232;945;107;6;77.21;0
3233;945;113;8;85.64;0
3234;945;116;5;31.81;0
3235;945;105;6;86.64;0
3236;945;117;6;94.29;0
3237;946;101;10;44.35;0
3238;946;112;9;11.48;0
3239;946;118;2;11.11;0
3240;946;105;8;86.64;0
3241;946;116;8;31.81;0
3242;946;111;3;34.02;0
3243;947;106;3;93.64;0
3244;947;113;4;85.64;0
3245;947;101;1;44.35;0
3246;947;108;4;11.73;0
3247;947;117;7;94.29;0
3248;947;116;2;31.81;0
3249;948;117;10;94.29;0
3250;948;113;8;85.64;0
3251;948;109;2;14.81;2
3252;948;102;5;16.63;0
3253;948;106;7;93.64;0
3254;948;112;7;11.48;0
3255;949;103;2;93.05;0
3256;949;108;4;11.73;4
3257;949;111;4;34.02;0
3258;949;118;8;11.11;0
3259;949;114;4;31.92;0
3260;950;111;6;34.02;0
3261;950;109;1;14.81;0
3262;950;113;7;85.64;0
3263;950;103;5;93.05;0
3264;950;105;4;86.64;0
3265;950;115;6;21.03;0
3266;951;109;10;14.81;0
3267;952;105;1;86.64;0
3268;952;104;8;4.07;0
3269;952;102;10;16.63;0
3270;952;110;4;87.41;0
3271;953;101;2;44.35;0
3272;954;118;6;11.11;0
3273;954;110;7;87.41;0
3274;954;117;1;94.29;0
3275;954;102;7;16.63;0
3276;954;106;7;93.64;0
3277;954;103;8;93.05;0
3278;955;116;3;31.81;0
3279;955;105;6;86.64;0
3280;955;118;5;11.11;0
3281;955;104;2;4.07;0
3282;956;101;4;44.35;0
3283;956;118;3;11.11;0
3284;956;104;10;4.07;0
3285;956;106;3;93.64;0
3286;956;108;10;11.73;8
3287;957;110;4;87.41;1
3288;958;105;9;86.64;0
3289;958;113;8;85.64;0
3290;958;115;7;21.03;0
3291;958;104;4;4.07;0
3292;958;116;4;31.81;0
3293;958;102;9;16.63;0
3294;959;105;10;86.64;0
3295;959;106;6;93.64;0
3296;959;109;4;14.81;0
3297;959;112;8;11.48;0
3298;959;102;4;16.63;0
3299;959;113;8;85.64;0
3300;960;101;10;44.35;0
3301;960;106;8;93.64;0
3302;960;105;10;86.64;0
3303;960;116;7;31.81;0
3304;961;109;5;14.81;0
3305;961;104;7;4.07;0
3306;961;111;10;34.02;0
3307;961;110;4;87.41;0
3308;961;115;8;21.03;0
3309;962;107;5;77.21;0
3310;963;107;9;77.21;0
3311;964;109;2;14.81;0
3312;965;111;1;34.02;0
3313;965;115;7;21.03;0
3314;965;117;5;94.29;0
3315;965;110;10;87.41;0
3316;965;108;5;11.73;0
3317;965;107;9;77.21;0
3318;966;109;1;14.81;0
3319;966;107;4;77.21;0
3320;966;108;3;11.73;0
3321;967;118;8;11.11;0
3322;967;115;9;21.03;0
3323;967;105;1;86.64;0
3324;968;112;3;11.48;0
3325;968;109;10;14.81;0
3326;969;105;2;86.64;0
3327;969;114;2;31.92;0
3328;969;108;6;11.73;0
3329;969;116;4;31.81;0
3330;970;117;7;94.29;0
3331;970;116;10;31.81;0
3332;970;107;8;77.21;0
3333;971;113;5;85.64;0
3334;971;117;9;94.29;7
3335;971;101;1;44.35;0
3336;971;106;1;93.64;0
3337;971;115;7;21.03;0
3338;971;110;3;87.41;0
3339;972;106;3;93.64;0
3340;972;109;1;14.81;0
3341;972;105;10;86.64;0
3342;972;117;10;94.29;0
3343;972;118;2;11.11;0
3344;973;112;9;11.48;0
3345;974;118;2;11.11;0
3346;975;117;1;94.29;0
3347;975;106;2;93.64;0
3348;975;110;5;87.41;0
3349;975;101;2;44.35;0
3350;975;104;2;4.07;2
3351;976;114;7;31.92;0
3352;977;117;5;94.29;0
3353;978;107;3;77.21;0
3354;978;112;3;11.48;0
3355;978;118;1;11.11;0
3356;978;106;6;93.64;5
3357;979;108;3;11.73;0
3358;980;106;1;93.64;0
3359;980;108;7;11.73;0
3360;980;111;6;34.02;0
3361;980;109;3;14.81;0
3362;980;113;5;85.64;0
3363;981;103;1;93.05;0
3364;982;113;8;85.64;0
3365;982;112;9;11.48;0
3366;982;109;5;14.81;0
3367;983;107;6;77.21;0
3368;983;105;2;86.64;0
3369;983;106;5;93.64;0
3370;984;113;1;85.64;0
3371;984;105;3;86.64;2
3372;984;108;8;11.73;0
3373;984;110;10;87.41;0
3374;984;104;10;4.07;0
3375;984;117;3;94.29;0
3376;985;101;3;44.35;0
3377;985;117;6;94.29;0
3378;985;105;6;86.64;0
3379;985;113;2;85.64;0
3380;985;103;8;93.05;0
3381;985;110;1;87.41;0
3382;986;102;4;16.63;0
3383;986;103;9;93.05;0
3384;986;118;5;11.11;0
3385;986;106;2;93.64;0
3386;987;101;7;44.35;0
3387;987;118;8;11.11;0
3388;987;108;1;11.73;0
3389;988;113;9;85.64;0
3390;989;112;4;11.48;2
3391;989;111;2;34.02;1
3392;989;104;5;4.07;0
3393;989;110;3;87.41;0
3394;990;112;9;11.48;0
3395;991;114;1;31.92;0
3396;991;117;5;94.29;0
3397;991;101;2;44.35;0
3398;991;109;7;14.81;0
3399;992;110;6;87.41;0
3400;993;111;9;34.02;0
3401;993;110;2;87.41;0
3402;993;116;7;31.81;0
3403;993;117;9;94.29;0
3404;993;106;3;93.64;0
3405;994;114;5;31.92;0
3406;994;109;5;14.81;0
3407;994;110;1;87.41;0
3408;994;104;4;4.07;0
3409;994;115;5;21.03;0
3410;995;111;6;34.02;0
3411;995;115;4;21.03;0
3412;995;103;4;93.05;0
3413;995;117;9;94.29;0
3414;996;115;6;21.03;0
3415;996;104;8;4.07;6
3416;996;118;5;11.11;0
3417;996;113;3;85.64;0
3418;996;114;2;31.92;0
3419;996;101;4;44.35;0
3420;997;111;6;34.02;0
3421;997;110;3;87.41;0
3422;997;105;4;86.64;0
3423;997;104;7;4.07;0
3424;998;110;2;87.41;0
3425;998;102;5;16.63;0
3426;998;111;4;34.02;0
3427;998;115;6;21.03;0
3428;999;118;10;11.11;0
3429;999;110;4;87.41;0
3430;1000;103;4;93.05;4
3431;1000;110;6;87.41;0
3432;1001;118;7;11.11;0
3433;1001;110;7;87.41;0
3434;1002;104;4;4.07;0
3435;1002;110;5;87.41;0
3436;1002;109;2;14.81;0
3437;1003;101;5;44.35;0
3438;1003;109;10;14.81;0
3439;1004;115;10;21.03;0
3440;1004;112;8;11.48;0
3441;1004;107;8;77.21;0
3442;1005;103;9;93.05;0
3443;1006;114;3;31.92;0
3444;1006;118;5;11.11;0
3445;1006;108;5;11.73;0
3446;1007;101;5;44.35;0
3447;1007;107;9;77.21;0
3448;1007;108;9;11.73;0
3449;1008;111;9;34.02;0
3450;1008;103;10;93.05;0
3451;1009;105;7;86.64;0
3452;1009;101;9;44.35;0
3453;1009;103;1;93.05;0
3454;1009;118;5;11.11;0
3455;1010;112;8;11.48;0
3456;1010;101;4;44.35;0
3457;1010;114;5;31.92;0
3458;1010;102;4;16.63;0
3459;1010;108;7;11.73;0
3460;1010;104;5;4.07;0
3461;1011;106;4;93.64;1
3462;1011;105;4;86.64;0
3463;1011;108;7;11.73;0
3464;1011;118;6;11.11;1
3465;1011;104;4;4.07;0
3466;1011;103;5;93.05;0
3467;1012;114;9;31.92;0
3468;1013;102;6;16.63;0
3469;1013;112;10;11.48;0
3470;1013;118;2;11.11;0
3471;1013;101;6;44.35;0
3472;1013;105;2;86.64;0
3473;1013;107;8;77.21;0
3474;1014;101;3;44.35;0
3475;1014;117;10;94.29;0
3476;1014;102;10;16.63;0
3477;1014;106;9;93.64;0
3478;1014;114;4;31.92;0
3479;1014;112;2;11.48;0
3480;1015;117;10;94.29;0
3481;1015;115;6;21.03;0
3482;1015;112;1;11.48;0
3483;1015;101;7;44.35;0
3484;1015;104;3;4.07;0
3485;1016;109;5;14.81;0
3486;1016;117;4;94.29;0
3487;1016;101;3;44.35;0
3488;1016;102;1;16.63;0
3489;1017;114;8;31.92;0
3490;1017;105;1;86.64;0
3491;1017;106;7;93.64;0
3492;1018;102;3;16.63;0
3493;1018;106;10;93.64;0
3494;1018;114;8;31.92;0
3495;1019;112;10;11.48;0
3496;1019;102;1;16.63;0
3497;1019;103;10;93.05;0
3498;1020;113;1;85.64;0
3499;1020;105;9;86.64;0
3500;1020;114;5;31.92;5
3501;1020;108;3;11.73;0
3502;1020;101;2;44.35;0
3503;1021;116;3;31.81;0
3504;1021;112;7;11.48;0
3505;1022;110;8;87.41;0
3506;1022;114;4;31.92;0
3507;1022;104;9;4.07;0
3508;1022;112;9;11.48;0
3509;1023;113;3;85.64;0
3510;1023;103;7;93.05;0
3511;1023;111;8;34.02;6
3512;1023;107;6;77.21;0
3513;1024;112;3;11.48;0
3514;1024;105;4;86.64;0
3515;1024;113;3;85.64;0
3516;1024;115;10;21.03;0
3517;1024;117;5;94.29;0
3518;1025;111;2;34.02;0
3519;1026;106;10;93.64;0
3520;1026;110;6;87.41;0
3521;1026;117;2;94.29;0
3522;1026;101;9;44.35;0
3523;1026;112;6;11.48;0
3524;1026;115;1;21.03;0
3525;1027;118;6;11.11;0
3526;1027;113;8;85.64;0
3527;1027;116;8;31.81;0
3528;1028;116;10;31.81;0
3529;1028;104;9;4.07;0
3530;1028;118;8;11.11;0
3531;1028;103;1;93.05;0
3532;1029;112;10;11.48;0
3533;1029;105;8;86.64;0
3534;1030;102;8;16.63;0
3535;1030;109;9;14.81;0
3536;1030;108;9;11.73;0
3537;1030;118;10;11.11;0
3538;1030;112;9;11.48;0
3539;1031;110;4;87.41;0
3540;1031;117;5;94.29;0
3541;1031;105;5;86.64;0
3542;1031;114;7;31.92;0
3543;1031;109;5;14.81;0
3544;1031;106;9;93.64;0
3545;1032;110;2;87.41;1
3546;1032;106;2;93.64;0
3547;1032;117;7;94.29;0
3548;1032;112;9;11.48;0
3549;1032;118;3;11.11;0
3550;1033;113;7;85.64;0
3551;1034;117;3;94.29;0
3552;1034;110;9;87.41;0
3553;1034;109;3;14.81;0
3554;1034;103;3;93.05;0
3555;1035;117;3;94.29;2
3556;1035;105;2;86.64;0
3557;1036;110;9;87.41;0
3558;1036;101;2;44.35;0
3559;1037;101;8;44.35;0
3560;1037;114;10;31.92;0
3561;1037;117;7;94.29;0
3562;1037;108;4;11.73;0
3563;1037;107;10;77.21;0
3564;1037;104;1;4.07;0
3565;1038;101;9;44.35;0
3566;1038;118;6;11.11;0
3567;1038;106;4;93.64;0
3568;1038;110;10;87.41;0
3569;1038;114;6;31.92;0
3570;1038;104;9;4.07;0
3571;1039;101;4;44.35;0
3572;1039;111;1;34.02;0
3573;1040;105;2;86.64;0
3574;1040;118;8;11.11;0
3575;1041;112;1;11.48;0
3576;1041;111;7;34.02;0
3577;1041;108;3;11.73;0
3578;1041;103;8;93.05;0
3579;1042;107;2;77.21;0
3580;1043;107;8;77.21;0
3581;1043;111;10;34.02;0
3582;1043;112;7;11.48;0
3583;1044;110;4;87.41;0
3584;1044;109;10;14.81;0
3585;1044;105;4;86.64;0
3586;1044;106;1;93.64;1
3587;1044;111;9;34.02;0
3588;1044;117;2;94.29;0
3589;1045;118;4;11.11;0
3590;1045;107;4;77.21;0
3591;1045;102;3;16.63;0
3592;1046;104;5;4.07;0
3593;1046;106;1;93.64;0
3594;1046;118;4;11.11;0
3595;1046;115;7;21.03;0
3596;1047;107;4;77.21;0
3597;1047;101;7;44.35;0
3598;1048;109;6;14.81;0
3599;1048;103;10;93.05;0
3600;1049;106;10;93.64;0
3601;1049;117;3;94.29;0
3602;1050;107;7;77.21;0
3603;1051;116;7;31.81;0
3604;1051;111;8;34.02;0
3605;1051;110;1;87.41;0
3606;1051;103;1;93.05;0
3607;1051;105;7;86.64;0
3608;1051;108;1;11.73;0
3609;1052;111;5;34.02;0
3610;1052;115;10;21.03;0
3611;1052;105;3;86.64;0
3612;1052;103;2;93.05;0
3613;1052;104;5;4.07;0
3614;1052;116;4;31.81;0
3615;1053;116;2;31.81;0
3616;1053;107;7;77.21;0
3617;1053;102;1;16.63;0
3618;1053;118;6;11.11;0
3619;1054;116;2;31.81;0
3620;1054;113;6;85.64;0
3621;1055;106;2;93.64;0
3622;1055;111;9;34.02;0
3623;1055;116;5;31.81;0
3624;1055;102;2;16.63;0
3625;1055;113;8;85.64;0
3626;1056;102;9;16.63;0
3627;1056;118;2;11.11;0
3628;1056;114;6;31.92;0
3629;1057;105;3;86.64;0
3630;1057;106;4;93.64;0
3631;1058;107;8;77.21;0
3632;1058;113;4;85.64;0
3633;1058;116;4;31.81;0
3634;1059;118;10;11.11;0
3635;1059;105;8;86.64;0
3636;1059;102;3;16.63;0
3637;1060;109;9;14.81;0
3638;1060;108;1;11.73;0
3639;1060;112;7;11.48;0
3640;1061;112;5;11.48;0
3641;1061;101;7;44.35;0
3642;1061;110;1;87.41;0
3643;1061;113;10;85.64;0
3644;1062;111;3;34.02;0
3645;1062;101;9;44.35;0
3646;1062;118;4;11.11;0
3647;1062;110;9;87.41;0
3648;1063;109;6;14.81;0
3649;1063;107;9;77.21;0
3650;1064;103;10;93.05;0
3651;1064;107;9;77.21;0
3652;1065;113;2;85.64;0
3653;1065;116;4;31.81;0
3654;1065;105;7;86.64;0
3655;1065;104;10;4.07;0
3656;1065;103;3;93.05;0
3657;1066;105;6;86.64;0
3658;1067;107;8;77.21;0
3659;1067;110;7;87.41;6
3660;1067;117;1;94.29;0
3661;1067;102;10;16.63;0
3662;1067;103;9;93.05;0
3663;1068;104;10;4.07;0
3664;1068;110;6;87.41;0
3665;1068;115;9;21.03;0
3666;1068;118;3;11.11;0
3667;1069;104;9;4.07;0
3668;1069;108;7;11.73;0
3669;1069;106;9;93.64;0
3670;1070;104;10;4.07;0
3671;1070;112;7;11.48;0
3672;1070;103;5;93.05;0
3673;1070;109;10;14.81;0
3674;1070;110;6;87.41;0
3675;1070;108;1;11.73;0
3676;1071;105;3;86.64;0
3677;1071;112;7;11.48;0
3678;1071;117;9;94.29;0
3679;1071;108;9;11.73;0
3680;1072;112;2;11.48;0
3681;1072;103;9;93.05;0
3682;1072;110;4;87.41;0
3683;1072;106;5;93.64;0
3684;1072;111;9;34.02;0
3685;1073;115;7;21.03;0
3686;1073;111;6;34.02;0
3687;1073;112;10;11.48;0
3688;1074;115;10;21.03;0
3689;1074;117;3;94.29;0
3690;1075;115;9;21.03;0
3691;1075;117;5;94.29;0
3692;1075;107;1;77.21;0
3693;1076;103;4;93.05;0
3694;1076;113;4;85.64;0
3695;1076;107;4;77.21;0
3696;1076;105;3;86.64;0
3697;1076;116;3;31.81;0
3698;1077;103;7;93.05;0
3699;1077;116;7;31.81;0
3700;1077;102;9;16.63;0
3701;1077;114;7;31.92;0
3702;1078;118;8;11.11;0
3703;1078;113;5;85.64;0
3704;1079;116;6;31.81;0
3705;1079;111;2;34.02;0
3706;1079;113;7;85.64;0
3707;1079;103;3;93.05;0
3708;1079;109;2;14.81;0
3709;1080;105;1;86.64;0
3710;1080;117;7;94.29;0
3711;1080;114;9;31.92;0
3712;1080;106;1;93.64;0
3713;1080;115;1;21.03;0
3714;1080;102;2;16.63;0
3715;1081;112;10;11.48;9
3716;1081;102;10;16.63;0
3717;1081;109;2;14.81;0
3718;1081;106;10;93.64;0
3719;1082;102;10;16.63;0
3720;1082;108;4;11.73;0
3721;1082;110;10;87.41;0
3722;1083;102;3;16.63;0
3723;1083;110;1;87.41;0
3724;1083;107;7;77.21;0
3725;1083;111;8;34.02;0
3726;1083;108;7;11.73;0
3727;1084;114;1;31.92;0
3728;1084;105;6;86.64;0
3729;1085;105;7;86.64;7
3730;1085;111;1;34.02;0
3731;1085;101;5;44.35;0
3732;1085;107;8;77.21;0
3733;1085;102;8;16.63;0
3734;1086;104;1;4.07;0
3735;1086;103;3;93.05;0
3736;1086;106;10;93.64;0
3737;1086;108;7;11.73;2
3738;1087;115;8;21.03;0
3739;1087;105;4;86.64;0
3740;1087;103;4;93.05;0
3741;1088;112;5;11.48;0
3742;1088;107;3;77.21;0
3743;1088;104;5;4.07;0
3744;1088;109;10;14.81;0
3745;1088;110;3;87.41;0
3746;1088;106;4;93.64;0
3747;1089;118;9;11.11;0
3748;1089;102;8;16.63;0
3749;1089;106;6;93.64;0
3750;1090;118;9;11.11;0
3751;1090;117;7;94.29;0
3752;1090;105;9;86.64;0
3753;1090;102;8;16.63;0
3754;1090;106;4;93.64;0
3755;1091;117;2;94.29;0
3756;1091;101;9;44.35;0
3757;1091;104;9;4.07;1
3758;1091;103;10;93.05;0
3759;1091;105;8;86.64;0
3760;1092;114;5;31.92;0
3761;1092;113;2;85.64;0
3762;1092;103;3;93.05;0
3763;1092;118;6;11.11;0
3764;1092;117;10;94.29;0
3765;1092;107;10;77.21;0
3766;1093;111;1;34.02;0
3767;1093;115;2;21.03;0
3768;1093;117;2;94.29;0
3769;1093;116;2;31.81;0
3770;1094;111;8;34.02;0
3771;1094;106;3;93.64;0
3772;1095;112;1;11.48;0
3773;1095;117;5;94.29;0
3774;1095;113;4;85.64;0
3775;1095;116;4;31.81;0
3776;1096;101;1;44.35;0
3777;1096;116;5;31.81;0
3778;1097;109;5;14.81;0
3779;1098;118;9;11.11;0
3780;1098;109;9;14.81;0
3781;1098;115;10;21.03;0
3782;1098;117;4;94.29;0
3783;1098;108;5;11.73;0
3784;1098;111;10;34.02;0
3785;1099;113;8;85.64;0
3786;1099;111;1;34.02;0
3787;1099;105;7;86.64;0
3788;1099;102;1;16.63;0
3789;1099;112;2;11.48;0
3790;1099;101;3;44.35;0
3791;1100;103;8;93.05;0
3792;1100;104;1;4.07;0
3793;1100;116;5;31.81;0
3794;1100;101;4;44.35;0
3795;1101;113;5;85.64;0
3796;1101;115;6;21.03;0
3797;1101;111;1;34.02;0
3798;1101;116;1;31.81;0
3799;1101;112;7;11.48;0
3800;1102;118;2;11.11;0
3801;1102;107;2;77.21;0
3802;1102;111;8;34.02;0
3803;1102;110;4;87.41;0
3804;1103;103;8;93.05;0
3805;1103;113;5;85.64;0
3806;1103;109;8;14.81;0
3807;1103;102;2;16.63;0
3808;1104;115;4;21.03;0
3809;1104;112;7;11.48;0
3810;1104;111;2;34.02;0
3811;1104;117;3;94.29;0
3812;1104;106;7;93.64;0
3813;1104;110;9;87.41;0
3814;1105;103;9;93.05;0
3815;1105;113;8;85.64;0
3816;1105;110;2;87.41;0
3817;1105;102;9;16.63;0
3818;1105;101;4;44.35;0
3819;1105;106;1;93.64;0
3820;1106;105;6;86.64;0
3821;1106;103;4;93.05;0
3822;1106;113;2;85.64;0
3823;1106;111;4;34.02;0
3824;1106;109;5;14.81;0
3825;1107;101;1;44.35;0
3826;1107;117;7;94.29;0
3827;1108;111;7;34.02;0
3828;1108;101;4;44.35;0
3829;1108;117;9;94.29;0
3830;1108;107;8;77.21;0
3831;1108;102;10;16.63;0
3832;1108;114;3;31.92;0
3833;1109;108;9;11.73;0
3834;1109;103;2;93.05;0
3835;1109;112;9;11.48;0
3836;1109;116;2;31.81;0
3837;1110;113;10;85.64;0
3838;1110;112;6;11.48;0
3839;1111;104;3;4.07;3
3840;1111;108;10;11.73;0
3841;1111;103;5;93.05;0
3842;1111;116;4;31.81;0
3843;1111;118;1;11.11;0
3844;1111;105;6;86.64;0
3845;1112;112;9;11.48;0
3846;1112;104;4;4.07;0
3847;1112;111;4;34.02;0
3848;1112;102;6;16.63;0
3849;1113;114;7;31.92;0
3850;1113;118;9;11.11;0
3851;1113;112;2;11.48;0
3852;1113;113;3;85.64;0
3853;1113;117;3;94.29;0
3854;1114;105;7;86.64;0
3855;1114;113;6;85.64;0
3856;1114;111;8;34.02;0
3857;1115;106;4;93.64;0
3858;1115;111;1;34.02;0
3859;1116;111;1;34.02;0
3860;1116;106;3;93.64;0
3861;1117;118;1;11.11;0
3862;1117;113;10;85.64;0
3863;1117;115;6;21.03;0
3864;1118;106;3;93.64;0
3865;1118;117;6;94.29;0
3866;1118;118;8;11.11;0
3867;1118;105;10;86.64;0
3868;1118;115;2;21.03;0
3869;1119;101;7;44.35;0
3870;1119;116;10;31.81;0
3871;1119;112;4;11.48;0
3872;1119;105;4;86.64;0
3873;1120;111;8;34.02;0
3874;1120;113;9;85.64;8
3875;1121;116;6;31.81;0
3876;1121;111;7;34.02;0
3877;1121;113;9;85.64;0
3878;1121;103;2;93.05;0
3879;1121;104;3;4.07;2
3880;1122;109;8;14.81;0
3881;1122;106;5;93.64;0
3882;1122;102;3;16.63;0
3883;1122;117;1;94.29;0
3884;1122;114;6;31.92;0
3885;1123;105;2;86.64;0
3886;1123;103;8;93.05;0
3887;1123;116;2;31.81;0
3888;1123;114;3;31.92;0
3889;1123;111;5;34.02;0
3890;1124;104;1;4.07;0
3891;1124;108;7;11.73;0
3892;1124;112;7;11.48;0
3893;1124;105;10;86.64;0
3894;1124;106;6;93.64;0
3895;1124;113;4;85.64;0
3896;1125;116;4;31.81;0
3897;1125;107;9;77.21;0
3898;1125;112;5;11.48;0
3899;1126;108;8;11.73;0
3900;1127;114;10;31.92;0
3901;1127;116;3;31.81;0
3902;1127;101;1;44.35;0
3903;1128;104;8;4.07;0
3904;1128;118;8;11.11;0
3905;1129;112;6;11.48;0
3906;1129;117;7;94.29;0
3907;1129;110;10;87.41;0
3908;1130;110;3;87.41;1
3909;1130;112;9;11.48;0
3910;1131;103;3;93.05;0
3911;1131;101;3;44.35;0
3912;1131;115;7;21.03;0
3913;1131;114;10;31.92;0
3914;1132;111;7;34.02;0
3915;1132;116;2;31.81;1
3916;1132;113;8;85.64;0
3917;1132;105;10;86.64;0
3918;1133;114;7;31.92;0
3919;1133;107;9;77.21;0
3920;1133;105;4;86.64;2
3921;1133;104;1;4.07;0
3922;1133;109;5;14.81;0
3923;1134;101;10;44.35;7
3924;1135;106;1;93.64;0
3925;1135;117;10;94.29;0
3926;1135;114;2;31.92;0
3927;1135;107;7;77.21;0
3928;1135;113;6;85.64;0
3929;1135;105;3;86.64;0
3930;1136;110;7;87.41;0
3931;1136;118;8;11.11;0
3932;1137;110;10;87.41;0
3933;1137;111;4;34.02;0
3934;1137;114;3;31.92;0
3935;1137;103;8;93.05;0
3936;1138;107;4;77.21;0
3937;1138;103;5;93.05;0
3938;1138;104;7;4.07;0
3939;1138;102;1;16.63;0
3940;1138;113;8;85.64;0
3941;1138;115;4;21.03;0
3942;1139;105;4;86.64;0
3943;1139;108;4;11.73;0
3944;1140;114;9;31.92;0
3945;1140;112;7;11.48;0
3946;1140;116;2;31.81;0
3947;1140;111;5;34.02;0
3948;1140;107;3;77.21;0
3949;1141;118;1;11.11;0
3950;1141;112;2;11.48;0
3951;1141;105;6;86.64;0
3952;1141;103;5;93.05;0
3953;1141;109;4;14.81;0
3954;1141;107;7;77.21;0
3955;1142;105;4;86.64;0
3956;1143;109;2;14.81;0
3957;1143;118;3;11.11;0
3958;1143;111;8;34.02;0
3959;1143;101;7;44.35;0
3960;1144;110;2;87.41;0
3961;1144;109;7;14.81;0
3962;1144;114;10;31.92;0
3963;1145;101;8;44.35;0
3964;1145;111;10;34.02;0
3965;1145;116;3;31.81;0
3966;1145;114;7;31.92;0
3967;1145;107;4;77.21;0
3968;1146;101;5;44.35;0
3969;1146;117;3;94.29;0
3970;1147;103;8;93.05;0
3971;1147;118;2;11.11;0
3972;1147;112;1;11.48;1
3973;1147;109;7;14.81;0
3974;1148;118;3;11.11;0
3975;1148;107;10;77.21;0
3976;1148;114;7;31.92;0
3977;1148;105;1;86.64;0
3978;1148;115;1;21.03;0
3979;1148;111;10;34.02;0
3980;1149;112;5;11.48;0
3981;1149;103;3;93.05;0
3982;1149;104;5;4.07;0
3983;1150;110;8;87.41;0
3984;1151;116;6;31.81;0
3985;1151;104;8;4.07;0
3986;1151;114;4;31.92;0
3987;1152;113;4;85.64;0
3988;1152;104;2;4.07;2
3989;1152;101;8;44.35;0
3990;1152;107;10;77.21;0
3991;1153;110;7;87.41;2
3992;1154;117;3;94.29;0
3993;1154;115;2;21.03;0
3994;1154;112;4;11.48;0
3995;1154;116;10;31.81;0
3996;1154;106;5;93.64;0
3997;1155;116;8;31.81;0
3998;1155;107;3;77.21;1
3999;1156;116;3;31.81;0
4000;1156;109;3;14.81;0
4001;1156;117;6;94.29;0
4002;1156;118;4;11.11;0
4003;1156;102;7;16.63;0
4004;1156;111;1;34.02;0
4005;1157;101;6;44.35;0
4006;1157;104;3;4.07;0
4007;1157;103;9;93.05;0
4008;1157;107;2;77.21;0
4009;1158;110;2;87.41;0
4010;1158;104;3;4.07;0
4011;1158;116;8;31.81;0
4012;1158;115;8;21.03;0
4013;1158;111;1;34.02;0
4014;1158;117;5;94.29;0
4015;1159;118;3;11.11;0
4016;1159;104;4;4.07;0
4017;1159;115;6;21.03;0
4018;1160;117;8;94.29;0
4019;1161;113;3;85.64;0
4020;1161;110;9;87.41;0
4021;1161;117;4;94.29;0
4022;1162;116;5;31.81;0
4023;1162;107;3;77.21;0
4024;1162;110;7;87.41;0
4025;1162;102;1;16.63;0
4026;1162;114;5;31.92;0
4027;1162;104;5;4.07;0
4028;1163;116;6;31.81;0
4029;1163;104;9;4.07;0
4030;1163;109;8;14.81;0
4031;1163;110;10;87.41;0
4032;1163;114;3;31.92;0
4033;1164;106;5;93.64;0
4034;1164;111;7;34.02;0
4035;1164;102;1;16.63;0
4036;1165;113;5;85.64;0
4037;1165;114;8;31.92;0
4038;1166;107;3;77.21;0
4039;1166;106;7;93.64;0
4040;1166;110;7;87.41;0
4041;1166;112;7;11.48;0
4042;1166;105;10;86.64;0
4043;1167;113;8;85.64;0
4044;1167;105;1;86.64;0
4045;1167;102;9;16.63;0
4046;1167;111;2;34.02;0
4047;1168;103;7;93.05;0
4048;1168;101;5;44.35;0
4049;1168;109;6;14.81;0
4050;1168;113;5;85.64;0
4051;1168;116;3;31.81;0
4052;1169;114;2;31.92;0
4053;1169;113;8;85.64;0
4054;1169;109;5;14.81;0
4055;1169;110;1;87.41;0
4056;1169;112;2;11.48;0
4057;1169;108;6;11.73;0
4058;1170;117;3;94.29;0
4059;1170;105;1;86.64;0
4060;1170;114;1;31.92;0
4061;1171;116;7;31.81;0
4062;1172;109;4;14.81;0
4063;1172;115;5;21.03;0
4064;1172;113;1;85.64;0
4065;1172;107;1;77.21;0
4066;1173;101;9;44.35;0
4067;1174;114;7;31.92;0
4068;1174;112;10;11.48;0
4069;1174;111;10;34.02;0
4070;1174;102;2;16.63;0
4071;1174;117;1;94.29;1
4072;1175;107;7;77.21;0
4073;1175;103;1;93.05;0
4074;1176;101;4;44.35;0
4075;1176;104;8;4.07;0
4076;1176;107;1;77.21;0
4077;1176;117;5;94.29;0
4078;1177;107;4;77.21;0
4079;1177;102;8;16.63;0
4080;1177;104;4;4.07;0
4081;1177;118;3;11.11;0
4082;1178;116;7;31.81;0
4083;1178;101;5;44.35;0
4084;1178;115;10;21.03;0
4085;1179;102;9;16.63;0
4086;1179;116;7;31.81;0
4087;1180;118;9;11.11;6
4088;1180;117;8;94.29;0
4089;1180;108;10;11.73;0
4090;1181;101;9;44.35;0
4091;1181;115;8;21.03;0
4092;1181;118;9;11.11;0
4093;1181;111;2;34.02;0
4094;1182;103;3;93.05;0
4095;1183;107;4;77.21;0
4096;1184;113;9;85.64;0
4097;1184;103;8;93.05;0
4098;1184;109;1;14.81;0
4099;1184;101;10;44.35;0
4100;1185;108;6;11.73;0
4101;1185;118;4;11.11;0
4102;1185;113;8;85.64;0
4103;1185;104;5;4.07;0
4104;1186;106;2;93.64;0
4105;1187;118;9;11.11;0
4106;1188;108;8;11.73;0
4107;1188;110;1;87.41;0
4108;1189;113;8;85.64;0
4109;1190;107;3;77.21;0
4110;1190;114;3;31.92;0
4111;1190;118;6;11.11;0
4112;1191;114;7;31.92;0
4113;1191;109;1;14.81;0
4114;1192;115;4;21.03;0
4115;1192;108;2;11.73;0
4116;1192;105;10;86.64;0
4117;1193;105;8;86.64;0
4118;1193;115;6;21.03;0
4119;1193;116;7;31.81;0
4120;1194;107;5;77.21;0
4121;1195;110;2;87.41;0
4122;1195;113;5;85.64;0
4123;1195;102;7;16.63;0
4124;1195;101;9;44.35;0
4125;1195;106;7;93.64;0
4126;1195;104;7;4.07;0
4127;1196;101;2;44.35;0
4128;1196;110;4;87.41;0
4129;1196;102;1;16.63;0
4130;1196;103;8;93.05;0
4131;1196;114;9;31.92;0
4132;1196;112;7;11.48;0
4133;1197;116;5;31.81;0
4134;1197;112;5;11.48;0
4135;1198;115;7;21.03;0
4136;1198;114;1;31.92;1
4137;1198;112;1;11.48;0
4138;1198;106;2;93.64;0
4139;1199;116;2;31.81;0
4140;1199;118;4;11.11;0
4141;1199;106;10;93.64;0
4142;1199;108;7;11.73;0
4143;1199;115;4;21.03;0
4144;1199;102;6;16.63;0
4145;1200;103;8;93.05;0
4146;1200;110;2;87.41;0
4147;1201;110;6;87.41;1
4148;1202;111;6;34.02;0
4149;1202;102;10;16.63;0
4150;1202;117;9;94.29;5
4151;1202;103;9;93.05;0
4152;1202;115;1;21.03;0
4153;1202;106;4;93.64;0
4154;1203;109;1;14.81;0
4155;1204;107;5;77.21;0
4156;1204;105;4;86.64;0
4157;1205;117;6;94.29;0
4158;1205;113;5;85.64;0
4159;1205;107;2;77.21;0
4160;1205;118;10;11.11;0
4161;1205;112;7;11.48;0
4162;1205;109;6;14.81;3
4163;1206;102;2;16.63;0
4164;1207;117;4;94.29;0
4165;1208;101;7;44.35;0
4166;1208;114;6;31.92;0
4167;1208;103;1;93.05;0
4168;1209;103;2;93.05;0
4169;1209;106;9;93.64;0
4170;1209;109;9;14.81;0
4171;1209;104;7;4.07;0
4172;1209;110;7;87.41;0
4173;1210;116;8;31.81;0
4174;1210;106;3;93.64;0
4175;1210;105;1;86.64;0
4176;1210;118;8;11.11;0
4177;1211;104;7;4.07;0
4178;1211;109;5;14.81;0
4179;1212;101;4;44.35;0
4180;1212;116;10;31.81;0
4181;1212;109;9;14.81;0
4182;1212;104;3;4.07;0
4183;1213;118;9;11.11;0
4184;1214;110;6;87.41;0
4185;1214;103;10;93.05;0
4186;1214;116;1;31.81;0
4187;1214;113;9;85.64;0
4188;1214;104;5;4.07;0
4189;1215;104;5;4.07;0
4190;1215;103;8;93.05;0
4191;1215;113;7;85.64;0
4192;1215;115;5;21.03;0
4193;1215;118;4;11.11;0
4194;1215;101;3;44.35;0
4195;1216;107;6;77.21;0
4196;1216;108;3;11.73;0
4197;1216;117;6;94.29;0
4198;1216;109;8;14.81;0
4199;1217;102;6;16.63;0
4200;1217;105;9;86.64;0
4201;1218;114;2;31.92;0
4202;1218;117;9;94.29;0
4203;1218;107;1;77.21;0
4204;1218;116;5;31.81;0
4205;1218;108;7;11.73;0
4206;1218;106;9;93.64;0
4207;1219;112;4;11.48;0
4208;1219;107;9;77.21;0
4209;1220;104;7;4.07;0
4210;1220;114;4;31.92;0
4211;1220;110;1;87.41;0
4212;1220;115;4;21.03;0
4213;1221;112;7;11.48;0
4214;1221;106;1;93.64;0
4215;1221;104;1;4.07;0
4216;1221;111;7;34.02;0
4217;1221;115;8;21.03;0
4218;1222;113;2;85.64;0
4219;1223;111;10;34.02;0
4220;1223;108;10;11.73;0
4221;1223;118;9;11.11;0
4222;1223;105;1;86.64;0
4223;1223;112;10;11.48;0
4224;1224;114;5;31.92;0
4225;1224;103;9;93.05;0
4226;1224;118;8;11.11;0
4227;1224;101;6;44.35;0
4228;1224;104;8;4.07;0
4229;1224;108;5;11.73;0
4230;1225;104;1;4.07;0
4231;1225;108;7;11.73;0
4232;1225;115;2;21.03;0
4233;1226;103;1;93.05;0
4234;1226;112;10;11.48;0
4235;1227;107;4;77.21;0
4236;1227;116;8;31.81;0
4237;1227;110;7;87.41;0
4238;1227;105;1;86.64;0
4239;1228;109;4;14.81;0
4240;1229;113;9;85.64;0
4241;1229;110;2;87.41;0
4242;1229;112;10;11.48;0
4243;1230;102;2;16.63;2
4244;1230;105;5;86.64;0
4245;1230;104;9;4.07;0
4246;1231;110;9;87.41;0
4247;1231;114;10;31.92;0
4248;1231;107;1;77.21;0
4249;1232;117;10;94.29;5
4250;1232;118;1;11.11;0
4251;1233;118;7;11.11;0
4252;1234;105;10;86.64;0
4253;1234;115;5;21.03;0
4254;1235;115;10;21.03;0
4255;1235;105;5;86.64;0
4256;1235;101;5;44.35;3
4257;1235;117;10;94.29;0
4258;1235;106;4;93.64;0
4259;1236;107;9;77.21;0
4260;1237;118;3;11.11;0
4261;1237;110;4;87.41;0
4262;1238;105;5;86.64;0
4263;1238;117;9;94.29;0
4264;1238;113;3;85.64;0
4265;1238;101;5;44.35;0
4266;1239;106;3;93.64;0
4267;1239;107;10;77.21;0
4268;1239;108;6;11.73;0
4269;1239;116;3;31.81;0
4270;1239;109;9;14.81;0
4271;1239;118;8;11.11;0
4272;1240;109;10;14.81;0
4273;1240;115;6;21.03;0
4274;1240;114;8;31.92;0
4275;1241;115;3;21.03;0
4276;1242;106;9;93.64;0
4277;1242;116;2;31.81;1
4278;1242;113;7;85.64;0
4279;1243;112;5;11.48;0
4280;1243;101;3;44.35;0
4281;1243;103;9;93.05;0
4282;1243;104;5;4.07;0
4283;1243;114;5;31.92;0
4284;1244;101;1;44.35;0
4285;1244;118;10;11.11;0
4286;1244;111;4;34.02;0
4287;1244;108;10;11.73;0
4288;1244;116;2;31.81;2
4289;1245;117;5;94.29;0
4290;1245;101;10;44.35;0
4291;1245;109;3;14.81;0
4292;1246;109;1;14.81;0
4293;1246;117;9;94.29;0
4294;1246;112;4;11.48;0
4295;1246;118;4;11.11;0
4296;1246;102;3;16.63;0
4297;1247;108;1;11.73;0
4298;1247;116;6;31.81;0
4299;1248;112;1;11.48;0
4300;1248;107;4;77.21;0
4301;1248;103;4;93.05;0
4302;1249;108;8;11.73;0
4303;1249;103;2;93.05;0
4304;1249;112;5;11.48;0
4305;1249;101;3;44.35;0
4306;1249;106;6;93.64;0
4307;1250;110;8;87.41;0
4308;1251;117;8;94.29;0
4309;1251;103;9;93.05;0
4310;1251;108;9;11.73;0
4311;1251;109;4;14.81;0
4312;1252;107;6;77.21;0
4313;1252;108;10;11.73;0
4314;1252;116;8;31.81;0
4315;1252;103;9;93.05;0
4316;1252;109;6;14.81;0
4317;1252;118;3;11.11;0
4318;1253;109;10;14.81;0
4319;1254;107;6;77.21;0
4320;1254;106;2;93.64;0
4321;1254;118;9;11.11;0
4322;1254;115;1;21.03;0
4323;1254;117;5;94.29;3
4324;1254;110;7;87.41;0
4325;1255;113;9;85.64;0
4326;1255;105;6;86.64;0
4327;1255;115;6;21.03;0
4328;1255;101;6;44.35;0
4329;1256;109;7;14.81;0
4330;1256;115;2;21.03;0
4331;1256;103;7;93.05;0
4332;1256;102;6;16.63;0
4333;1256;113;7;85.64;0
4334;1256;105;7;86.64;0
4335;1257;101;2;44.35;0
4336;1257;104;9;4.07;0
4337;1257;103;5;93.05;0
4338;1258;107;2;77.21;0
4339;1258;103;9;93.05;0
4340;1258;111;10;34.02;0
4341;1258;102;9;16.63;0
4342;1258;113;4;85.64;0
4343;1259;108;8;11.73;0
4344;1259;113;3;85.64;0
4345;1260;109;6;14.81;0
4346;1260;111;7;34.02;1
4347;1260;118;10;11.11;0
4348;1260;107;8;77.21;0
4349;1260;106;10;93.64;0
4350;1260;105;7;86.64;0
4351;1261;108;7;11.73;0
4352;1261;114;6;31.92;0
4353;1261;112;1;11.48;0
4354;1262;103;4;93.05;0
4355;1263;117;2;94.29;0
4356;1263;102;8;16.63;0
4357;1264;110;3;87.41;0
4358;1264;108;10;11.73;0
4359;1264;117;5;94.29;0
4360;1264;109;7;14.81;0
4361;1264;116;10;31.81;0
4362;1265;102;1;16.63;0
4363;1265;114;1;31.92;0
4364;1265;103;3;93.05;0
4365;1265;101;2;44.35;0
4366;1265;107;2;77.21;0
4367;1266;111;2;34.02;0
4368;1266;103;1;93.05;0
4369;1266;112;5;11.48;0
4370;1266;113;8;85.64;0
4371;1266;109;2;14.81;0
4372;1266;110;9;87.41;0
4373;1267;107;1;77.21;0
4374;1267;101;5;44.35;0
4375;1267;113;7;85.64;0
4376;1268;106;8;93.64;0
4377;1268;113;1;85.64;0
4378;1268;101;10;44.35;0
4379;1268;103;8;93.05;0
4380;1268;118;10;11.11;0
4381;1269;103;2;93.05;0
4382;1269;116;8;31.81;0
4383;1269;108;4;11.73;0
4384;1269;102;3;16.63;0
4385;1270;103;1;93.05;0
4386;1270;105;5;86.64;0
4387;1270;117;1;94.29;1
4388;1270;116;10;31.81;0
4389;1270;102;9;16.63;0
4390;1270;114;6;31.92;0
4391;1271;114;2;31.92;0
4392;1271;106;1;93.64;0
4393;1271;111;9;34.02;0
4394;1271;102;1;16.63;0
4395;1271;109;5;14.81;0
4396;1272;112;10;11.48;0
4397;1273;118;9;11.11;0
4398;1273;101;4;44.35;0
4399;1273;104;4;4.07;0
4400;1273;109;9;14.81;0
4401;1273;108;3;11.73;0
4402;1274;105;9;86.64;0
4403;1274;107;6;77.21;0
4404;1274;118;1;11.11;0
4405;1275;105;9;86.64;0
4406;1275;107;6;77.21;6
4407;1275;114;10;31.92;0
4408;1275;118;10;11.11;0
4409;1275;106;5;93.64;0
4410;1275;111;7;34.02;0
4411;1276;111;2;34.02;0
4412;1277;103;3;93.05;0
4413;1278;118;2;11.11;0
4414;1279;104;2;4.07;0
4415;1280;106;8;93.64;0
4416;1280;109;7;14.81;0
4417;1280;114;7;31.92;0
4418;1280;110;1;87.41;0
4419;1281;116;3;31.81;0
4420;1282;111;9;34.02;0
4421;1282;115;3;21.03;0
4422;1282;113;6;85.64;0
4423;1282;112;2;11.48;0
4424;1283;118;8;11.11;0
4425;1284;104;10;4.07;0
4426;1284;117;3;94.29;1
4427;1284;114;3;31.92;0
4428;1284;115;3;21.03;0
4429;1285;110;8;87.41;0
4430;1285;104;4;4.07;0
4431;1285;114;3;31.92;0
4432;1285;112;10;11.48;0
4433;1286;101;2;44.35;0
4434;1287;116;5;31.81;0
4435;1288;115;4;21.03;0
4436;1288;114;9;31.92;0
4437;1289;117;8;94.29;0
4438;1289;111;8;34.02;0
4439;1289;106;7;93.64;0
4440;1289;113;1;85.64;0
4441;1290;114;1;31.92;0
4442;1290;111;4;34.02;0
4443;1290;104;6;4.07;0
4444;1290;116;9;31.81;0
4445;1290;103;9;93.05;0
4446;1291;112;4;11.48;0
4447;1291;114;8;31.92;0
4448;1291;106;2;93.64;0
4449;1292;116;3;31.81;0
4450;1293;114;1;31.92;0
4451;1293;103;2;93.05;2
4452;1294;110;3;87.41;0
4453;1294;112;10;11.48;0
4454;1294;111;9;34.02;0
4455;1294;101;6;44.35;0
4456;1294;104;8;4.07;0
4457;1294;109;2;14.81;0
4458;1295;112;7;11.48;0
4459;1296;118;10;11.11;0
4460;1296;104;4;4.07;0
4461;1296;109;3;14.81;0
4462;1296;103;10;93.05;0
4463;1296;117;4;94.29;0
4464;1296;106;7;93.64;0
4465;1297;107;5;77.21;3
4466;1297;118;1;11.11;0
4467;1298;108;7;11.73;0
4468;1298;118;6;11.11;6
4469;1299;111;6;34.02;0
4470;1300;117;8;94.29;0
4471;1301;111;6;34.02;0
4472;1301;109;9;14.81;0
4473;1301;115;6;21.03;0
4474;1301;112;6;11.48;0
4475;1302;104;8;4.07;0
4476;1302;101;2;44.35;0
4477;1302;108;5;11.73;0
4478;1302;118;1;11.11;0
4479;1302;116;5;31.81;0
4480;1303;110;4;87.41;0
4481;1304;102;1;16.63;0
4482;1305;115;5;21.03;0
4483;1306;117;10;94.29;0
4484;1306;103;9;93.05;0
4485;1306;118;2;11.11;0
4486;1306;104;2;4.07;0
4487;1307;107;10;77.21;0
4488;1307;103;8;93.05;0
4489;1307;109;3;14.81;0
4490;1307;114;4;31.92;0
4491;1308;107;7;77.21;0
4492;1308;104;5;4.07;0
4493;1308;103;9;93.05;0
4494;1308;112;5;11.48;0
4495;1309;110;4;87.41;0
4496;1309;105;3;86.64;0
4497;1310;103;7;93.05;0
4498;1310;107;10;77.21;0
4499;1310;113;1;85.64;0
4500;1310;104;10;4.07;0
4501;1311;115;2;21.03;0
4502;1311;109;4;14.81;0
4503;1312;117;5;94.29;0
4504;1312;116;10;31.81;0
4505;1312;110;2;87.41;0
4506;1312;103;9;93.05;0
4507;1312;113;6;85.64;0
4508;1312;101;5;44.35;0
4509;1313;118;8;11.11;0
4510;1313;116;7;31.81;0
4511;1314;114;8;31.92;0
4512;1315;114;5;31.92;0
4513;1315;109;9;14.81;0
4514;1315;102;1;16.63;0
4515;1315;103;9;93.05;0
4516;1315;116;6;31.81;0
4517;1315;105;2;86.64;0
4518;1316;110;4;87.41;0
4519;1316;109;6;14.81;0
4520;1317;114;8;31.92;0
4521;1317;106;1;93.64;0
4522;1317;110;3;87.41;0
4523;1317;115;5;21.03;0
4524;1317;118;9;11.11;0
4525;1317;103;5;93.05;0
4526;1318;106;9;93.64;0
4527;1318;109;4;14.81;0
4528;1318;103;2;93.05;0
4529;1318;117;7;94.29;0
4530;1318;107;3;77.21;0
4531;1319;101;7;44.35;0
4532;1319;106;10;93.64;0
4533;1319;113;10;85.64;3
4534;1319;112;2;11.48;0
4535;1319;107;5;77.21;0
4536;1320;104;8;4.07;0
4537;1320;107;8;77.21;0
4538;1321;118;2;11.11;0
4539;1321;113;10;85.64;0
4540;1322;112;1;11.48;0
4541;1322;115;8;21.03;0
4542;1322;101;10;44.35;0
4543;1323;117;4;94.29;0
4544;1323;105;9;86.64;0
4545;1323;108;6;11.73;0
4546;1324;101;3;44.35;0
4547;1324;117;3;94.29;0
4548;1324;107;7;77.21;0
4549;1324;118;8;11.11;0
4550;1325;113;2;85.64;0
4551;1325;102;1;16.63;1
4552;1326;117;8;94.29;1
4553;1326;110;6;87.41;0
4554;1326;107;10;77.21;0
4555;1326;118;6;11.11;1
4556;1327;105;4;86.64;0
4557;1327;112;2;11.48;0
4558;1327;116;2;31.81;0
4559;1328;111;2;34.02;0
4560;1328;116;6;31.81;0
4561;1329;102;2;16.63;0
4562;1329;110;2;87.41;0
4563;1329;117;8;94.29;0
4564;1330;104;7;4.07;0
4565;1331;118;3;11.11;0
4566;1332;113;9;85.64;0
4567;1332;111;2;34.02;0
4568;1332;117;5;94.29;0
4569;1332;118;9;11.11;0
4570;1333;113;5;85.64;0
4571;1333;108;1;11.73;0
4572;1333;109;3;14.81;0
4573;1334;107;8;77.21;0
4574;1334;116;8;31.81;0
4575;1334;115;10;21.03;0
4576;1334;113;1;85.64;0
4577;1334;106;9;93.64;0
4578;1334;117;4;94.29;0
4579;1335;103;1;93.05;0
4580;1335;101;8;44.35;0
4581;1335;117;10;94.29;0
4582;1335;118;6;11.11;0
4583;1335;112;10;11.48;0
4584;1335;104;6;4.07;0
4585;1336;117;1;94.29;0
4586;1337;103;5;93.05;0
4587;1338;116;7;31.81;0
4588;1338;109;7;14.81;0
4589;1338;103;9;93.05;0
4590;1338;101;9;44.35;0
4591;1339;109;5;14.81;0
4592;1339;103;9;93.05;0
4593;1340;111;8;34.02;0
4594;1340;108;3;11.73;0
4595;1341;106;3;93.64;0
4596;1341;103;9;93.05;0
4597;1341;108;1;11.73;0
4598;1341;114;7;31.92;0
4599;1341;118;2;11.11;0
4600;1342;103;2;93.05;0
4601;1342;118;3;11.11;0
4602;1343;111;2;34.02;0
4603;1343;116;6;31.81;0
4604;1343;103;8;93.05;0
4605;1343;109;1;14.81;0
4606;1344;107;4;77.21;0
4607;1344;113;5;85.64;0
4608;1344;104;2;4.07;0
4609;1344;109;2;14.81;0
4610;1344;114;6;31.92;0
4611;1344;117;1;94.29;0
4612;1345;101;1;44.35;0
4613;1345;108;8;11.73;0
4614;1345;115;3;21.03;0
4615;1345;110;4;87.41;0
4616;1345;107;1;77.21;1
4617;1346;103;9;93.05;0
4618;1346;114;9;31.92;0
4619;1347;110;5;87.41;0
4620;1347;102;4;16.63;0
4621;1348;104;5;4.07;0
4622;1349;102;9;16.63;0
4623;1350;114;3;31.92;0
4624;1351;102;7;16.63;0
4625;1351;111;7;34.02;0
4626;1351;115;10;21.03;0
4627;1351;110;1;87.41;0
4628;1351;101;7;44.35;0
4629;1352;105;2;86.64;0
4630;1352;104;6;4.07;0
4631;1352;101;5;44.35;0
4632;1352;109;5;14.81;0
4633;1352;115;7;21.03;0
4634;1353;117;1;94.29;0
4635;1353;103;1;93.05;0
4636;1353;118;7;11.11;0
4637;1353;109;7;14.81;0
4638;1353;115;10;21.03;0
4639;1353;114;5;31.92;0
4640;1354;102;2;16.63;0
4641;1354;114;7;31.92;0
4642;1354;108;10;11.73;4
4643;1354;118;3;11.11;0
4644;1354;101;1;44.35;0
4645;1355;101;2;44.35;0
4646;1355;113;7;85.64;0
4647;1355;103;6;93.05;0
4648;1355;108;5;11.73;0
4649;1356;114;7;31.92;0
4650;1356;113;4;85.64;0
4651;1357;103;6;93.05;0
4652;1357;114;2;31.92;2
4653;1357;107;7;77.21;0
4654;1358;109;1;14.81;0
4655;1358;101;9;44.35;0
4656;1358;111;10;34.02;0
4657;1358;113;8;85.64;0
4658;1359;109;2;14.81;1
4659;1359;108;10;11.73;0
4660;1359;104;9;4.07;0
4661;1359;114;2;31.92;0
4662;1359;102;8;16.63;0
4663;1360;108;8;11.73;0
4664;1360;101;5;44.35;0
4665;1361;101;10;44.35;0
4666;1361;110;8;87.41;0
4667;1361;108;2;11.73;0
4668;1361;113;5;85.64;0
4669;1361;103;5;93.05;1
4670;1361;111;9;34.02;0
4671;1362;107;6;77.21;0
4672;1362;110;4;87.41;0
4673;1362;101;4;44.35;0
4674;1362;103;1;93.05;0
4675;1363;110;1;87.41;0
4676;1363;114;10;31.92;0
4677;1363;117;10;94.29;0
4678;1363;107;2;77.21;0
4679;1363;103;6;93.05;0
4680;1364;114;8;31.92;0
4681;1364;105;1;86.64;0
4682;1364;111;1;34.02;0
4683;1364;110;6;87.41;0
4684;1364;109;9;14.81;0
4685;1364;106;9;93.64;0
4686;1365;108;8;11.73;5
4687;1365;118;1;11.11;1
4688;1365;103;6;93.05;0
4689;1366;105;3;86.64;0
4690;1366;111;2;34.02;0
4691;1367;115;10;21.03;0
4692;1367;101;3;44.35;0
4693;1367;112;10;11.48;0
4694;1367;106;7;93.64;0
4695;1367;102;7;16.63;0
4696;1368;106;7;93.64;0
4697;1369;118;3;11.11;0
4698;1369;106;6;93.64;0
4699;1369;103;7;93.05;0
4700;1369;112;7;11.48;0
4701;1369;116;2;31.81;1
4702;1369;101;6;44.35;0
4703;1370;105;8;86.64;0
4704;1370;104;1;4.07;0
4705;1371;106;2;93.64;0
4706;1371;117;10;94.29;0
4707;1371;118;2;11.11;2
4708;1371;109;9;14.81;6
4709;1372;103;2;93.05;0
4710;1373;109;8;14.81;7
4711;1373;108;9;11.73;0
4712;1373;113;2;85.64;0
4713;1374;102;2;16.63;0
4714;1374;104;4;4.07;0
4715;1374;106;4;93.64;0
4716;1374;114;3;31.92;0
4717;1375;101;2;44.35;0
4718;1375;102;5;16.63;0
4719;1376;111;7;34.02;0
4720;1376;105;7;86.64;0
4721;1376;115;2;21.03;0
4722;1376;118;6;11.11;0
4723;1377;109;1;14.81;0
4724;1378;117;5;94.29;0
4725;1378;109;5;14.81;0
4726;1379;118;8;11.11;0
4727;1379;117;6;94.29;0
4728;1380;105;10;86.64;0
4729;1380;104;9;4.07;0
4730;1380;101;3;44.35;0
4731;1380;106;2;93.64;0
4732;1380;114;10;31.92;0
4733;1381;117;9;94.29;0
4734;1381;104;8;4.07;0
4735;1381;103;9;93.05;0
4736;1381;108;4;11.73;0
4737;1381;114;9;31.92;0
4738;1381;113;3;85.64;0
4739;1382;101;8;44.35;0
4740;1383;116;8;31.81;0
4741;1383;104;8;4.07;0
4742;1384;109;5;14.81;0
4743;1384;113;7;85.64;0
4744;1384;111;4;34.02;0
4745;1385;103;9;93.05;0
4746;1385;117;4;94.29;0
4747;1385;106;6;93.64;0
4748;1385;102;3;16.63;0
4749;1385;104;7;4.07;0
4750;1386;102;2;16.63;0
4751;1386;115;7;21.03;2
4752;1386;108;4;11.73;0
4753;1386;111;4;34.02;0
4754;1386;104;2;4.07;0
4755;1387;105;6;86.64;0
4756;1387;117;5;94.29;0
4757;1387;113;5;85.64;0
4758;1387;110;7;87.41;0
4759;1387;109;7;14.81;0
4760;1387;101;6;44.35;0
4761;1388;103;6;93.05;0
4762;1388;118;3;11.11;0
4763;1388;110;4;87.41;0
4764;1388;111;10;34.02;0
4765;1389;101;4;44.35;0
4766;1389;103;10;93.05;0
4767;1389;111;7;34.02;0
4768;1389;109;4;14.81;0
4769;1389;108;7;11.73;0
4770;1390;115;1;21.03;0
4771;1390;103;1;93.05;0
4772;1391;114;6;31.92;0
4773;1391;102;2;16.63;0
4774;1391;101;9;44.35;0
4775;1391;113;6;85.64;0
4776;1391;117;5;94.29;0
4777;1392;102;2;16.63;0
4778;1392;103;2;93.05;0
4779;1392;115;4;21.03;0
4780;1392;112;1;11.48;0
4781;1392;113;10;85.64;0
4782;1393;103;10;93.05;0
4783;1393;106;7;93.64;0
4784;1393;107;1;77.21;0
4785;1393;111;7;34.02;0
4786;1393;117;9;94.29;0
4787;1394;105;5;86.64;0
4788;1395;107;4;77.21;0
4789;1396;108;1;11.73;1
4790;1396;118;6;11.11;0
4791;1396;113;4;85.64;0
4792;1396;116;6;31.81;0
4793;1396;106;5;93.64;0
4794;1397;116;3;31.81;0
4795;1397;111;6;34.02;0
4796;1397;112;6;11.48;0
4797;1397;115;7;21.03;0
4798;1397;110;5;87.41;0
4799;1397;118;2;11.11;0
4800;1398;101;10;44.35;0
4801;1399;111;6;34.02;0
4802;1399;104;4;4.07;0
4803;1399;105;2;86.64;0
4804;1399;112;5;11.48;0
4805;1400;104;1;4.07;0
4806;1400;108;6;11.73;0
4807;1400;115;4;21.03;1
4808;1400;107;5;77.21;0
4809;1401;115;1;21.03;0
4810;1401;117;9;94.29;0
4811;1401;116;2;31.81;0
4812;1401;111;6;34.02;0
4813;1401;104;10;4.07;0
4814;1401;107;1;77.21;0
4815;1402;105;8;86.64;0
4816;1402;112;10;11.48;0
4817;1402;118;1;11.11;0
4818;1403;111;7;34.02;0
4819;1403;109;5;14.81;0
4820;1404;106;2;93.64;0
4821;1404;101;10;44.35;0
4822;1404;108;3;11.73;0
4823;1404;110;2;87.41;0
4824;1404;112;5;11.48;0
4825;1405;116;5;31.81;0
4826;1405;106;9;93.64;0
4827;1405;107;2;77.21;0
4828;1405;117;10;94.29;6
4829;1405;115;5;21.03;0
4830;1406;114;5;31.92;0
4831;1407;115;5;21.03;0
4832;1407;107;6;77.21;0
4833;1407;112;1;11.48;0
4834;1407;110;5;87.41;0
4835;1408;104;8;4.07;0
4836;1409;103;4;93.05;0
4837;1410;108;4;11.73;0
4838;1411;116;5;31.81;0
4839;1411;118;1;11.11;0
4840;1412;111;8;34.02;0
4841;1412;101;10;44.35;0
4842;1412;113;7;85.64;0
4843;1412;118;7;11.11;0
4844;1413;107;9;77.21;5
4845;1413;117;9;94.29;0
4846;1413;101;5;44.35;0
4847;1413;114;9;31.92;0
4848;1413;118;9;11.11;0
4849;1414;104;5;4.07;0
4850;1414;102;9;16.63;0
4851;1414;116;4;31.81;0
4852;1414;105;4;86.64;0
4853;1414;101;2;44.35;0
4854;1415;113;7;85.64;0
4855;1415;115;4;21.03;0
4856;1415;103;3;93.05;0
4857;1416;111;7;34.02;0
4858;1416;102;1;16.63;0
4859;1417;113;2;85.64;0
4860;1417;111;8;34.02;0
4861;1417;103;5;93.05;0
4862;1417;104;1;4.07;0
4863;1417;118;4;11.11;0
4864;1418;101;8;44.35;0
4865;1418;103;2;93.05;0
4866;1418;118;7;11.11;0
4867;1418;107;5;77.21;0
4868;1418;106;7;93.64;0
4869;1418;112;2;11.48;0
4870;1419;106;10;93.64;0
4871;1420;106;1;93.64;0
4872;1420;117;2;94.29;0
4873;1420;101;8;44.35;0
4874;1420;112;8;11.48;3
4875;1421;109;10;14.81;0
4876;1422;117;1;94.29;1
4877;1422;108;1;11.73;0
4878;1422;101;3;44.35;0
4879;1422;116;1;31.81;0
4880;1422;118;9;11.11;0
4881;1422;106;1;93.64;0
4882;1423;112;9;11.48;7
4883;1423;107;3;77.21;0
4884;1423;103;7;93.05;0
4885;1423;105;4;86.64;0
4886;1424;114;5;31.92;0
4887;1424;104;5;4.07;0
4888;1424;113;9;85.64;0
4889;1424;105;1;86.64;0
4890;1425;115;9;21.03;0
4891;1425;103;4;93.05;0
4892;1425;105;2;86.64;0
4893;1426;111;5;34.02;0
4894;1427;111;4;34.02;0
4895;1427;118;9;11.11;0
4896;1427;113;8;85.64;0
4897;1427;102;5;16.63;0
4898;1428;117;1;94.29;0
4899;1428;115;4;21.03;0
4900;1428;112;7;11.48;0
4901;1428;103;5;93.05;0
4902;1428;111;7;34.02;0
4903;1429;110;10;87.41;0
4904;1430;105;5;86.64;0
4905;1430;110;9;87.41;0
4906;1430;108;10;11.73;0
4907;1430;103;5;93.05;0
4908;1430;107;2;77.21;0
4909;1431;102;6;16.63;0
4910;1431;104;9;4.07;0
4911;1431;112;8;11.48;0
4912;1431;106;7;93.64;0
4913;1431;113;1;85.64;0
4914;1432;101;10;44.35;0
4915;1432;118;9;11.11;0
4916;1433;112;6;11.48;0
4917;1433;104;7;4.07;0
4918;1433;114;4;31.92;0
4919;1433;118;10;11.11;0
4920;1434;111;4;34.02;0
4921;1434;107;10;77.21;5
4922;1434;106;4;93.64;0
4923;1435;101;5;44.35;0
4924;1436;109;8;14.81;0
4925;1436;115;10;21.03;7
4926;1437;114;6;31.92;0
4927;1437;112;5;11.48;0
4928;1437;109;10;14.81;0
4929;1438;114;10;31.92;9
4930;1438;106;10;93.64;0
4931;1439;105;9;86.64;0
4932;1439;102;7;16.63;0
4933;1439;114;7;31.92;0
4934;1439;115;2;21.03;0
4935;1439;104;2;4.07;0
4936;1439;107;3;77.21;0
4937;1440;108;6;11.73;0
4938;1440;107;9;77.21;0
4939;1441;103;4;93.05;0
4940;1441;101;1;44.35;0
4941;1441;104;5;4.07;0
4942;1441;111;7;34.02;0
4943;1441;117;10;94.29;0
4944;1442;116;6;31.81;0
4945;1442;109;9;14.81;0
4946;1442;107;1;77.21;0
4947;1442;113;3;85.64;0
4948;1442;103;2;93.05;0
4949;1442;118;6;11.11;0
4950;1443;113;1;85.64;0
4951;1444;111;9;34.02;0
4952;1444;106;9;93.64;0
4953;1444;116;6;31.81;0
4954;1444;108;8;11.73;0
4955;1445;106;8;93.64;0
4956;1446;101;1;44.35;0
4957;1447;107;7;77.21;0
4958;1447;103;7;93.05;0
4959;1447;104;5;4.07;0
4960;1447;115;1;21.03;0
4961;1447;109;7;14.81;0
4962;1447;111;4;34.02;0
4963;1448;107;3;77.21;0
4964;1448;106;2;93.64;0
4965;1449;110;4;87.41;0
4966;1449;107;9;77.21;0
4967;1449;114;4;31.92;0
4968;1449;106;10;93.64;0
4969;1449;118;7;11.11;0
4970;1449;113;2;85.64;0
4971;1450;108;9;11.73;0
4972;1450;105;9;86.64;0
4973;1450;109;2;14.81;0
4974;1450;104;6;4.07;0
4975;1450;101;3;44.35;0
4976;1451;111;1;34.02;0
4977;1451;114;9;31.92;0
4978;1451;102;9;16.63;0
4979;1452;107;1;77.21;0
4980;1452;101;7;44.35;0
4981;1452;116;8;31.81;0
4982;1452;113;8;85.64;0
4983;1453;102;10;16.63;0
4984;1453;101;5;44.35;0
4985;1453;118;5;11.11;0
4986;1453;107;8;77.21;0
4987;1454;106;3;93.64;0
4988;1454;102;6;16.63;0
4989;1455;108;7;11.73;0
4990;1455;101;7;44.35;0
4991;1455;112;7;11.48;0
4992;1455;103;1;93.05;0
4993;1455;113;9;85.64;1
4994;1456;101;4;44.35;0
4995;1456;118;8;11.11;0
4996;1456;103;4;93.05;0
4997;1456;105;1;86.64;0
4998;1456;109;6;14.81;0
4999;1457;109;9;14.81;0
5000;1457;112;5;11.48;0
5001;1457;104;5;4.07;0
5002;1457;101;3;44.35;0
5003;1457;107;5;77.21;0
5004;1457;106;5;93.64;0
5005;1458;112;6;11.48;0
5006;1458;117;10;94.29;0
5007;1459;115;9;21.03;0
5008;1459;102;4;16.63;0
5009;1459;116;6;31.81;0
5010;1459;104;2;4.07;0
5011;1459;107;9;77.21;0
5012;1459;110;7;87.41;0
5013;1460;108;7;11.73;0
5014;1460;116;5;31.81;0
5015;1460;102;1;16.63;0
5016;1460;103;5;93.05;0
5017;1461;102;2;16.63;0
5018;1462;105;4;86.64;0
5019;1462;115;4;21.03;0
5020;1463;116;7;31.81;0
5021;1463;103;4;93.05;0
5022;1463;101;3;44.35;0
5023;1463;108;6;11.73;0
5024;1463;114;2;31.92;0
5025;1463;111;6;34.02;0
5026;1464;114;9;31.92;0
5027;1464;108;6;11.73;0
5028;1465;102;4;16.63;0
5029;1465;106;8;93.64;0
5030;1465;101;8;44.35;0
5031;1466;102;3;16.63;0
5032;1466;106;8;93.64;0
5033;1466;117;6;94.29;0
5034;1466;101;7;44.35;0
5035;1466;115;9;21.03;6
5036;1466;114;4;31.92;0
5037;1467;109;7;14.81;0
5038;1468;112;1;11.48;0
5039;1468;109;6;14.81;0
5040;1468;103;8;93.05;0
5041;1468;114;9;31.92;0
5042;1468;104;1;4.07;0
5043;1468;105;10;86.64;0
5044;1469;108;10;11.73;0
5045;1469;118;9;11.11;0
5046;1469;114;1;31.92;0
5047;1470;104;4;4.07;0
5048;1471;106;7;93.64;0
5049;1472;116;8;31.81;0
5050;1472;102;2;16.63;0
5051;1472;109;8;14.81;0
5052;1472;110;7;87.41;0
5053;1472;104;1;4.07;0
5054;1473;113;5;85.64;0
5055;1473;106;1;93.64;0
5056;1473;117;10;94.29;0
5057;1473;112;2;11.48;0
5058;1474;111;5;34.02;0
5059;1474;112;10;11.48;0
5060;1474;115;9;21.03;0
5061;1475;101;8;44.35;0
5062;1475;110;2;87.41;0
5063;1475;109;2;14.81;0
5064;1475;105;10;86.64;0
5065;1475;117;2;94.29;0
5066;1475;112;4;11.48;0
5067;1476;107;9;77.21;0
5068;1476;109;6;14.81;0
5069;1476;101;1;44.35;0
5070;1476;114;5;31.92;0
5071;1476;111;4;34.02;0
5072;1476;118;3;11.11;0
5073;1477;117;6;94.29;0
5074;1477;115;5;21.03;0
5075;1477;114;10;31.92;0
5076;1478;105;7;86.64;0
5077;1478;108;1;11.73;0
5078;1478;117;2;94.29;2
5079;1478;107;9;77.21;0
5080;1478;104;2;4.07;0
5081;1479;102;7;16.63;0
5082;1479;103;4;93.05;0
5083;1479;117;1;94.29;0
5084;1479;110;8;87.41;0
5085;1479;114;5;31.92;0
5086;1479;115;5;21.03;0
5087;1480;106;5;93.64;0
5088;1480;101;1;44.35;0
5089;1481;103;1;93.05;0
5090;1481;117;8;94.29;0
5091;1481;105;2;86.64;0
5092;1481;104;7;4.07;0
5093;1481;112;3;11.48;0
5094;1481;109;10;14.81;0
5095;1482;106;1;93.64;0
5096;1483;103;3;93.05;0
5097;1484;116;1;31.81;0
5098;1485;113;8;85.64;0
5099;1485;114;9;31.92;0
5100;1485;110;2;87.41;0
5101;1485;116;9;31.81;0
5102;1485;105;2;86.64;0
5103;1486;104;9;4.07;0
5104;1487;109;2;14.81;0
5105;1487;118;7;11.11;0
5106;1487;114;10;31.92;0
5107;1487;110;5;87.41;0
5108;1487;105;8;86.64;0
5109;1488;106;10;93.64;0
5110;1488;110;5;87.41;0
5111;1488;107;8;77.21;0
5112;1489;109;9;14.81;0
5113;1489;113;2;85.64;0
5114;1489;105;9;86.64;0
5115;1489;114;2;31.92;1
5116;1489;104;7;4.07;0
5117;1489;102;1;16.63;0
5118;1490;110;6;87.41;0
5119;1490;114;4;31.92;0
5120;1490;112;9;11.48;0
5121;1490;113;8;85.64;6
5122;1490;111;2;34.02;0
5123;1490;116;3;31.81;0
5124;1491;114;9;31.92;0
5125;1491;111;6;34.02;0
5126;1491;115;5;21.03;0
5127;1492;111;5;34.02;0
5128;1493;116;1;31.81;0
5129;1493;102;5;16.63;0
5130;1493;110;4;87.41;0
5131;1493;117;5;94.29;0
5132;1494;118;3;11.11;0
5133;1494;117;5;94.29;0
5134;1494;113;2;85.64;0
5135;1494;111;9;34.02;0
5136;1495;112;7;11.48;2
5137;1496;116;6;31.81;0
5138;1496;110;6;87.41;0
5139;1496;112;4;11.48;0
5140;1496;118;6;11.11;0
5141;1496;103;8;93.05;0
5142;1497;116;10;31.81;0
5143;1497;104;3;4.07;0
5144;1497;109;3;14.81;0
5145;1498;102;7;16.63;0
5146;1498;110;5;87.41;0
5147;1498;101;7;44.35;0
5148;1498;115;5;21.03;0
5149;1498;109;3;14.81;0
5150;1498;107;9;77.21;0
5151;1499;118;4;11.11;0
5152;1499;114;4;31.92;0
5153;1499;101;8;44.35;4
5154;1500;113;5;85.64;0
5155;1500;111;10;34.02;0
5156;1500;103;1;93.05;0
5157;1500;105;2;86.64;0
5158;1500;118;2;11.11;0
5159;1500;104;10;4.07;6
5160;1501;117;4;94.29;0
5161;1502;101;9;44.35;0
5162;1502;117;6;94.29;0
5163;1502;113;7;85.64;0
5164;1502;107;8;77.21;0
5165;1502;105;7;86.64;0
5166;1503;114;7;31.92;0
5167;1503;110;3;87.41;0
5168;1503;102;5;16.63;0
5169;1503;116;5;31.81;0
5170;1503;106;9;93.64;0
5171;1503;111;9;34.02;0
5172;1504;106;6;93.64;0
5173;1504;107;2;77.21;0
5174;1504;115;9;21.03;0
5175;1504;102;3;16.63;0
5176;1504;118;2;11.11;0
5177;1505;108;5;11.73;0
5178;1505;114;2;31.92;0
5179;1505;101;7;44.35;0
5180;1505;106;2;93.64;0
5181;1506;115;6;21.03;0
5182;1506;110;6;87.41;0
5183;1506;101;6;44.35;0
5184;1506;111;2;34.02;0
5185;1506;117;5;94.29;0
5186;1506;113;3;85.64;0
5187;1507;109;7;14.81;0
5188;1508;117;1;94.29;0
5189;1508;109;7;14.81;0
5190;1508;113;10;85.64;7
5191;1508;103;6;93.05;0
5192;1508;115;4;21.03;0
5193;1509;112;3;11.48;0
5194;1510;107;9;77.21;0
5195;1510;115;4;21.03;0
5196;1510;114;1;31.92;0
5197;1510;112;4;11.48;1
5198;1510;101;6;44.35;0
5199;1510;109;9;14.81;0
5200;1511;111;5;34.02;0
5201;1511;108;7;11.73;0
5202;1511;107;6;77.21;0
5203;1511;117;10;94.29;0
5204;1511;106;9;93.64;0
5205;1511;110;3;87.41;0
5206;1512;114;4;31.92;0
5207;1513;109;9;14.81;0
5208;1513;115;7;21.03;0
5209;1513;111;9;34.02;0
5210;1513;113;10;85.64;0
5211;1513;110;5;87.41;0
5212;1514;105;10;86.64;0
5213;1514;113;4;85.64;0
5214;1514;101;5;44.35;0
5215;1514;104;3;4.07;0
5216;1514;109;1;14.81;0
5217;1515;107;10;77.21;0
5218;1515;118;9;11.11;0
5219;1515;102;10;16.63;0
5220;1515;108;6;11.73;0
5221;1515;109;2;14.81;0
5222;1515;115;10;21.03;0
5223;1516;106;7;93.64;0
5224;1516;114;7;31.92;0
5225;1516;116;3;31.81;0
5226;1516;107;2;77.21;0
5227;1516;103;7;93.05;0
5228;1516;109;8;14.81;0
5229;1517;104;7;4.07;4
5230;1517;118;7;11.11;0
5231;1517;112;5;11.48;0
5232;1517;101;5;44.35;0
5233;1517;115;3;21.03;0
5234;1517;108;4;11.73;0
5235;1518;110;9;87.41;0
5236;1518;101;3;44.35;0
5237;1518;116;5;31.81;0
5238;1518;117;8;94.29;0
5239;1518;108;8;11.73;0
5240;1519;107;8;77.21;0
5241;1519;116;8;31.81;0
5242;1519;104;2;4.07;0
5243;1519;111;1;34.02;1
5244;1519;117;8;94.29;0
5245;1520;116;7;31.81;0
5246;1520;115;3;21.03;0
5247;1520;105;9;86.64;0
5248;1521;107;9;77.21;0
5249;1521;103;10;93.05;0
5250;1521;108;6;11.73;0
5251;1522;101;2;44.35;0
5252;1522;104;4;4.07;0
5253;1522;105;4;86.64;0
5254;1522;111;5;34.02;0
5255;1522;107;1;77.21;0
5256;1522;106;1;93.64;0
5257;1523;118;4;11.11;0
5258;1524;104;3;4.07;0
5259;1524;116;8;31.81;0
5260;1524;111;2;34.02;0
5261;1524;113;5;85.64;0
5262;1525;101;9;44.35;0
5263;1525;107;3;77.21;0
5264;1525;114;4;31.92;0
5265;1525;117;2;94.29;0
5266;1525;106;5;93.64;0
5267;1525;111;8;34.02;0
5268;1526;101;4;44.35;0
5269;1526;105;5;86.64;0
5270;1526;113;10;85.64;8
5271;1526;117;1;94.29;0
5272;1527;116;9;31.81;0
5273;1527;105;7;86.64;0
5274;1527;118;7;11.11;0
5275;1528;114;8;31.92;0
5276;1528;117;1;94.29;0
5277;1528;102;6;16.63;0
5278;1528;115;9;21.03;0
5279;1528;104;5;4.07;0
5280;1528;105;2;86.64;0
5281;1529;109;4;14.81;0
5282;1529;101;8;44.35;0
5283;1529;104;9;4.07;3
5284;1529;117;3;94.29;0
5285;1529;110;1;87.41;0
5286;1530;112;2;11.48;0
5287;1530;106;5;93.64;0
5288;1530;115;4;21.03;0
5289;1530;114;6;31.92;6
5290;1530;116;9;31.81;0
5291;1530;111;1;34.02;0
5292;1531;118;6;11.11;0
5293;1531;101;7;44.35;0
5294;1532;105;4;86.64;0
5295;1532;111;6;34.02;0
5296;1532;110;3;87.41;0
5297;1533;117;3;94.29;0
5298;1533;103;10;93.05;0
5299;1533;113;9;85.64;0
5300;1534;118;8;11.11;0
5301;1534;102;9;16.63;3
5302;1534;112;1;11.48;0
5303;1534;105;6;86.64;0
5304;1535;114;7;31.92;0
5305;1535;115;2;21.03;0
5306;1536;116;3;31.81;0
5307;1536;109;8;14.81;0
5308;1536;105;8;86.64;1
5309;1536;114;10;31.92;0
5310;1536;117;1;94.29;0
5311;1536;111;8;34.02;0
5312;1537;106;6;93.64;0
5313;1537;109;6;14.81;0
5314;1538;118;2;11.11;0
5315;1538;103;3;93.05;0
5316;1538;104;4;4.07;0
5317;1538;116;6;31.81;0
5318;1538;107;1;77.21;0
5319;1538;108;6;11.73;0
5320;1539;114;4;31.92;0
5321;1540;115;10;21.03;0
5322;1541;110;4;87.41;0
5323;1542;105;5;86.64;0
5324;1542;108;2;11.73;0
5325;1542;117;4;94.29;0
5326;1542;103;4;93.05;0
5327;1543;113;2;85.64;0
5328;1543;115;6;21.03;0
5329;1543;112;10;11.48;0
5330;1543;109;8;14.81;0
5331;1543;116;9;31.81;0
5332;1543;117;1;94.29;0
5333;1544;117;7;94.29;0
5334;1544;103;1;93.05;0
5335;1544;104;2;4.07;0
5336;1544;118;3;11.11;0
5337;1544;113;8;85.64;0
5338;1544;107;6;77.21;4
5339;1545;113;3;85.64;0
5340;1546;108;6;11.73;0
5341;1546;101;3;44.35;0
5342;1547;111;6;34.02;0
5343;1547;103;4;93.05;0
5344;1547;104;2;4.07;1
5345;1547;110;9;87.41;0
5346;1548;117;7;94.29;0
5347;1548;112;9;11.48;0
5348;1548;110;2;87.41;0
5349;1548;113;3;85.64;0
5350;1548;104;8;4.07;0
5351;1548;109;8;14.81;0
5352;1549;103;2;93.05;0
5353;1549;116;5;31.81;0
5354;1550;101;10;44.35;0
5355;1551;101;3;44.35;0
5356;1551;111;9;34.02;0
5357;1551;106;2;93.64;0
5358;1552;106;10;93.64;0
5359;1552;118;3;11.11;0
5360;1552;113;3;85.64;0
5361;1553;117;1;94.29;0
5362;1553;116;7;31.81;0
5363;1554;101;8;44.35;0
5364;1554;112;9;11.48;0
5365;1555;105;4;86.64;0
5366;1555;109;10;14.81;8
5367;1555;113;9;85.64;0
5368;1555;118;3;11.11;0
5369;1556;115;5;21.03;0
5370;1556;103;9;93.05;0
5371;1556;114;2;31.92;0
5372;1557;118;3;11.11;0
5373;1558;112;5;11.48;0
5374;1558;116;1;31.81;0
5375;1559;108;1;11.73;0
5376;1560;110;10;87.41;0
5377;1560;111;7;34.02;0
5378;1560;101;8;44.35;0
5379;1561;115;8;21.03;0
5380;1561;104;2;4.07;0
5381;1561;106;5;93.64;0
5382;1561;113;5;85.64;0
5383;1561;118;10;11.11;0
5384;1561;117;10;94.29;2
5385;1562;103;1;93.05;0
5386;1562;108;3;11.73;0
5387;1563;104;3;4.07;0
5388;1563;107;3;77.21;0
5389;1563;112;4;11.48;0
5390;1563;103;6;93.05;0
5391;1563;102;8;16.63;0
5392;1563;101;6;44.35;0
5393;1564;109;5;14.81;0
5394;1564;116;8;31.81;0
5395;1564;105;5;86.64;0
5396;1564;114;1;31.92;0
5397;1564;107;3;77.21;3
5398;1565;110;6;87.41;0
5399;1565;105;2;86.64;0
5400;1565;111;4;34.02;0
5401;1565;107;1;77.21;0
5402;1565;118;8;11.11;0
5403;1566;107;3;77.21;0
5404;1566;104;8;4.07;0
5405;1566;117;3;94.29;0
5406;1566;108;10;11.73;0
5407;1566;113;2;85.64;1
5408;1567;116;6;31.81;0
5409;1567;117;4;94.29;0
5410;1568;102;6;16.63;0
5411;1569;104;6;4.07;0
5412;1569;105;2;86.64;0
5413;1569;116;5;31.81;0
5414;1569;106;9;93.64;0
5415;1569;112;9;11.48;0
5416;1570;102;1;16.63;0
5417;1570;111;3;34.02;0
5418;1570;117;8;94.29;0
5419;1570;116;5;31.81;0
5420;1570;118;2;11.11;1
5421;1570;115;1;21.03;0
5422;1571;111;1;34.02;1
5423;1571;117;8;94.29;0
5424;1571;102;6;16.63;0
5425;1572;112;3;11.48;3
5426;1572;115;6;21.03;0
5427;1572;103;4;93.05;0
5428;1572;102;1;16.63;0
5429;1572;111;9;34.02;0
5430;1573;115;8;21.03;0
5431;1573;106;10;93.64;0
5432;1573;117;9;94.29;0
5433;1574;114;7;31.92;0
5434;1574;104;7;4.07;2
5435;1574;118;4;11.11;0
5436;1574;117;10;94.29;0
5437;1574;116;5;31.81;0
5438;1575;102;6;16.63;2
5439;1575;105;3;86.64;0
5440;1576;110;2;87.41;0
5441;1576;101;5;44.35;0
5442;1576;113;4;85.64;0
5443;1577;104;3;4.07;0
5444;1577;107;1;77.21;0
5445;1577;112;9;11.48;0
5446;1577;114;6;31.92;0
5447;1577;105;2;86.64;0
5448;1578;116;10;31.81;0
5449;1578;103;2;93.05;0
5450;1578;110;9;87.41;0
5451;1578;104;4;4.07;0
5452;1578;113;7;85.64;0
5453;1579;112;6;11.48;0
5454;1579;109;8;14.81;0
5455;1579;107;7;77.21;0
5456;1580;103;1;93.05;0
5457;1580;111;4;34.02;0
5458;1580;102;4;16.63;0
5459;1580;104;3;4.07;0
5460;1580;116;4;31.81;0
5461;1581;106;8;93.64;0
5462;1581;104;4;4.07;0
5463;1581;118;8;11.11;0
5464;1581;102;5;16.63;0
5465;1582;118;10;11.11;0
5466;1582;111;8;34.02;0
5467;1582;113;7;85.64;0
5468;1583;117;4;94.29;0
5469;1584;105;9;86.64;9
5470;1585;115;6;21.03;0
5471;1585;118;7;11.11;5
5472;1585;101;4;44.35;0
5473;1586;117;7;94.29;0
5474;1586;101;5;44.35;0
5475;1586;111;6;34.02;6
5476;1586;108;1;11.73;0
5477;1586;118;2;11.11;0
5478;1586;114;7;31.92;0
5479;1587;102;9;16.63;0
5480;1587;109;8;14.81;2
5481;1587;116;1;31.81;0
5482;1588;118;9;11.11;0
5483;1588;106;4;93.64;0
5484;1588;113;3;85.64;0
5485;1588;111;2;34.02;0
5486;1589;102;7;16.63;0
5487;1589;104;8;4.07;6
5488;1589;116;10;31.81;0
5489;1589;106;7;93.64;0
5490;1590;107;5;77.21;0
5491;1590;117;1;94.29;0
5492;1591;105;9;86.64;0
5493;1591;114;4;31.92;0
5494;1592;118;9;11.11;0
5495;1592;105;2;86.64;0
5496;1592;116;5;31.81;0
5497;1593;109;2;14.81;0
5498;1593;107;7;77.21;0
5499;1593;111;1;34.02;1
5500;1594;102;1;16.63;0
5501;1595;117;5;94.29;0
5502;1595;105;10;86.64;0
5503;1595;114;3;31.92;0
5504;1595;111;4;34.02;0
5505;1595;115;3;21.03;0
5506;1595;106;5;93.64;0
5507;1596;117;4;94.29;0
5508;1596;114;1;31.92;0
5509;1596;106;2;93.64;0
5510;1596;118;10;11.11;0
5511;1596;111;10;34.02;0
5512;1597;103;8;93.05;0
5513;1597;110;7;87.41;0
5514;1597;118;8;11.11;0
5515;1597;112;6;11.48;0
5516;1597;113;2;85.64;0
5517;1598;116;3;31.81;0
5518;1598;111;9;34.02;0
5519;1598;113;3;85.64;0
5520;1599;115;1;21.03;0
5521;1599;103;4;93.05;0
5522;1599;112;3;11.48;0
5523;1599;106;2;93.64;0
5524;1599;104;8;4.07;0
5525;1600;116;10;31.81;0
5526;1601;116;9;31.81;0
5527;1602;103;5;93.05;0
5528;1602;117;6;94.29;0
5529;1602;115;10;21.03;0
5530;1602;108;5;11.73;0
5531;1602;106;5;93.64;0
5532;1602;118;4;11.11;0
5533;1603;116;9;31.81;0
5534;1603;110;8;87.41;0
5535;1603;109;1;14.81;0
5536;1603;102;5;16.63;0
5537;1604;107;3;77.21;0
5538;1604;103;9;93.05;0
5539;1604;118;10;11.11;0
5540;1605;118;1;11.11;0
5541;1605;105;2;86.64;0
5542;1605;106;3;93.64;0
5543;1605;107;3;77.21;0
5544;1606;104;8;4.07;0
5545;1606;108;2;11.73;0
5546;1606;118;6;11.11;0
5547;1606;103;9;93.05;0
5548;1606;106;4;93.64;0
5549;1607;101;2;44.35;0
5550;1607;116;8;31.81;0
5551;1607;113;7;85.64;0
5552;1607;105;6;86.64;0
5553;1607;114;3;31.92;0
5554;1607;115;7;21.03;0
5555;1608;111;9;34.02;0
5556;1608;104;6;4.07;0
5557;1609;115;10;21.03;0
5558;1609;111;5;34.02;0
5559;1609;118;9;11.11;0
5560;1609;114;8;31.92;0
5561;1609;105;5;86.64;0
5562;1610;106;2;93.64;0
5563;1610;115;9;21.03;0
5564;1610;110;7;87.41;0
5565;1610;107;8;77.21;0
5566;1610;114;4;31.92;0
5567;1611;116;2;31.81;0
5568;1611;112;6;11.48;0
5569;1611;107;6;77.21;0
5570;1612;111;3;34.02;0
5571;1612;106;7;93.64;0
5572;1612;114;7;31.92;0
5573;1612;117;1;94.29;0
5574;1612;108;2;11.73;0
5575;1612;115;10;21.03;0
5576;1613;117;1;94.29;0
5577;1613;109;5;14.81;0
5578;1614;109;7;14.81;0
5579;1614;108;9;11.73;0
5580;1615;113;7;85.64;0
5581;1616;101;9;44.35;0
5582;1616;113;2;85.64;0
5583;1616;111;2;34.02;0
5584;1616;105;8;86.64;0
5585;1617;111;7;34.02;0
5586;1617;103;5;93.05;0
5587;1617;106;2;93.64;1
5588;1617;112;9;11.48;0
5589;1617;115;3;21.03;0
5590;1618;101;2;44.35;0
5591;1618;113;10;85.64;0
5592;1618;111;10;34.02;0
5593;1619;113;10;85.64;0
5594;1619;115;4;21.03;0
5595;1620;105;5;86.64;0
5596;1620;102;9;16.63;0
5597;1620;114;9;31.92;0
5598;1620;107;10;77.21;0
5599;1620;116;6;31.81;0
5600;1621;102;7;16.63;0
5601;1621;117;2;94.29;0
5602;1621;101;1;44.35;0
5603;1622;107;4;77.21;0
5604;1622;117;4;94.29;0
5605;1622;104;7;4.07;0
5606;1623;114;10;31.92;0
5607;1623;118;5;11.11;0
5608;1623;105;4;86.64;0
5609;1623;109;10;14.81;0
5610;1624;104;7;4.07;0
5611;1625;102;4;16.63;0
5612;1625;106;7;93.64;3
5613;1625;111;1;34.02;0
5614;1625;109;9;14.81;0
5615;1625;116;1;31.81;0
5616;1626;106;3;93.64;0
5617;1626;114;6;31.92;0
5618;1626;118;2;11.11;0
5619;1627;104;5;4.07;0
5620;1627;110;1;87.41;0
5621;1627;116;10;31.81;0
5622;1627;102;10;16.63;0
5623;1627;101;8;44.35;0
5624;1628;102;6;16.63;0
5625;1628;118;5;11.11;0
5626;1628;109;8;14.81;0
5627;1628;113;2;85.64;1
5628;1628;116;8;31.81;0
5629;1628;101;1;44.35;1
5630;1629;101;6;44.35;0
5631;1629;105;10;86.64;0
5632;1629;114;2;31.92;0
5633;1629;109;5;14.81;0
5634;1629;112;3;11.48;0
5635;1630;106;3;93.64;0
5636;1630;111;8;34.02;0
5637;1630;105;4;86.64;0
5638;1630;110;6;87.41;0
5639;1630;102;9;16.63;0
5640;1631;112;3;11.48;1
5641;1631;106;3;93.64;0
5642;1631;114;10;31.92;0
5643;1632;111;8;34.02;0
5644;1632;107;1;77.21;0
5645;1632;117;5;94.29;0
5646;1632;106;8;93.64;0
5647;1633;111;8;34.02;0
5648;1633;114;1;31.92;0
5649;1634;104;9;4.07;0
5650;1634;107;10;77.21;0
5651;1634;117;4;94.29;0
5652;1634;115;1;21.03;0
5653;1634;111;1;34.02;0
5654;1635;110;5;87.41;0
5655;1635;104;1;4.07;0
5656;1636;111;6;34.02;0
5657;1636;106;8;93.64;0
5658;1636;108;7;11.73;0
5659;1636;118;6;11.11;0
5660;1636;117;6;94.29;0
5661;1637;110;5;87.41;0
5662;1637;113;2;85.64;0
5663;1637;112;10;11.48;0
5664;1637;105;3;86.64;0
5665;1637;101;3;44.35;0
5666;1637;109;4;14.81;0
5667;1638;109;4;14.81;0
5668;1638;118;4;11.11;0
5669;1639;109;1;14.81;0
5670;1639;108;1;11.73;0
5671;1639;102;8;16.63;0
5672;1639;107;2;77.21;0
5673;1640;110;8;87.41;0
5674;1640;112;8;11.48;0
5675;1640;106;9;93.64;2
5676;1640;113;1;85.64;0
5677;1640;111;8;34.02;0
5678;1641;117;5;94.29;0
5679;1641;102;9;16.63;0
5680;1641;106;1;93.64;0
5681;1641;108;6;11.73;0
5682;1641;114;2;31.92;0
5683;1641;101;10;44.35;9
5684;1642;114;8;31.92;0
5685;1642;101;9;44.35;0
5686;1642;113;7;85.64;7
5687;1642;104;8;4.07;5
5688;1642;111;3;34.02;0
5689;1642;116;8;31.81;0
5690;1643;104;3;4.07;0
5691;1644;105;4;86.64;0
5692;1644;109;9;14.81;0
5693;1644;118;2;11.11;0
5694;1644;114;1;31.92;0
5695;1644;113;8;85.64;0
5696;1644;108;10;11.73;0
5697;1645;110;2;87.41;0
5698;1645;114;7;31.92;0
5699;1645;111;4;34.02;0
5700;1645;107;8;77.21;0
5701;1645;116;7;31.81;0
5702;1645;108;5;11.73;0
5703;1646;104;6;4.07;0
5704;1646;118;5;11.11;0
5705;1646;109;8;14.81;0
5706;1647;107;8;77.21;0
5707;1648;102;9;16.63;0
5708;1648;101;1;44.35;0
5709;1648;104;7;4.07;0
5710;1648;107;10;77.21;0
5711;1649;107;7;77.21;0
5712;1649;116;7;31.81;0
5713;1649;111;7;34.02;0
5714;1650;117;1;94.29;0
5715;1650;118;1;11.11;0
5716;1650;116;5;31.81;0
5717;1650;109;8;14.81;0
5718;1651;103;10;93.05;0
5719;1651;106;10;93.64;0
5720;1652;101;5;44.35;0
5721;1652;114;6;31.92;0
5722;1652;117;10;94.29;0
5723;1652;115;10;21.03;0
5724;1653;104;1;4.07;0
5725;1653;116;8;31.81;0
5726;1654;105;4;86.64;0
5727;1655;105;2;86.64;0
5728;1655;110;5;87.41;0
5729;1655;111;3;34.02;0
5730;1656;101;4;44.35;0
5731;1657;102;8;16.63;0
5732;1657;105;10;86.64;0
5733;1658;104;8;4.07;0
5734;1659;101;6;44.35;0
5735;1659;116;7;31.81;0
5736;1659;118;1;11.11;0
5737;1660;105;5;86.64;0
5738;1661;102;5;16.63;0
5739;1661;110;4;87.41;0
5740;1661;104;5;4.07;0
5741;1662;111;4;34.02;0
5742;1662;107;9;77.21;0
5743;1663;101;10;44.35;0
5744;1663;108;3;11.73;0
5745;1663;110;10;87.41;0
5746;1663;112;9;11.48;8
5747;1663;105;10;86.64;0
5748;1664;108;10;11.73;0
5749;1664;113;7;85.64;0
5750;1665;115;9;21.03;0
5751;1665;109;6;14.81;0
5752;1665;103;6;93.05;0
5753;1665;106;8;93.64;0
5754;1666;107;6;77.21;0
5755;1666;111;1;34.02;0
5756;1666;112;10;11.48;0
5757;1667;104;8;4.07;0
5758;1667;115;8;21.03;0
5759;1667;111;4;34.02;0
5760;1667;109;1;14.81;0
5761;1668;108;10;11.73;0
5762;1668;116;9;31.81;0
5763;1668;109;10;14.81;0
5764;1668;111;8;34.02;0
5765;1668;104;9;4.07;0
5766;1668;105;10;86.64;0
5767;1669;107;4;77.21;0
5768;1669;101;10;44.35;0
5769;1670;115;5;21.03;0
5770;1670;112;9;11.48;0
5771;1670;103;8;93.05;0
5772;1670;107;6;77.21;0
5773;1670;118;10;11.11;0
5774;1671;112;4;11.48;0
5775;1671;109;10;14.81;0
5776;1671;107;1;77.21;0
5777;1671;114;2;31.92;0
5778;1671;103;10;93.05;0
5779;1672;109;4;14.81;0
5780;1672;108;9;11.73;0
5781;1672;102;3;16.63;0
5782;1672;114;1;31.92;0
5783;1672;115;10;21.03;0
5784;1672;116;5;31.81;0
5785;1673;106;3;93.64;0
5786;1673;114;5;31.92;0
5787;1673;115;8;21.03;6
5788;1673;118;9;11.11;0
5789;1674;118;8;11.11;0
5790;1674;115;1;21.03;0
5791;1674;101;2;44.35;0
5792;1674;111;1;34.02;0
5793;1675;108;1;11.73;1
5794;1675;112;2;11.48;0
5795;1676;107;5;77.21;0
5796;1676;103;2;93.05;0
5797;1677;106;3;93.64;3
5798;1677;102;5;16.63;0
5799;1677;116;2;31.81;0
5800;1677;115;5;21.03;0
5801;1678;115;7;21.03;0
5802;1678;101;10;44.35;0
5803;1678;116;1;31.81;1
5804;1678;108;8;11.73;0
5805;1678;104;2;4.07;0
5806;1678;110;10;87.41;0
5807;1679;103;6;93.05;0
5808;1679;109;5;14.81;0
5809;1679;113;1;85.64;0
5810;1679;102;1;16.63;0
5811;1680;111;9;34.02;7
5812;1680;117;1;94.29;0
5813;1680;116;4;31.81;0
5814;1680;102;1;16.63;0
5815;1681;113;10;85.64;3
5816;1682;107;8;77.21;0
5817;1683;110;8;87.41;0
5818;1684;115;5;21.03;0
5819;1685;101;2;44.35;0
5820;1685;116;9;31.81;0
5821;1685;110;7;87.41;0
5822;1685;118;7;11.11;0
5823;1686;113;4;85.64;0
5824;1686;104;2;4.07;0
5825;1686;108;2;11.73;0
5826;1686;110;10;87.41;0
5827;1686;116;1;31.81;0
5828;1687;102;7;16.63;0
5829;1687;101;4;44.35;0
5830;1687;104;6;4.07;0
5831;1687;117;5;94.29;0
5832;1688;110;9;87.41;0
5833;1688;106;3;93.64;0
5834;1688;117;1;94.29;0
5835;1688;109;8;14.81;0
5836;1688;108;3;11.73;0
5837;1688;115;10;21.03;0
5838;1689;110;7;87.41;0
5839;1689;106;6;93.64;0
5840;1689;114;2;31.92;0
5841;1689;112;5;11.48;0
5842;1690;101;9;44.35;0
5843;1690;109;6;14.81;0
5844;1690;103;4;93.05;0
5845;1690;114;7;31.92;0
5846;1691;109;10;14.81;0
5847;1691;106;3;93.64;0
5848;1691;101;3;44.35;0
5849;1691;115;5;21.03;0
5850;1691;112;4;11.48;0
5851;1692;118;1;11.11;0
5852;1692;104;3;4.07;0
5853;1692;112;7;11.48;0
5854;1692;108;8;11.73;0
5855;1692;110;10;87.41;0
5856;1692;101;6;44.35;0
5857;1693;102;3;16.63;0
5858;1693;112;1;11.48;0
5859;1693;105;8;86.64;0
5860;1694;117;9;94.29;0
5861;1694;108;7;11.73;0
5862;1695;110;9;87.41;0
5863;1695;116;9;31.81;0
5864;1695;104;5;4.07;0
5865;1696;101;10;44.35;0
5866;1696;114;8;31.92;0
5867;1696;106;2;93.64;0
5868;1697;101;10;44.35;0
5869;1698;101;2;44.35;0
5870;1698;109;5;14.81;0
5871;1698;110;9;87.41;0
5872;1698;102;3;16.63;0
5873;1698;105;7;86.64;0
5874;1698;118;5;11.11;0
5875;1699;117;4;94.29;0
5876;1700;114;1;31.92;0
5877;1700;109;4;14.81;0
5878;1700;117;7;94.29;0
5879;1700;116;3;31.81;0
5880;1700;110;6;87.41;0
5881;1701;107;2;77.21;0
5882;1702;114;9;31.92;0
5883;1702;113;10;85.64;0
5884;1702;109;2;14.81;0
5885;1702;106;8;93.64;0
5886;1703;102;4;16.63;0
5887;1703;113;3;85.64;0
5888;1703;105;7;86.64;0
5889;1704;112;1;11.48;1
5890;1705;101;5;44.35;0
5891;1706;110;4;87.41;0
5892;1706;104;5;4.07;0
5893;1706;105;5;86.64;0
5894;1706;108;2;11.73;0
5895;1706;112;6;11.48;0
5896;1707;118;10;11.11;0
5897;1707;108;7;11.73;0
5898;1707;106;3;93.64;0
5899;1708;105;1;86.64;0
5900;1708;116;6;31.81;0
5901;1708;106;10;93.64;0
5902;1708;114;5;31.92;0
5903;1709;106;2;93.64;0
5904;1709;108;10;11.73;0
5905;1709;103;6;93.05;0
5906;1709;112;8;11.48;7
5907;1709;118;4;11.11;0
5908;1709;109;3;14.81;0
5909;1710;105;6;86.64;0
5910;1710;109;2;14.81;0
5911;1710;104;4;4.07;0
5912;1711;117;7;94.29;0
5913;1711;118;7;11.11;0
5914;1711;111;7;34.02;0
5915;1711;116;6;31.81;0
5916;1711;107;1;77.21;0
5917;1711;106;4;93.64;0
5918;1712;107;6;77.21;0
5919;1712;101;6;44.35;0
5920;1712;105;4;86.64;0
5921;1713;112;3;11.48;0
5922;1713;107;3;77.21;0
5923;1714;117;3;94.29;0
5924;1714;102;3;16.63;0
5925;1714;116;4;31.81;0
5926;1715;116;5;31.81;0
5927;1715;110;4;87.41;0
5928;1716;101;7;44.35;0
5929;1716;116;10;31.81;0
5930;1717;112;2;11.48;0
5931;1717;109;2;14.81;0
5932;1717;118;10;11.11;0
5933;1717;103;10;93.05;0
5934;1717;111;1;34.02;0
5935;1717;117;5;94.29;0
5936;1718;103;2;93.05;0
5937;1718;118;9;11.11;0
5938;1719;109;8;14.81;0
5939;1719;117;5;94.29;0
5940;1719;101;1;44.35;0
5941;1720;103;2;93.05;0
5942;1720;105;3;86.64;0
5943;1720;114;5;31.92;0
5944;1720;117;6;94.29;0
5945;1720;118;7;11.11;0
5946;1720;109;2;14.81;0
5947;1721;112;9;11.48;0
5948;1722;107;1;77.21;0
5949;1722;106;6;93.64;0
5950;1723;114;2;31.92;2
5951;1723;118;2;11.11;0
5952;1723;104;1;4.07;0
5953;1723;117;10;94.29;0
5954;1724;109;9;14.81;0
5955;1724;104;2;4.07;0
5956;1724;115;2;21.03;2
5957;1725;108;5;11.73;0
5958;1726;113;2;85.64;0
5959;1726;107;6;77.21;0
5960;1726;102;3;16.63;0
5961;1726;118;8;11.11;0
5962;1727;118;9;11.11;0
5963;1727;114;1;31.92;0
5964;1728;103;8;93.05;7
5965;1728;105;9;86.64;0
5966;1728;107;3;77.21;0
5967;1728;109;6;14.81;0
5968;1729;117;2;94.29;0
5969;1730;110;5;87.41;0
5970;1731;116;3;31.81;0
5971;1731;111;6;34.02;0
5972;1731;114;10;31.92;0
5973;1731;106;9;93.64;0
5974;1731;117;7;94.29;0
5975;1731;101;4;44.35;0
5976;1732;108;9;11.73;0
5977;1732;105;1;86.64;0
5978;1732;113;3;85.64;0
5979;1732;103;8;93.05;0
5980;1733;114;8;31.92;0
5981;1733;103;7;93.05;0
5982;1733;104;4;4.07;0
5983;1733;106;2;93.64;0
5984;1733;108;6;11.73;0
5985;1733;115;5;21.03;0
5986;1734;108;6;11.73;0
5987;1734;106;5;93.64;0
5988;1734;104;6;4.07;0
5989;1735;102;9;16.63;0
5990;1735;118;2;11.11;0
5991;1735;112;1;11.48;0
5992;1736;113;2;85.64;0
5993;1737;111;4;34.02;0
5994;1737;116;4;31.81;0
5995;1737;102;2;16.63;0
5996;1737;118;3;11.11;3
5997;1737;110;7;87.41;0
5998;1737;108;10;11.73;0
5999;1738;106;7;93.64;0
6000;1738;104;8;4.07;0
6001;1738;118;5;11.11;0
6002;1738;107;6;77.21;0
6003;1738;116;7;31.81;0
6004;1738;108;7;11.73;0
6005;1739;107;7;77.21;0
6006;1740;103;1;93.05;0
6007;1740;108;8;11.73;0
6008;1740;116;1;31.81;0
6009;1740;113;10;85.64;9
6010;1740;115;2;21.03;0
6011;1740;117;5;94.29;0
6012;1741;118;2;11.11;0
6013;1741;113;9;85.64;0
6014;1741;112;3;11.48;0
6015;1741;101;7;44.35;0
6016;1741;109;6;14.81;0
6017;1741;106;10;93.64;0
6018;1742;106;8;93.64;0
6019;1743;111;8;34.02;0
6020;1743;108;6;11.73;0
6021;1743;114;6;31.92;0
6022;1743;103;2;93.05;0
6023;1743;116;3;31.81;0
6024;1744;118;4;11.11;0
6025;1744;101;9;44.35;0
6026;1744;112;6;11.48;0
6027;1745;106;6;93.64;0
6028;1745;105;7;86.64;0
6029;1745;111;2;34.02;0
6030;1745;104;7;4.07;0
6031;1745;110;3;87.41;0
6032;1746;113;4;85.64;0
6033;1746;110;10;87.41;0
6034;1747;116;1;31.81;0
6035;1747;108;10;11.73;0
6036;1747;117;6;94.29;0
6037;1747;111;10;34.02;0
6038;1747;115;8;21.03;0
6039;1748;101;9;44.35;0
6040;1748;111;1;34.02;0
6041;1749;109;8;14.81;0
6042;1750;118;3;11.11;0
6043;1750;117;7;94.29;0
6044;1750;115;9;21.03;0
6045;1750;114;1;31.92;0
6046;1751;101;7;44.35;0
6047;1751;107;2;77.21;0
6048;1751;113;9;85.64;0
6049;1751;114;3;31.92;0
6050;1751;109;7;14.81;0
6051;1751;105;4;86.64;0
6052;1752;116;7;31.81;0
6053;1752;110;3;87.41;0
6054;1753;105;1;86.64;0
6055;1754;113;6;85.64;0
6056;1754;109;2;14.81;0
6057;1754;116;7;31.81;0
6058;1755;113;9;85.64;0
6059;1755;105;10;86.64;0
6060;1755;110;7;87.41;0
6061;1755;111;6;34.02;0
6062;1755;104;4;4.07;0
6063;1756;111;7;34.02;0
6064;1756;118;5;11.11;0
6065;1757;107;6;77.21;0
6066;1757;102;8;16.63;0
6067;1757;109;7;14.81;0
6068;1758;115;10;21.03;0
6069;1758;109;2;14.81;0
6070;1758;103;10;93.05;0
6071;1758;107;7;77.21;0
6072;1758;110;2;87.41;0
6073;1758;117;3;94.29;0
6074;1759;107;8;77.21;0
6075;1759;115;7;21.03;0
6076;1759;101;7;44.35;0
6077;1759;118;2;11.11;0
6078;1759;116;9;31.81;0
6079;1760;110;9;87.41;0
6080;1761;108;3;11.73;0
6081;1761;111;9;34.02;0
6082;1762;112;3;11.48;0
6083;1763;105;1;86.64;0
6084;1763;112;10;11.48;0
6085;1763;116;7;31.81;0
6086;1764;109;2;14.81;0
6087;1765;102;8;16.63;0
6088;1765;117;7;94.29;0
6089;1766;110;10;87.41;0
6090;1766;113;1;85.64;0
6091;1766;101;6;44.35;0
6092;1766;118;2;11.11;0
6093;1766;105;7;86.64;0
6094;1767;109;3;14.81;0
6095;1768;109;6;14.81;0
6096;1768;112;1;11.48;0
6097;1768;118;8;11.11;0
6098;1768;104;5;4.07;4
6099;1769;116;3;31.81;0
6100;1769;118;1;11.11;0
6101;1769;107;1;77.21;1
6102;1769;108;6;11.73;0
6103;1770;109;2;14.81;0
6104;1771;110;10;87.41;0
6105;1771;109;9;14.81;0
6106;1771;113;3;85.64;0
6107;1772;114;8;31.92;0
6108;1772;115;7;21.03;0
6109;1772;116;1;31.81;0
6110;1772;107;7;77.21;0
6111;1772;108;9;11.73;0
6112;1773;110;5;87.41;0
6113;1773;109;2;14.81;0
6114;1774;104;7;4.07;0
6115;1774;108;5;11.73;5
6116;1774;106;8;93.64;0
6117;1774;114;5;31.92;1
6118;1775;105;2;86.64;0
6119;1776;116;10;31.81;0
6120;1777;110;1;87.41;0
6121;1777;116;4;31.81;0
6122;1777;101;1;44.35;0
6123;1777;115;6;21.03;0
6124;1777;105;10;86.64;0
6125;1777;107;6;77.21;0
6126;1778;108;4;11.73;0
6127;1778;115;5;21.03;0
6128;1779;109;6;14.81;0
6129;1779;118;1;11.11;0
6130;1779;108;1;11.73;0
6131;1780;114;2;31.92;0
6132;1780;106;5;93.64;0
6133;1780;103;7;93.05;0
6134;1780;108;10;11.73;0
6135;1781;116;8;31.81;0
6136;1782;117;3;94.29;0
6137;1782;108;7;11.73;0
6138;1782;111;10;34.02;0
6139;1783;108;6;11.73;0
6140;1783;112;10;11.48;0
6141;1784;108;6;11.73;0
6142;1784;117;1;94.29;0
6143;1784;107;7;77.21;0
6144;1784;104;9;4.07;0
6145;1784;101;4;44.35;0
6146;1784;110;3;87.41;0
6147;1785;116;2;31.81;0
6148;1785;109;7;14.81;0
6149;1785;110;8;87.41;0
6150;1785;118;4;11.11;0
6151;1786;109;1;14.81;0
6152;1786;116;9;31.81;0
6153;1786;113;9;85.64;0
6154;1786;105;1;86.64;1
6155;1786;102;10;16.63;0
6156;1786;110;10;87.41;0
6157;1787;107;6;77.21;0
6158;1787;115;4;21.03;0
6159;1787;117;6;94.29;0
6160;1787;111;5;34.02;0
6161;1788;117;5;94.29;0
6162;1788;116;1;31.81;0
6163;1788;118;2;11.11;0
6164;1789;102;3;16.63;0
6165;1789;101;3;44.35;0
6166;1789;106;4;93.64;0
6167;1790;115;7;21.03;0
6168;1790;117;5;94.29;0
6169;1790;114;8;31.92;0
6170;1790;102;2;16.63;0
6171;1790;103;2;93.05;0
6172;1791;103;1;93.05;0
6173;1791;114;7;31.92;0
6174;1791;105;10;86.64;0
6175;1791;102;2;16.63;0
6176;1792;101;7;44.35;0
6177;1792;113;7;85.64;0
6178;1793;113;5;85.64;0
6179;1793;105;8;86.64;0
6180;1793;108;4;11.73;0
6181;1793;114;6;31.92;0
6182;1794;101;3;44.35;0
6183;1794;104;1;4.07;0
6184;1794;103;8;93.05;0
6185;1794;102;4;16.63;0
6186;1794;108;2;11.73;0
6187;1795;104;2;4.07;0
6188;1795;108;5;11.73;0
6189;1795;113;3;85.64;0
6190;1796;107;9;77.21;0
6191;1796;108;3;11.73;0
6192;1796;109;7;14.81;0
6193;1796;114;2;31.92;0
6194;1797;108;10;11.73;0
6195;1797;110;9;87.41;0
6196;1798;115;4;21.03;0
6197;1798;104;5;4.07;0
6198;1798;112;10;11.48;0
6199;1798;116;8;31.81;0
6200;1798;113;9;85.64;0
6201;1799;110;9;87.41;0
6202;1799;114;2;31.92;1
6203;1799;117;5;94.29;4
6204;1800;106;5;93.64;0
6205;1800;112;1;11.48;0
6206;1800;105;8;86.64;0
6207;1800;107;10;77.21;0
6208;1800;101;7;44.35;0
6209;1801;105;8;86.64;0
6210;1801;117;3;94.29;0
6211;1801;108;5;11.73;0
6212;1801;102;5;16.63;0
6213;1801;116;2;31.81;0
6214;1802;103;3;93.05;0
6215;1802;109;10;14.81;0
6216;1802;116;3;31.81;0
6217;1802;111;10;34.02;0
6218;1803;109;9;14.81;0
6219;1803;112;7;11.48;0
6220;1804;115;8;21.03;0
6221;1805;114;8;31.92;0
6222;1805;113;10;85.64;8
6223;1805;110;2;87.41;0
6224;1805;101;2;44.35;0
6225;1805;107;4;77.21;0
6226;1805;117;9;94.29;0
6227;1806;112;9;11.48;0
6228;1806;107;2;77.21;0
6229;1806;106;3;93.64;0
6230;1807;118;8;11.11;0
6231;1807;113;7;85.64;0
6232;1807;106;3;93.64;3
6233;1807;110;2;87.41;0
6234;1807;102;7;16.63;0
6235;1808;104;8;4.07;0
6236;1808;111;3;34.02;1
6237;1808;110;8;87.41;0
6238;1808;116;5;31.81;0
6239;1809;110;3;87.41;0
6240;1809;116;4;31.81;0
6241;1809;102;3;16.63;0
6242;1810;108;4;11.73;0
6243;1811;101;4;44.35;0
6244;1811;108;8;11.73;0
6245;1811;105;9;86.64;0
6246;1811;115;5;21.03;0
6247;1811;114;4;31.92;0
6248;1812;101;5;44.35;0
6249;1813;106;1;93.64;0
6250;1813;103;6;93.05;5
6251;1813;112;6;11.48;0
6252;1813;116;8;31.81;0
6253;1813;117;6;94.29;3
6254;1814;117;10;94.29;0
6255;1814;116;8;31.81;0
6256;1814;115;1;21.03;0
6257;1814;110;7;87.41;0
6258;1815;116;4;31.81;0
6259;1815;112;4;11.48;0
6260;1815;106;6;93.64;0
6261;1815;102;9;16.63;0
6262;1815;108;5;11.73;0
6263;1815;115;7;21.03;0
6264;1816;110;4;87.41;0
6265;1816;106;1;93.64;0
6266;1817;102;2;16.63;0
6267;1817;112;1;11.48;0
6268;1817;114;10;31.92;0
6269;1817;117;6;94.29;0
6270;1817;111;8;34.02;0
6271;1817;105;7;86.64;6
6272;1818;109;8;14.81;0
6273;1818;106;5;93.64;0
6274;1818;113;7;85.64;0
6275;1818;105;10;86.64;0
6276;1818;108;2;11.73;0
6277;1819;110;10;87.41;0
6278;1820;117;6;94.29;0
6279;1820;110;8;87.41;0
6280;1820;101;9;44.35;0
6281;1820;111;6;34.02;0
6282;1820;115;3;21.03;0
6283;1821;106;8;93.64;0
6284;1822;113;3;85.64;1
6285;1822;104;7;4.07;0
6286;1822;101;10;44.35;0
6287;1822;105;8;86.64;0
6288;1822;114;3;31.92;0
6289;1822;110;5;87.41;0
6290;1823;103;9;93.05;0
6291;1823;107;7;77.21;0
6292;1823;108;5;11.73;0
6293;1824;105;3;86.64;0
6294;1824;109;6;14.81;0
6295;1824;111;10;34.02;0
6296;1824;103;10;93.05;0
6297;1825;110;10;87.41;0
6298;1825;102;6;16.63;0
6299;1826;112;1;11.48;0
6300;1826;109;9;14.81;0
6301;1826;113;5;85.64;0
6302;1827;118;7;11.11;0
6303;1827;117;1;94.29;0
6304;1827;109;5;14.81;0
6305;1827;111;3;34.02;0
6306;1827;103;6;93.05;0
6307;1827;104;7;4.07;0
6308;1828;104;4;4.07;0
6309;1828;107;5;77.21;0
6310;1829;116;9;31.81;0
6311;1829;108;7;11.73;0
6312;1829;117;6;94.29;0
6313;1829;109;5;14.81;0
6314;1829;111;10;34.02;0
6315;1829;113;1;85.64;0
6316;1830;101;8;44.35;0
6317;1831;115;4;21.03;0
6318;1832;105;5;86.64;0
6319;1832;116;6;31.81;0
6320;1832;117;6;94.29;0
6321;1832;113;3;85.64;3
6322;1832;114;7;31.92;5
6323;1833;111;1;34.02;1
6324;1833;112;5;11.48;0
6325;1833;105;3;86.64;0
6326;1833;118;6;11.11;0
6327;1833;101;2;44.35;0
6328;1833;104;10;4.07;0
6329;1834;109;3;14.81;0
6330;1834;112;3;11.48;0
6331;1834;101;4;44.35;0
6332;1834;104;7;4.07;0
6333;1834;113;5;85.64;0
6334;1834;102;8;16.63;0
6335;1835;111;3;34.02;0
6336;1835;115;6;21.03;0
6337;1835;112;4;11.48;0
6338;1835;108;6;11.73;0
6339;1835;113;1;85.64;0
6340;1835;116;5;31.81;0
6341;1836;108;9;11.73;0
6342;1836;116;1;31.81;0
6343;1836;101;10;44.35;0
6344;1836;106;5;93.64;0
6345;1836;109;7;14.81;0
6346;1836;105;6;86.64;0
6347;1837;108;10;11.73;0
6348;1837;112;10;11.48;0
6349;1838;101;7;44.35;0
6350;1838;114;4;31.92;0
6351;1838;102;1;16.63;0
6352;1839;101;5;44.35;0
6353;1840;102;1;16.63;0
6354;1840;117;4;94.29;0
6355;1840;112;9;11.48;0
6356;1841;108;2;11.73;0
6357;1842;107;4;77.21;0
6358;1842;104;10;4.07;0
6359;1843;113;7;85.64;0
6360;1843;102;2;16.63;0
6361;1843;108;1;11.73;0
6362;1843;103;10;93.05;0
6363;1844;105;8;86.64;0
6364;1844;101;2;44.35;0
6365;1844;116;1;31.81;0
6366;1844;111;1;34.02;0
6367;1844;112;7;11.48;0
6368;1844;104;2;4.07;0
6369;1845;108;6;11.73;0
6370;1846;103;6;93.05;0
6371;1846;110;5;87.41;0
6372;1846;107;3;77.21;0
6373;1846;105;9;86.64;0
6374;1847;101;6;44.35;0
6375;1847;107;5;77.21;0
6376;1847;108;6;11.73;0
6377;1847;105;5;86.64;0
6378;1847;106;9;93.64;0
6379;1847;102;10;16.63;0
6380;1848;112;2;11.48;0
6381;1848;116;8;31.81;0
6382;1848;109;8;14.81;0
6383;1848;102;8;16.63;0
6384;1848;118;2;11.11;0
6385;1849;116;7;31.81;0
6386;1849;106;8;93.64;0
6387;1849;117;8;94.29;0
6388;1850;106;3;93.64;0
6389;1850;104;1;4.07;0
6390;1850;103;7;93.05;0
6391;1850;109;5;14.81;0
6392;1850;112;6;11.48;0
6393;1850;105;1;86.64;1
6394;1851;115;6;21.03;0
6395;1851;101;2;44.35;0
6396;1851;107;5;77.21;0
6397;1852;115;5;21.03;0
6398;1852;116;6;31.81;0
6399;1852;103;2;93.05;0
6400;1852;104;4;4.07;0
6401;1852;107;3;77.21;0
6402;1852;110;2;87.41;0
6403;1853;117;3;94.29;0
6404;1853;103;7;93.05;0
6405;1853;109;8;14.81;0
6406;1853;101;1;44.35;0
6407;1854;116;3;31.81;0
6408;1854;101;4;44.35;0
6409;1855;115;10;21.03;0
6410;1855;107;1;77.21;0
6411;1855;116;4;31.81;0
6412;1855;102;6;16.63;0
6413;1856;104;9;4.07;0
6414;1856;112;4;11.48;0
6415;1856;102;8;16.63;0
6416;1856;105;9;86.64;0
6417;1857;115;1;21.03;0
6418;1857;102;5;16.63;0
6419;1857;109;2;14.81;0
6420;1857;104;9;4.07;0
6421;1857;107;5;77.21;0
6422;1858;107;3;77.21;0
6423;1858;102;8;16.63;0
6424;1858;110;7;87.41;0
6425;1858;111;8;34.02;5
6426;1858;114;3;31.92;0
6427;1858;113;5;85.64;0
6428;1859;108;9;11.73;0
6429;1859;114;3;31.92;0
6430;1859;117;5;94.29;0
6431;1859;115;5;21.03;0
6432;1860;104;9;4.07;0
6433;1860;110;3;87.41;0
6434;1860;102;6;16.63;0
6435;1860;107;1;77.21;0
6436;1860;101;8;44.35;0
6437;1860;118;8;11.11;0
6438;1861;104;6;4.07;0
6439;1862;113;10;85.64;0
6440;1863;105;4;86.64;0
6441;1863;110;2;87.41;0
6442;1863;102;2;16.63;0
6443;1864;108;5;11.73;0
6444;1864;105;2;86.64;2
6445;1864;115;7;21.03;0
6446;1865;101;7;44.35;0
6447;1865;114;1;31.92;0
6448;1865;110;10;87.41;0
6449;1865;117;1;94.29;0
6450;1866;111;4;34.02;0
6451;1867;103;4;93.05;0
6452;1867;117;5;94.29;0
6453;1867;101;1;44.35;1
6454;1867;115;6;21.03;3
6455;1867;114;10;31.92;0
6456;1868;118;3;11.11;0
6457;1868;117;10;94.29;0
6458;1868;110;1;87.41;0
6459;1869;115;10;21.03;0
6460;1869;108;8;11.73;0
6461;1870;103;8;93.05;0
6462;1870;101;7;44.35;0
6463;1870;107;6;77.21;0
6464;1870;105;10;86.64;0
6465;1871;112;5;11.48;1
6466;1871;116;9;31.81;0
6467;1872;103;1;93.05;0
6468;1873;118;7;11.11;0
6469;1873;117;2;94.29;0
6470;1873;114;2;31.92;0
6471;1873;106;3;93.64;0
6472;1873;101;9;44.35;0
6473;1874;114;3;31.92;0
6474;1874;105;7;86.64;0
6475;1874;118;3;11.11;0
6476;1874;101;7;44.35;0
6477;1874;117;3;94.29;0
6478;1874;107;10;77.21;0
6479;1875;105;1;86.64;0
6480;1875;116;9;31.81;0
6481;1876;103;8;93.05;0
6482;1876;117;9;94.29;0
6483;1876;114;3;31.92;0
6484;1876;105;2;86.64;0
6485;1876;116;5;31.81;0
6486;1877;108;4;11.73;2
6487;1877;101;6;44.35;0
6488;1878;107;10;77.21;0
6489;1879;116;1;31.81;0
6490;1879;118;10;11.11;0
6491;1879;105;5;86.64;0
6492;1879;115;3;21.03;0
6493;1879;108;1;11.73;0
6494;1879;112;7;11.48;0
6495;1880;108;9;11.73;0
6496;1880;113;4;85.64;0
6497;1880;114;7;31.92;0
6498;1880;118;10;11.11;0
6499;1880;116;5;31.81;0
6500;1880;101;10;44.35;3
6501;1881;102;9;16.63;0
6502;1881;113;5;85.64;0
6503;1881;101;6;44.35;0
6504;1882;112;3;11.48;0
6505;1882;115;7;21.03;2
6506;1882;114;10;31.92;0
6507;1882;107;7;77.21;0
6508;1882;103;2;93.05;0
6509;1883;118;1;11.11;0
6510;1883;113;2;85.64;0
6511;1884;109;3;14.81;0
6512;1884;116;9;31.81;0
6513;1884;110;9;87.41;0
6514;1884;103;10;93.05;0
6515;1884;113;7;85.64;0
6516;1885;117;9;94.29;0
6517;1885;115;6;21.03;0
6518;1885;114;1;31.92;0
6519;1886;114;4;31.92;0
6520;1886;109;8;14.81;0
6521;1886;116;10;31.81;0
6522;1886;110;10;87.41;0
6523;1886;118;2;11.11;0
6524;1886;117;4;94.29;0
6525;1887;105;4;86.64;0
6526;1887;103;10;93.05;0
6527;1887;101;6;44.35;0
6528;1887;104;3;4.07;0
6529;1887;109;5;14.81;0
6530;1887;114;2;31.92;0
6531;1888;118;7;11.11;0
6532;1888;106;4;93.64;0
6533;1888;116;4;31.81;0
6534;1888;111;6;34.02;0
6535;1889;118;10;11.11;0
6536;1889;117;5;94.29;0
6537;1889;111;4;34.02;0
6538;1889;105;1;86.64;0
6539;1889;110;4;87.41;0
6540;1889;106;9;93.64;0
6541;1890;117;7;94.29;0
6542;1890;106;6;93.64;0
6543;1890;109;8;14.81;0
6544;1890;107;10;77.21;0
6545;1891;109;3;14.81;0
6546;1892;114;1;31.92;0
6547;1892;107;2;77.21;0
6548;1892;102;10;16.63;0
6549;1892;104;8;4.07;0
6550;1893;112;9;11.48;0
6551;1893;117;1;94.29;0
6552;1893;118;8;11.11;0
6553;1893;106;9;93.64;0
6554;1893;115;10;21.03;0
6555;1893;116;8;31.81;0
6556;1894;106;2;93.64;0
6557;1894;118;2;11.11;0
6558;1894;117;3;94.29;0
6559;1895;106;6;93.64;0
6560;1895;111;3;34.02;0
6561;1895;102;7;16.63;0
6562;1895;114;10;31.92;0
6563;1896;103;2;93.05;0
6564;1896;107;1;77.21;0
6565;1896;118;5;11.11;0
6566;1896;110;9;87.41;0
6567;1897;118;9;11.11;0
6568;1897;110;2;87.41;0
6569;1898;107;4;77.21;0
6570;1898;102;9;16.63;0
6571;1898;117;4;94.29;0
6572;1899;103;1;93.05;0
6573;1899;114;1;31.92;0
6574;1899;111;6;34.02;0
6575;1899;118;10;11.11;10
6576;1900;107;4;77.21;0
6577;1900;104;3;4.07;0
6578;1900;103;10;93.05;0
6579;1900;117;2;94.29;0
6580;1900;115;10;21.03;0
6581;1900;106;1;93.64;0
6582;1901;112;5;11.48;0
6583;1901;116;4;31.81;0
6584;1901;102;4;16.63;0
6585;1902;108;6;11.73;0
6586;1902;114;5;31.92;0
6587;1902;107;9;77.21;0
6588;1902;116;3;31.81;0
6589;1902;104;3;4.07;0
6590;1903;107;10;77.21;0
6591;1903;101;1;44.35;0
6592;1903;111;3;34.02;0
6593;1903;113;5;85.64;0
6594;1903;109;5;14.81;0
6595;1903;112;4;11.48;0
6596;1904;110;6;87.41;0
6597;1904;117;10;94.29;0
6598;1905;110;3;87.41;0
6599;1905;107;4;77.21;0
6600;1905;117;1;94.29;0
6601;1905;105;3;86.64;2
6602;1905;106;2;93.64;0
6603;1906;104;7;4.07;4
6604;1906;112;2;11.48;0
6605;1906;111;7;34.02;0
6606;1906;113;8;85.64;0
6607;1906;109;10;14.81;0
6608;1906;115;9;21.03;0
6609;1907;102;6;16.63;0
6610;1907;113;8;85.64;0
6611;1907;118;6;11.11;0
6612;1907;105;2;86.64;0
6613;1908;115;4;21.03;0
6614;1908;116;9;31.81;0
6615;1908;117;8;94.29;0
6616;1909;101;8;44.35;0
6617;1909;103;5;93.05;0
6618;1909;104;7;4.07;0
6619;1910;112;7;11.48;0
6620;1911;101;2;44.35;0
6621;1911;108;6;11.73;0
6622;1912;101;10;44.35;0
6623;1912;110;10;87.41;0
6624;1912;111;6;34.02;0
6625;1912;106;3;93.64;0
6626;1912;104;6;4.07;0
6627;1912;108;3;11.73;0
6628;1913;118;7;11.11;0
6629;1913;116;2;31.81;0
6630;1913;112;9;11.48;0
6631;1913;109;1;14.81;0
6632;1913;114;8;31.92;0
6633;1914;115;3;21.03;0
6634;1915;105;1;86.64;0
6635;1915;109;1;14.81;1
6636;1915;104;10;4.07;0
6637;1915;103;7;93.05;0
6638;1915;117;1;94.29;0
6639;1915;107;10;77.21;0
6640;1916;112;6;11.48;0
6641;1917;105;2;86.64;0
6642;1917;102;3;16.63;0
6643;1917;108;10;11.73;0
6644;1917;107;6;77.21;0
6645;1917;112;4;11.48;0
6646;1917;103;5;93.05;0
6647;1918;105;4;86.64;0
6648;1918;109;5;14.81;0
6649;1918;102;1;16.63;0
6650;1919;102;8;16.63;0
6651;1920;110;2;87.41;0
6652;1921;107;4;77.21;0
6653;1921;115;3;21.03;0
6654;1921;113;9;85.64;0
6655;1922;112;9;11.48;0
6656;1922;116;7;31.81;0
6657;1922;109;4;14.81;0
6658;1922;101;8;44.35;0
6659;1923;109;8;14.81;0
6660;1923;117;5;94.29;0
6661;1923;103;1;93.05;0
6662;1923;114;10;31.92;0
6663;1924;101;4;44.35;0
6664;1924;104;7;4.07;0
6665;1924;112;7;11.48;0
6666;1925;113;4;85.64;0
6667;1925;118;2;11.11;0
6668;1925;106;8;93.64;0
6669;1925;115;10;21.03;0
6670;1925;108;5;11.73;0
6671;1925;111;3;34.02;0
6672;1926;118;3;11.11;0
6673;1927;112;10;11.48;0
6674;1927;115;10;21.03;0
6675;1928;103;6;93.05;0
6676;1928;112;9;11.48;0
6677;1928;116;6;31.81;0
6678;1928;101;10;44.35;0
6679;1928;113;2;85.64;0
6680;1928;108;8;11.73;0
6681;1929;105;10;86.64;0
6682;1929;106;6;93.64;0
6683;1930;113;5;85.64;0
6684;1931;102;7;16.63;0
6685;1931;113;5;85.64;0
6686;1931;108;9;11.73;0
6687;1931;107;7;77.21;0
6688;1932;105;9;86.64;0
6689;1932;114;5;31.92;0
6690;1932;110;2;87.41;0
6691;1933;111;2;34.02;0
6692;1933;105;1;86.64;0
6693;1933;104;3;4.07;0
6694;1933;103;1;93.05;0
6695;1933;102;6;16.63;0
6696;1934;109;10;14.81;0
6697;1934;101;7;44.35;0
6698;1934;112;4;11.48;0
6699;1934;107;2;77.21;0
6700;1934;114;10;31.92;0
6701;1934;103;4;93.05;0
6702;1935;115;4;21.03;0
6703;1935;103;3;93.05;0
6704;1935;109;5;14.81;0
6705;1936;101;2;44.35;0
6706;1936;102;7;16.63;0
6707;1936;116;9;31.81;0
6708;1937;111;6;34.02;0
6709;1937;114;3;31.92;0
6710;1938;109;4;14.81;0
6711;1939;104;9;4.07;0
6712;1939;108;3;11.73;0
6713;1939;101;1;44.35;0
6714;1940;115;7;21.03;0
6715;1940;108;8;11.73;0
6716;1940;109;1;14.81;0
6717;1940;106;3;93.64;0
6718;1940;110;7;87.41;0
6719;1940;105;5;86.64;0
6720;1941;112;9;11.48;0
6721;1941;107;5;77.21;0
6722;1941;109;6;14.81;0
6723;1942;114;3;31.92;0
6724;1942;110;7;87.41;0
6725;1943;112;2;11.48;0
6726;1943;101;4;44.35;0
6727;1943;109;6;14.81;0
6728;1943;110;3;87.41;0
6729;1943;115;10;21.03;0
6730;1944;107;4;77.21;0
6731;1944;110;7;87.41;0
6732;1945;108;10;11.73;0
6733;1945;107;10;77.21;0
6734;1945;117;4;94.29;0
6735;1945;109;7;14.81;0
6736;1945;105;4;86.64;0
6737;1945;106;2;93.64;1
6738;1946;112;10;11.48;9
6739;1947;112;6;11.48;0
6740;1947;109;8;14.81;0
6741;1947;107;5;77.21;0
6742;1947;102;9;16.63;0
6743;1947;104;8;4.07;0
6744;1948;108;7;11.73;0
6745;1948;101;6;44.35;0
6746;1948;109;3;14.81;0
6747;1948;115;2;21.03;0
6748;1949;116;10;31.81;0
6749;1949;105;10;86.64;0
6750;1949;114;2;31.92;0
6751;1949;111;3;34.02;0
6752;1949;110;10;87.41;0
6753;1949;115;2;21.03;0
6754;1950;112;5;11.48;0
6755;1950;118;3;11.11;0
6756;1950;113;8;85.64;0
6757;1950;107;6;77.21;0
6758;1950;109;7;14.81;0
6759;1950;114;4;31.92;0
6760;1951;117;4;94.29;0
6761;1951;108;10;11.73;0
6762;1951;116;9;31.81;0
6763;1952;106;7;93.64;0
6764;1952;111;1;34.02;0
6765;1953;114;3;31.92;0
6766;1953;108;2;11.73;0
6767;1954;107;8;77.21;0
6768;1955;116;3;31.81;0
6769;1956;108;1;11.73;0
6770;1956;102;6;16.63;0
6771;1956;112;3;11.48;0
6772;1956;111;4;34.02;0
6773;1957;116;9;31.81;2
6774;1957;109;5;14.81;0
6775;1957;114;8;31.92;0
6776;1957;107;9;77.21;0
6777;1957;102;10;16.63;0
6778;1958;114;2;31.92;0
6779;1958;109;8;14.81;0
6780;1958;106;7;93.64;0
6781;1958;117;5;94.29;0
6782;1959;110;3;87.41;0
6783;1959;107;3;77.21;0
6784;1959;103;3;93.05;0
6785;1959;118;8;11.11;6
6786;1959;112;3;11.48;0
6787;1959;116;1;31.81;0
6788;1960;103;2;93.05;2
6789;1960;108;3;11.73;0
6790;1961;103;5;93.05;0
6791;1961;111;8;34.02;0
6792;1961;107;8;77.21;0
6793;1961;110;4;87.41;0
6794;1961;114;4;31.92;0
6795;1962;101;4;44.35;4
6796;1962;110;4;87.41;0
6797;1962;111;8;34.02;0
6798;1963;103;9;93.05;0
6799;1963;113;6;85.64;0
6800;1963;108;2;11.73;0
6801;1964;104;7;4.07;0
6802;1964;117;4;94.29;0
6803;1964;108;6;11.73;0
6804;1965;103;7;93.05;0
6805;1965;113;4;85.64;0
6806;1965;101;3;44.35;0
6807;1965;114;10;31.92;0
6808;1965;118;2;11.11;0
6809;1965;110;10;87.41;0
6810;1966;105;5;86.64;0
6811;1966;115;7;21.03;0
6812;1966;118;2;11.11;0
6813;1966;114;8;31.92;0
6814;1967;104;5;4.07;0
6815;1967;101;6;44.35;0
6816;1967;102;8;16.63;0
6817;1967;109;5;14.81;0
6818;1967;117;3;94.29;0
6819;1968;106;8;93.64;3
6820;1968;104;1;4.07;0
6821;1968;113;1;85.64;0
6822;1968;102;10;16.63;0
6823;1968;103;7;93.05;0
6824;1968;114;7;31.92;0
6825;1969;116;4;31.81;0
6826;1969;102;4;16.63;0
6827;1969;114;3;31.92;0
6828;1969;113;3;85.64;0
6829;1969;106;2;93.64;0
6830;1969;108;2;11.73;0
6831;1970;108;1;11.73;1
6832;1970;116;7;31.81;0
6833;1970;109;4;14.81;0
6834;1971;107;3;77.21;0
6835;1971;114;10;31.92;0
6836;1971;112;10;11.48;0
6837;1971;111;1;34.02;0
6838;1972;117;4;94.29;0
6839;1972;118;9;11.11;0
6840;1973;102;1;16.63;0
6841;1974;110;7;87.41;0
6842;1974;114;9;31.92;0
6843;1974;109;6;14.81;0
6844;1975;103;8;93.05;0
6845;1975;115;1;21.03;0
6846;1975;106;6;93.64;0
6847;1975;101;7;44.35;0
6848;1975;110;1;87.41;0
6849;1976;113;2;85.64;0
6850;1977;102;6;16.63;0
6851;1977;118;8;11.11;0
6852;1977;111;4;34.02;0
6853;1977;105;6;86.64;0
6854;1977;113;9;85.64;0
6855;1978;103;7;93.05;0
6856;1978;113;3;85.64;0
6857;1978;105;8;86.64;0
6858;1978;112;4;11.48;0
6859;1978;118;8;11.11;0
6860;1979;105;3;86.64;0
6861;1979;104;3;4.07;0
6862;1980;112;2;11.48;0
6863;1980;104;9;4.07;0
6864;1980;117;10;94.29;0
6865;1981;114;7;31.92;0
6866;1981;109;10;14.81;0
6867;1981;106;10;93.64;0
6868;1981;108;1;11.73;0
6869;1981;115;10;21.03;0
6870;1981;113;6;85.64;0
6871;1982;115;1;21.03;0
6872;1982;110;6;87.41;0
6873;1982;117;2;94.29;0
6874;1982;114;4;31.92;1
6875;1982;112;3;11.48;0
6876;1983;105;4;86.64;0
6877;1983;117;10;94.29;0
6878;1983;110;4;87.41;0
6879;1984;101;8;44.35;0
6880;1984;107;2;77.21;0
6881;1985;108;8;11.73;0
6882;1985;109;9;14.81;0
6883;1985;115;3;21.03;0
6884;1986;109;7;14.81;0
6885;1986;104;5;4.07;0
6886;1986;115;2;21.03;0
6887;1986;111;2;34.02;0
6888;1986;106;5;93.64;0
6889;1987;114;7;31.92;0
6890;1988;115;7;21.03;0
6891;1988;109;8;14.81;0
6892;1988;105;9;86.64;0
6893;1988;113;9;85.64;0
6894;1988;118;2;11.11;0
6895;1988;102;9;16.63;0
6896;1989;115;6;21.03;0
6897;1989;107;10;77.21;0
6898;1989;114;5;31.92;0
6899;1989;110;6;87.41;0
6900;1990;101;5;44.35;0
6901;1990;105;5;86.64;0
6902;1990;104;7;4.07;0
6903;1990;106;8;93.64;0
6904;1990;116;6;31.81;0
6905;1991;110;6;87.41;0
6906;1991;116;5;31.81;0
6907;1991;113;5;85.64;0
6908;1991;104;4;4.07;0
6909;1991;117;4;94.29;0
6910;1992;106;7;93.64;0
6911;1992;117;2;94.29;0
6912;1992;116;5;31.81;0
6913;1992;114;10;31.92;0
6914;1992;111;3;34.02;0
6915;1992;104;2;4.07;0
6916;1993;109;10;14.81;0
6917;1993;104;1;4.07;0
6918;1994;118;4;11.11;0
6919;1994;102;3;16.63;0
6920;1994;117;3;94.29;0
6921;1994;104;10;4.07;0
6922;1995;116;8;31.81;0
6923;1995;106;8;93.64;0
6924;1995;115;3;21.03;0
6925;1995;112;7;11.48;0
6926;1995;108;5;11.73;0
6927;1996;113;8;85.64;0
6928;1996;109;10;14.81;0
6929;1996;107;9;77.21;0
6930;1996;106;7;93.64;0
6931;1996;101;7;44.35;0
6932;1997;108;5;11.73;0
6933;1997;111;6;34.02;0
6934;1997;103;8;93.05;0
6935;1997;118;10;11.11;0
6936;1998;113;6;85.64;0
6937;1998;101;1;44.35;0
6938;1998;112;6;11.48;0
6939;1998;110;2;87.41;0
6940;1998;106;9;93.64;0
6941;1998;105;8;86.64;0
6942;1999;104;2;4.07;0
6943;1999;118;1;11.11;0
6944;1999;101;10;44.35;0
6945;1999;107;1;77.21;0
6946;2000;106;9;93.64;0
6947;2001;111;4;34.02;0
6948;2001;108;4;11.73;0
6949;2001;117;6;94.29;0
6950;2001;103;4;93.05;0
6951;2001;102;10;16.63;0
6952;2001;105;10;86.64;0
6953;2002;114;1;31.92;0
6954;2002;104;3;4.07;0
6955;2002;106;10;93.64;0
6956;2003;116;9;31.81;0
6957;2003;113;9;85.64;0
6958;2003;106;4;93.64;0
6959;2003;101;10;44.35;0
6960;2003;110;3;87.41;0
6961;2004;106;5;93.64;0
6962;2004;110;8;87.41;0
6963;2004;115;1;21.03;0
6964;2004;114;4;31.92;0
6965;2005;110;6;87.41;0
6966;2005;117;1;94.29;0
6967;2005;111;9;34.02;0
6968;2005;114;4;31.92;0
6969;2005;112;5;11.48;0
6970;2005;104;9;4.07;0
6971;2006;110;9;87.41;0
6972;2007;104;3;4.07;0
6973;2007;114;6;31.92;0
6974;2007;105;2;86.64;0
6975;2007;101;1;44.35;0
6976;2007;110;3;87.41;0
6977;2007;109;10;14.81;0
6978;2008;116;6;31.81;0
6979;2008;114;1;31.92;0
6980;2008;102;10;16.63;0
6981;2008;117;7;94.29;0
6982;2008;111;1;34.02;0
6983;2008;105;9;86.64;0
6984;2009;116;1;31.81;0
6985;2010;111;6;34.02;0
6986;2010;109;6;14.81;5
6987;2010;114;6;31.92;0
6988;2011;115;5;21.03;0
6989;2011;117;6;94.29;0
6990;2012;114;6;31.92;0
6991;2012;103;3;93.05;0
6992;2013;104;4;4.07;0
6993;2013;107;6;77.21;0
6994;2013;115;10;21.03;0
6995;2013;113;10;85.64;0
6996;2013;114;1;31.92;0
6997;2013;101;3;44.35;0
6998;2014;102;4;16.63;0
6999;2014;103;7;93.05;0
7000;2014;113;4;85.64;0
7001;2014;111;7;34.02;0
7002;2014;116;4;31.81;0
7003;2014;110;6;87.41;0
7004;2015;101;2;44.35;0
7005;2015;111;8;34.02;0
7006;2015;102;1;16.63;0
7007;2015;105;1;86.64;0
7008;2015;107;9;77.21;0
7009;2016;106;3;93.64;0
7010;2016;113;1;85.64;0
7011;2016;101;9;44.35;0
7012;2016;115;9;21.03;0
7013;2016;111;3;34.02;0
7014;2017;106;7;93.64;0
7015;2018;106;5;93.64;0
7016;2018;109;1;14.81;0
7017;2018;118;2;11.11;0
7018;2019;111;1;34.02;0
7019;2019;116;10;31.81;0
7020;2019;104;10;4.07;0
7021;2020;105;8;86.64;0
7022;2020;104;3;4.07;0
7023;2020;114;9;31.92;0
7024;2020;116;5;31.81;0
7025;2020;102;7;16.63;7
7026;2020;112;8;11.48;0
7027;2021;101;10;44.35;0
7028;2021;105;1;86.64;0
7029;2021;109;7;14.81;0
7030;2021;102;3;16.63;0
7031;2021;117;7;94.29;0
7032;2022;101;5;44.35;0
7033;2022;109;7;14.81;0
7034;2022;104;4;4.07;0
7035;2022;105;4;86.64;0
7036;2023;118;3;11.11;0
7037;2023;114;1;31.92;0
7038;2023;103;5;93.05;0
7039;2023;104;7;4.07;0
7040;2024;115;3;21.03;0
7041;2024;114;1;31.92;0
7042;2024;105;2;86.64;0
7043;2025;102;9;16.63;0
7044;2025;113;8;85.64;0
7045;2026;108;1;11.73;0
7046;2026;110;10;87.41;0
7047;2026;109;4;14.81;0
7048;2026;102;10;16.63;0
7049;2026;114;5;31.92;0
7050;2026;116;4;31.81;0
7051;2027;107;2;77.21;0
7052;2027;103;2;93.05;0
7053;2027;115;7;21.03;0
7054;2027;112;5;11.48;0
7055;2028;115;7;21.03;0
7056;2029;106;7;93.64;0
7057;2029;104;10;4.07;0
7058;2029;102;5;16.63;0
7059;2029;109;5;14.81;0
7060;2030;106;2;93.64;0
7061;2030;117;7;94.29;0
7062;2030;101;8;44.35;5
7063;2030;109;6;14.81;0
7064;2030;118;2;11.11;0
7065;2030;112;9;11.48;0
7066;2031;113;9;85.64;0
7067;2031;108;7;11.73;0
7068;2031;103;10;93.05;0
7069;2031;102;10;16.63;0
7070;2032;103;4;93.05;0
7071;2033;113;7;85.64;0
7072;2033;110;2;87.41;0
7073;2033;116;5;31.81;0
7074;2033;105;4;86.64;0
7075;2033;107;3;77.21;0
7076;2034;101;9;44.35;0
7077;2034;109;3;14.81;0
7078;2034;118;8;11.11;0
7079;2034;105;9;86.64;0
7080;2035;116;7;31.81;0
7081;2036;108;9;11.73;0
7082;2036;116;2;31.81;0
7083;2037;117;5;94.29;0
7084;2037;113;9;85.64;0
7085;2037;107;1;77.21;0
7086;2038;103;2;93.05;2
7087;2038;101;3;44.35;0
7088;2038;105;10;86.64;0
7089;2038;111;4;34.02;0
7090;2038;118;6;11.11;0
7091;2039;107;6;77.21;0
7092;2039;116;5;31.81;0
7093;2039;104;6;4.07;0
7094;2039;114;4;31.92;0
7095;2039;108;1;11.73;0
7096;2039;105;8;86.64;0
7097;2040;106;4;93.64;0
7098;2040;108;5;11.73;0
7099;2040;118;7;11.11;0
7100;2040;110;1;87.41;1
7101;2041;109;3;14.81;0
7102;2041;103;7;93.05;0
7103;2041;112;2;11.48;0
7104;2042;118;2;11.11;0
7105;2042;114;10;31.92;0
7106;2042;113;1;85.64;0
7107;2042;105;4;86.64;0
7108;2043;115;10;21.03;0
7109;2043;109;1;14.81;1
7110;2043;114;7;31.92;0
7111;2043;110;9;87.41;0
7112;2043;118;4;11.11;0
7113;2044;108;10;11.73;0
7114;2044;113;7;85.64;0
7115;2044;115;4;21.03;4
7116;2045;102;3;16.63;0
7117;2045;114;3;31.92;0
7118;2045;106;8;93.64;0
7119;2046;109;5;14.81;0
7120;2047;113;8;85.64;0
7121;2047;118;7;11.11;0
7122;2047;107;3;77.21;0
7123;2048;108;10;11.73;0
7124;2048;114;4;31.92;0
7125;2048;104;7;4.07;0
7126;2048;107;10;77.21;0
7127;2048;115;3;21.03;0
7128;2048;109;2;14.81;0
7129;2049;111;5;34.02;0
7130;2049;112;2;11.48;0
7131;2049;106;4;93.64;0
7132;2049;102;2;16.63;0
7133;2050;108;10;11.73;0
7134;2050;103;1;93.05;0
7135;2051;101;10;44.35;0
7136;2051;117;9;94.29;0
7137;2051;107;5;77.21;0
7138;2051;109;5;14.81;0
7139;2051;114;8;31.92;0
7140;2052;115;6;21.03;0
7141;2052;113;1;85.64;0
7142;2052;104;7;4.07;0
7143;2052;109;5;14.81;0
7144;2053;108;5;11.73;0
7145;2053;118;7;11.11;0
7146;2053;116;10;31.81;0
7147;2054;117;10;94.29;0
7148;2054;118;7;11.11;0
7149;2055;112;3;11.48;0
7150;2055;105;8;86.64;0
7151;2055;104;3;4.07;0
7152;2055;117;4;94.29;0
7153;2056;113;10;85.64;0
7154;2056;118;10;11.11;0
7155;2056;116;6;31.81;2
7156;2056;105;5;86.64;0
7157;2057;102;10;16.63;0
7158;2057;105;1;86.64;0
7159;2057;118;2;11.11;0
7160;2057;111;6;34.02;0
7161;2057;104;7;4.07;0
7162;2058;112;3;11.48;0
7163;2058;108;4;11.73;0
7164;2058;114;10;31.92;0
7165;2058;103;6;93.05;4
7166;2058;102;5;16.63;0
7167;2059;116;4;31.81;0
7168;2059;112;8;11.48;0
7169;2060;115;4;21.03;4
7170;2060;108;1;11.73;0
7171;2060;110;1;87.41;0
7172;2060;109;3;14.81;0
7173;2060;105;3;86.64;0
7174;2060;106;6;93.64;0
7175;2061;114;9;31.92;0
7176;2061;107;7;77.21;0
7177;2061;113;10;85.64;0
7178;2062;109;8;14.81;0
7179;2063;101;3;44.35;0
7180;2063;116;3;31.81;0
7181;2064;110;3;87.41;0
7182;2064;107;7;77.21;0
7183;2064;117;5;94.29;0
7184;2064;108;4;11.73;0
7185;2064;115;8;21.03;0
7186;2064;113;4;85.64;0
7187;2065;112;4;11.48;0
7188;2065;116;2;31.81;0
7189;2065;103;7;93.05;0
7190;2066;101;7;44.35;0
7191;2067;101;8;44.35;0
7192;2067;112;1;11.48;0
7193;2067;113;9;85.64;0
7194;2068;108;1;11.73;0
7195;2068;117;2;94.29;0
7196;2068;109;1;14.81;0
7197;2068;101;2;44.35;0
7198;2068;107;2;77.21;0
7199;2068;105;3;86.64;0
7200;2069;112;10;11.48;0
7201;2069;114;8;31.92;0
7202;2069;107;3;77.21;0
7203;2069;104;7;4.07;0
7204;2070;115;5;21.03;0
7205;2071;111;2;34.02;0
7206;2071;115;9;21.03;0
7207;2072;113;9;85.64;0
7208;2072;114;1;31.92;0
7209;2073;110;9;87.41;0
7210;2073;108;9;11.73;0
7211;2073;106;5;93.64;0
7212;2073;113;6;85.64;0
7213;2073;118;7;11.11;0
7214;2073;109;9;14.81;0
7215;2074;107;10;77.21;0
7216;2075;102;6;16.63;0
7217;2075;106;1;93.64;0
7218;2075;116;9;31.81;0
7219;2075;104;1;4.07;0
7220;2075;103;8;93.05;0
7221;2076;105;1;86.64;0
7222;2076;113;8;85.64;0
7223;2077;107;7;77.21;0
7224;2077;115;10;21.03;0
7225;2077;106;10;93.64;0
7226;2077;102;1;16.63;0
7227;2077;105;5;86.64;0
7228;2077;116;3;31.81;0
7229;2078;104;1;4.07;0
7230;2078;106;1;93.64;0
7231;2079;117;10;94.29;0
7232;2079;109;6;14.81;0
7233;2079;113;9;85.64;0
7234;2079;105;4;86.64;0
7235;2079;111;1;34.02;0
7236;2080;108;10;11.73;6
7237;2080;116;2;31.81;0
7238;2080;111;5;34.02;0
7239;2080;107;1;77.21;0
7240;2081;107;8;77.21;0
7241;2081;102;1;16.63;0
7242;2081;113;10;85.64;0
7243;2081;109;4;14.81;0
7244;2081;117;10;94.29;0
7245;2082;118;5;11.11;0
7246;2083;105;9;86.64;0
7247;2084;113;2;85.64;0
7248;2084;107;8;77.21;0
7249;2084;109;9;14.81;0
7250;2084;111;7;34.02;0
7251;2084;110;3;87.41;0
7252;2084;115;4;21.03;0
7253;2085;114;3;31.92;0
7254;2086;114;4;31.92;0
7255;2087;112;9;11.48;0
7256;2087;113;8;85.64;0
7257;2087;105;2;86.64;0
7258;2087;101;3;44.35;0
7259;2087;109;5;14.81;0
7260;2088;117;9;94.29;0
7261;2089;102;6;16.63;0
7262;2090;103;1;93.05;0
7263;2090;116;2;31.81;0
7264;2090;102;10;16.63;0
7265;2090;109;10;14.81;0
7266;2090;110;2;87.41;0
7267;2090;117;9;94.29;0
7268;2091;116;7;31.81;7
7269;2091;114;9;31.92;9
7270;2092;116;6;31.81;0
7271;2092;113;5;85.64;0
7272;2092;118;9;11.11;0
7273;2093;114;5;31.92;0
7274;2094;117;8;94.29;0
7275;2095;103;10;93.05;0
7276;2095;110;8;87.41;0
7277;2095;108;3;11.73;3
7278;2096;108;2;11.73;0
7279;2096;118;9;11.11;0
7280;2097;111;9;34.02;0
7281;2098;118;5;11.11;0
7282;2099;114;2;31.92;0
7283;2099;105;6;86.64;0
7284;2099;106;7;93.64;0
7285;2099;117;4;94.29;0
7286;2100;107;3;77.21;0
7287;2100;114;10;31.92;0
7288;2100;104;3;4.07;0
7289;2100;105;8;86.64;0
7290;2100;116;3;31.81;0
7291;2101;111;8;34.02;0
7292;2101;114;9;31.92;0
7293;2101;109;5;14.81;0
7294;2101;107;5;77.21;0
7295;2102;101;5;44.35;0
7296;2103;105;4;86.64;0
7297;2103;102;10;16.63;7
7298;2103;110;3;87.41;0
7299;2103;107;7;77.21;0
7300;2104;103;7;93.05;0
7301;2104;102;4;16.63;0
7302;2104;117;1;94.29;1
7303;2104;111;1;34.02;0
7304;2105;115;6;21.03;0
7305;2106;106;3;93.64;0
7306;2106;107;7;77.21;0
7307;2106;112;1;11.48;0
7308;2106;114;1;31.92;0
7309;2107;102;4;16.63;0
7310;2107;116;8;31.81;0
7311;2107;115;3;21.03;0
7312;2107;108;9;11.73;0
7313;2107;101;4;44.35;0
7314;2108;105;7;86.64;0
7315;2108;102;1;16.63;0
7316;2108;108;5;11.73;3
7317;2108;118;9;11.11;0
7318;2109;103;8;93.05;0
7319;2109;108;2;11.73;0
7320;2109;117;9;94.29;0
7321;2109;104;8;4.07;0
7322;2110;103;10;93.05;0
7323;2110;114;2;31.92;0
7324;2110;108;2;11.73;0
7325;2110;101;3;44.35;0
7326;2110;111;3;34.02;0
7327;2110;104;7;4.07;0
7328;2111;108;8;11.73;0
7329;2111;112;6;11.48;0
7330;2111;115;7;21.03;0
7331;2111;113;1;85.64;0
7332;2111;110;8;87.41;0
7333;2112;114;4;31.92;0
7334;2112;104;5;4.07;0
7335;2112;112;3;11.48;0
7336;2112;102;10;16.63;0
7337;2112;106;4;93.64;0
7338;2112;115;7;21.03;0
7339;2113;101;5;44.35;0
7340;2113;118;7;11.11;0
7341;2114;111;5;34.02;0
7342;2114;117;9;94.29;0
7343;2114;113;8;85.64;0
7344;2114;109;3;14.81;0
7345;2115;101;8;44.35;0
7346;2115;118;4;11.11;0
7347;2115;103;5;93.05;0
7348;2115;104;1;4.07;0
7349;2115;111;6;34.02;0
7350;2116;101;7;44.35;0
7351;2116;109;7;14.81;0
7352;2117;106;3;93.64;0
7353;2117;104;8;4.07;0
7354;2117;117;4;94.29;0
7355;2117;115;10;21.03;0
7356;2117;113;10;85.64;0
7357;2118;114;7;31.92;0
7358;2119;107;8;77.21;0
7359;2119;108;6;11.73;0
7360;2119;101;3;44.35;0
7361;2119;110;10;87.41;7
7362;2120;115;10;21.03;1
7363;2120;114;8;31.92;0
7364;2120;105;10;86.64;0
7365;2120;101;1;44.35;0
7366;2120;106;3;93.64;0
7367;2120;104;5;4.07;0
7368;2121;109;4;14.81;0
7369;2121;105;4;86.64;0
7370;2121;106;4;93.64;0
7371;2121;111;2;34.02;0
7372;2121;117;4;94.29;0
7373;2122;106;7;93.64;0
7374;2122;110;7;87.41;0
7375;2122;108;7;11.73;0
7376;2122;102;4;16.63;0
7377;2122;116;6;31.81;0
7378;2123;110;10;87.41;0
7379;2123;104;6;4.07;0
7380;2124;108;2;11.73;0
7381;2124;103;7;93.05;1
7382;2124;110;4;87.41;0
7383;2125;111;3;34.02;0
7384;2125;114;5;31.92;0
7385;2125;109;8;14.81;0
7386;2126;113;5;85.64;0
7387;2126;101;5;44.35;0
7388;2126;102;8;16.63;0
7389;2126;117;3;94.29;0
7390;2126;107;9;77.21;0
7391;2126;104;7;4.07;0
7392;2127;118;9;11.11;0
7393;2127;103;9;93.05;0
7394;2127;108;2;11.73;0
7395;2127;115;4;21.03;0
7396;2128;113;3;85.64;0
7397;2128;117;5;94.29;0
7398;2128;115;5;21.03;0
7399;2129;113;10;85.64;0
7400;2129;118;8;11.11;0
7401;2129;106;7;93.64;0
7402;2129;114;2;31.92;0
7403;2130;108;1;11.73;0
7404;2130;112;5;11.48;0
7405;2131;113;3;85.64;3
7406;2131;103;4;93.05;0
7407;2131;118;4;11.11;0
7408;2132;106;4;93.64;0
7409;2132;116;3;31.81;0
7410;2132;105;5;86.64;0
7411;2132;108;3;11.73;0
7412;2132;115;6;21.03;1
7413;2133;117;8;94.29;1
7414;2134;109;4;14.81;0
7415;2134;102;2;16.63;0
7416;2134;114;2;31.92;0
7417;2134;101;10;44.35;0
7418;2134;108;7;11.73;0
7419;2134;118;6;11.11;0
7420;2135;111;4;34.02;0
7421;2135;115;2;21.03;0
7422;2135;106;7;93.64;0
7423;2136;113;6;85.64;0
7424;2136;103;8;93.05;0
7425;2136;108;8;11.73;0
7426;2137;113;7;85.64;0
7427;2137;102;2;16.63;0
7428;2137;104;2;4.07;0
7429;2138;103;10;93.05;0
7430;2138;114;8;31.92;2
7431;2138;105;1;86.64;0
7432;2138;104;5;4.07;0
7433;2139;113;6;85.64;0
7434;2139;106;9;93.64;0
7435;2140;117;3;94.29;0
7436;2140;116;4;31.81;3
7437;2140;108;1;11.73;0
7438;2140;106;5;93.64;0
7439;2141;102;5;16.63;0
7440;2141;118;9;11.11;0
7441;2141;106;7;93.64;0
7442;2141;113;3;85.64;3
7443;2141;104;5;4.07;0
7444;2141;107;10;77.21;0
7445;2142;115;7;21.03;0
7446;2142;111;8;34.02;0
7447;2142;113;2;85.64;0
7448;2142;105;1;86.64;0
7449;2142;114;6;31.92;0
7450;2142;109;4;14.81;0
7451;2143;107;6;77.21;0
7452;2143;101;3;44.35;0
7453;2143;114;3;31.92;0
7454;2144;117;7;94.29;0
7455;2144;102;10;16.63;0
7456;2144;113;10;85.64;0
7457;2144;101;6;44.35;0
7458;2145;113;1;85.64;0
7459;2145;118;1;11.11;0
7460;2145;102;4;16.63;0
7461;2145;116;4;31.81;0
7462;2145;117;4;94.29;0
7463;2146;102;2;16.63;0
7464;2146;103;2;93.05;0
7465;2146;110;6;87.41;0
7466;2146;104;9;4.07;0
7467;2146;118;2;11.11;0
7468;2147;118;9;11.11;0
7469;2147;116;4;31.81;0
7470;2147;111;1;34.02;0
7471;2148;105;3;86.64;0
7472;2148;104;4;4.07;0
7473;2148;118;3;11.11;0
7474;2148;113;1;85.64;0
7475;2148;106;2;93.64;0
7476;2149;108;2;11.73;0
7477;2150;107;2;77.21;0
7478;2150;115;8;21.03;0
7479;2150;105;2;86.64;0
7480;2150;117;6;94.29;0
7481;2151;104;8;4.07;0
7482;2152;108;9;11.73;0
7483;2152;111;10;34.02;0
7484;2152;116;8;31.81;0
7485;2153;108;6;11.73;0
7486;2153;113;7;85.64;0
7487;2153;105;1;86.64;0
7488;2153;103;5;93.05;0
7489;2153;112;5;11.48;0
7490;2154;114;8;31.92;0
7491;2154;101;10;44.35;0
7492;2155;101;6;44.35;0
7493;2155;112;3;11.48;0
7494;2156;109;7;14.81;0
7495;2156;114;5;31.92;0
7496;2156;104;9;4.07;0
7497;2157;113;2;85.64;2
7498;2157;101;1;44.35;0
7499;2157;103;3;93.05;0
7500;2158;103;3;93.05;0
7501;2158;108;6;11.73;0
7502;2159;115;1;21.03;0
7503;2159;111;2;34.02;0
7504;2160;106;3;93.64;0
7505;2160;103;9;93.05;0
7506;2160;107;1;77.21;0
7507;2161;109;7;14.81;0
7508;2161;101;3;44.35;0
7509;2161;102;9;16.63;0
7510;2161;115;7;21.03;0
7511;2161;105;8;86.64;0
7512;2161;112;9;11.48;0
7513;2162;107;5;77.21;0
7514;2163;101;2;44.35;0
7515;2163;107;7;77.21;0
7516;2164;112;6;11.48;0
7517;2165;118;2;11.11;0
7518;2165;109;10;14.81;0
7519;2166;105;3;86.64;0
7520;2166;103;9;93.05;0
7521;2166;116;3;31.81;0
7522;2167;111;4;34.02;3
7523;2167;118;9;11.11;0
7524;2167;105;2;86.64;0
7525;2167;108;9;11.73;0
7526;2167;116;8;31.81;0
7527;2168;118;4;11.11;0
7528;2168;109;1;14.81;0
7529;2168;113;5;85.64;0
7530;2168;105;3;86.64;0
7531;2168;104;6;4.07;0
7532;2168;103;10;93.05;0
7533;2169;111;5;34.02;0
7534;2170;117;3;94.29;0
7535;2170;113;1;85.64;0
7536;2170;102;5;16.63;0
7537;2170;105;6;86.64;0
7538;2171;107;10;77.21;0
7539;2171;114;4;31.92;0
7540;2171;118;8;11.11;0
7541;2171;104;3;4.07;0
7542;2171;101;8;44.35;0
7543;2171;111;2;34.02;0
7544;2172;102;8;16.63;0
7545;2172;107;6;77.21;0
7546;2173;104;1;4.07;0
7547;2173;105;4;86.64;0
7548;2173;115;3;21.03;0
7549;2173;118;2;11.11;0
7550;2174;110;5;87.41;0
7551;2174;102;10;16.63;0
7552;2174;115;1;21.03;0
7553;2174;109;8;14.81;0
7554;2175;117;5;94.29;0
7555;2175;112;2;11.48;0
7556;2175;115;3;21.03;0
7557;2175;101;2;44.35;0
7558;2176;118;10;11.11;0
7559;2176;113;7;85.64;0
7560;2176;112;9;11.48;0
7561;2176;115;8;21.03;0
7562;2176;103;9;93.05;0
7563;2176;107;2;77.21;0
7564;2177;116;8;31.81;0
7565;2177;114;1;31.92;0
7566;2178;106;7;93.64;0
7567;2178;118;1;11.11;0
7568;2179;116;8;31.81;0
7569;2179;103;2;93.05;0
7570;2179;102;9;16.63;0
7571;2179;115;9;21.03;0
7572;2179;117;6;94.29;0
7573;2180;112;8;11.48;0
7574;2180;107;2;77.21;0
7575;2181;103;4;93.05;0
7576;2181;107;3;77.21;0
7577;2182;112;2;11.48;0
7578;2182;110;3;87.41;0
7579;2182;104;9;4.07;0
7580;2182;115;3;21.03;0
7581;2183;109;5;14.81;0
7582;2183;111;10;34.02;0
7583;2183;107;9;77.21;0
7584;2183;105;6;86.64;0
7585;2183;117;8;94.29;0
7586;2184;103;6;93.05;3
7587;2184;118;7;11.11;0
7588;2184;101;5;44.35;0
7589;2185;111;7;34.02;0
7590;2185;109;6;14.81;0
7591;2185;114;1;31.92;1
7592;2186;101;7;44.35;0
7593;2186;102;1;16.63;0
7594;2186;112;3;11.48;0
7595;2186;118;8;11.11;0
7596;2186;105;8;86.64;0
7597;2186;113;7;85.64;0
7598;2187;111;2;34.02;0
7599;2187;112;3;11.48;0
7600;2187;105;9;86.64;0
7601;2187;103;5;93.05;0
7602;2188;104;3;4.07;0
7603;2188;103;9;93.05;0
7604;2188;115;7;21.03;0
7605;2188;105;4;86.64;0
7606;2188;118;3;11.11;0
7607;2189;110;2;87.41;0
7608;2189;101;6;44.35;0
7609;2189;116;5;31.81;0
7610;2190;102;7;16.63;0
7611;2190;107;2;77.21;0
7612;2190;108;9;11.73;0
7613;2190;116;5;31.81;0
7614;2190;101;8;44.35;0
7615;2191;118;1;11.11;0
7616;2191;110;10;87.41;0
7617;2192;102;1;16.63;0
7618;2192;114;6;31.92;0
7619;2192;117;1;94.29;1
7620;2192;112;10;11.48;0
7621;2192;105;5;86.64;0
7622;2192;107;1;77.21;0
7623;2193;102;3;16.63;0
7624;2194;105;7;86.64;0
7625;2194;103;2;93.05;0
7626;2195;109;7;14.81;0
7627;2195;117;5;94.29;0
7628;2195;111;6;34.02;0
7629;2195;103;7;93.05;0
7630;2195;102;5;16.63;0
7631;2195;106;9;93.64;0
7632;2196;112;8;11.48;0
7633;2196;107;3;77.21;0
7634;2196;104;5;4.07;0
7635;2197;108;5;11.73;0
7636;2197;101;6;44.35;6
7637;2197;114;2;31.92;0
7638;2197;107;7;77.21;0
7639;2197;106;6;93.64;0
7640;2197;116;9;31.81;0
7641;2198;103;2;93.05;0
7642;2198;111;5;34.02;0
7643;2199;111;10;34.02;0
7644;2199;112;3;11.48;0
7645;2199;115;4;21.03;0
7646;2199;101;8;44.35;0
7647;2199;105;5;86.64;0
7648;2200;115;4;21.03;0
7649;2200;105;9;86.64;0
7650;2200;111;6;34.02;0
7651;2200;106;4;93.64;0
7652;2200;101;7;44.35;0
7653;2200;112;9;11.48;0
7654;2201;108;2;11.73;0
7655;2201;116;2;31.81;0
7656;2202;108;9;11.73;0
7657;2202;111;5;34.02;0
7658;2202;102;10;16.63;0
7659;2203;109;4;14.81;0
7660;2203;105;3;86.64;0
7661;2203;110;5;87.41;0
7662;2204;101;5;44.35;0
7663;2204;105;9;86.64;0
7664;2204;106;9;93.64;0
7665;2204;103;5;93.05;0
7666;2205;104;2;4.07;0
7667;2205;108;3;11.73;0
7668;2206;105;10;86.64;0
7669;2206;103;2;93.05;0
7670;2206;104;9;4.07;0
7671;2206;111;7;34.02;0
7672;2207;110;9;87.41;0
7673;2207;115;2;21.03;0
7674;2207;101;2;44.35;0
7675;2207;114;2;31.92;0
7676;2207;106;3;93.64;0
7677;2207;117;4;94.29;0
7678;2208;104;2;4.07;0
7679;2208;114;7;31.92;0
7680;2208;101;10;44.35;0
7681;2208;113;5;85.64;0
7682;2208;116;10;31.81;0
7683;2208;115;4;21.03;0
7684;2209;111;6;34.02;0
7685;2209;109;7;14.81;0
7686;2209;107;9;77.21;0
7687;2209;108;1;11.73;0
7688;2209;112;4;11.48;0
7689;2210;112;8;11.48;0
7690;2210;108;1;11.73;0
7691;2210;116;9;31.81;0
7692;2211;116;9;31.81;0
7693;2211;110;10;87.41;0
7694;2212;111;2;34.02;0
7695;2212;115;3;21.03;0
7696;2212;116;6;31.81;0
7697;2212;114;7;31.92;0
7698;2212;107;2;77.21;0
7699;2212;113;8;85.64;0
7700;2213;103;3;93.05;0
7701;2214;116;10;31.81;0
7702;2214;112;10;11.48;0
7703;2214;110;8;87.41;0
7704;2215;105;5;86.64;0
7705;2215;118;2;11.11;0
7706;2215;117;6;94.29;0
7707;2216;112;7;11.48;0
7708;2216;107;7;77.21;0
7709;2216;103;6;93.05;0
7710;2216;111;5;34.02;0
7711;2217;103;7;93.05;0
7712;2217;111;10;34.02;0
7713;2217;114;9;31.92;0
7714;2217;115;7;21.03;0
7715;2217;117;3;94.29;0
7716;2217;101;5;44.35;0
7717;2218;107;6;77.21;0
7718;2218;115;8;21.03;0
7719;2219;101;1;44.35;1
7720;2219;114;9;31.92;0
7721;2219;110;5;87.41;0
7722;2219;118;7;11.11;0
7723;2219;113;6;85.64;0
7724;2220;110;6;87.41;5
7725;2221;114;7;31.92;0
7726;2221;118;8;11.11;0
7727;2221;110;2;87.41;0
7728;2221;116;5;31.81;4
7729;2221;111;4;34.02;0
7730;2222;115;2;21.03;0
7731;2222;110;6;87.41;0
7732;2222;101;5;44.35;5
7733;2223;105;2;86.64;0
7734;2223;103;8;93.05;0
7735;2223;112;9;11.48;0
7736;2223;101;5;44.35;0
7737;2224;118;9;11.11;0
7738;2224;112;8;11.48;0
7739;2224;110;10;87.41;0
7740;2224;109;8;14.81;0
7741;2224;117;2;94.29;0
7742;2224;101;8;44.35;0
7743;2225;106;10;93.64;0
7744;2225;111;4;34.02;0
7745;2226;107;9;77.21;0
7746;2226;106;4;93.64;0
7747;2226;113;10;85.64;0
7748;2227;101;4;44.35;0
7749;2227;116;4;31.81;0
7750;2227;103;8;93.05;0
7751;2227;106;1;93.64;0
7752;2228;101;8;44.35;0
7753;2228;103;7;93.05;0
7754;2228;106;3;93.64;0
7755;2229;103;1;93.05;0
7756;2229;112;5;11.48;0
7757;2229;101;3;44.35;0
7758;2229;106;10;93.64;0
7759;2229;108;6;11.73;0
7760;2230;102;3;16.63;0
7761;2230;111;7;34.02;0
7762;2231;107;5;77.21;0
7763;2231;110;2;87.41;0
7764;2231;109;1;14.81;1
7765;2232;103;5;93.05;0
7766;2232;107;5;77.21;0
7767;2232;108;6;11.73;0
7768;2232;104;4;4.07;0
7769;2233;115;3;21.03;0
7770;2233;113;1;85.64;0
7771;2233;117;6;94.29;0
7772;2233;101;10;44.35;0
7773;2234;114;6;31.92;0
7774;2234;102;4;16.63;0
7775;2234;112;7;11.48;0
7776;2234;117;4;94.29;0
7777;2234;104;8;4.07;0
7778;2234;110;10;87.41;0
7779;2235;112;3;11.48;0
7780;2235;104;8;4.07;0
7781;2235;115;9;21.03;0
7782;2235;106;7;93.64;0
7783;2236;103;6;93.05;0
7784;2236;113;1;85.64;0
7785;2236;108;6;11.73;0
7786;2236;102;3;16.63;0
7787;2237;109;7;14.81;0
7788;2237;116;4;31.81;0
7789;2237;107;9;77.21;0
7790;2237;111;4;34.02;0
7791;2237;113;8;85.64;0
7792;2237;108;5;11.73;0
7793;2238;116;9;31.81;0
7794;2239;109;10;14.81;0
7795;2240;102;8;16.63;0
7796;2240;103;1;93.05;0
7797;2240;116;4;31.81;0
7798;2240;108;8;11.73;0
7799;2241;102;9;16.63;0
7800;2241;108;2;11.73;0
7801;2241;104;4;4.07;0
7802;2241;112;6;11.48;0
7803;2242;110;7;87.41;0
7804;2242;117;9;94.29;0
7805;2242;116;3;31.81;0
7806;2243;118;6;11.11;0
7807;2243;114;9;31.92;0
7808;2243;107;10;77.21;0
7809;2243;117;8;94.29;0
7810;2243;101;6;44.35;0
7811;2243;111;4;34.02;0
7812;2244;103;1;93.05;0
7813;2244;117;9;94.29;0
7814;2245;110;1;87.41;0
7815;2245;114;10;31.92;0
7816;2245;107;8;77.21;0
7817;2245;115;1;21.03;0
7818;2246;113;5;85.64;0
7819;2246;101;9;44.35;0
7820;2247;101;5;44.35;0
7821;2247;118;9;11.11;0
7822;2248;106;7;93.64;0
7823;2248;118;8;11.11;0
7824;2248;110;10;87.41;0
7825;2248;101;10;44.35;0
7826;2248;115;2;21.03;1
7827;2248;104;3;4.07;0
7828;2249;106;3;93.64;0
7829;2249;118;6;11.11;0
7830;2249;115;3;21.03;0
7831;2249;114;3;31.92;0
7832;2250;103;3;93.05;0
7833;2250;106;7;93.64;0
7834;2251;105;4;86.64;0
7835;2252;109;6;14.81;0
7836;2252;105;10;86.64;0
7837;2252;112;1;11.48;1
7838;2252;103;10;93.05;0
7839;2252;117;8;94.29;0
7840;2252;114;4;31.92;0
7841;2253;117;7;94.29;0
7842;2253;104;8;4.07;0
7843;2253;116;4;31.81;0
7844;2254;113;5;85.64;0
7845;2254;103;4;93.05;0
7846;2254;109;5;14.81;0
7847;2254;106;1;93.64;0
7848;2255;117;9;94.29;0
7849;2255;116;5;31.81;0
7850;2255;114;8;31.92;4
7851;2256;107;1;77.21;0
7852;2256;109;5;14.81;0
7853;2257;103;1;93.05;0
7854;2257;116;1;31.81;0
7855;2257;112;6;11.48;0
7856;2257;113;2;85.64;0
7857;2258;116;5;31.81;0
7858;2258;106;4;93.64;0
7859;2258;102;4;16.63;0
7860;2258;108;4;11.73;0
7861;2258;105;3;86.64;0
7862;2258;104;8;4.07;0
7863;2259;105;8;86.64;8
7864;2260;116;2;31.81;0
7865;2260;104;5;4.07;0
7866;2260;117;10;94.29;0
7867;2260;113;10;85.64;0
7868;2260;118;3;11.11;0
7869;2260;107;6;77.21;0
7870;2261;102;8;16.63;0
7871;2261;113;9;85.64;0
7872;2261;101;10;44.35;0
7873;2261;115;3;21.03;0
7874;2261;107;6;77.21;0
7875;2261;103;1;93.05;0
7876;2262;109;10;14.81;0
7877;2262;104;4;4.07;0
7878;2262;114;10;31.92;0
7879;2262;118;1;11.11;0
7880;2262;112;8;11.48;0
7881;2263;104;4;4.07;0
7882;2264;118;1;11.11;0
7883;2265;104;5;4.07;0
7884;2265;102;5;16.63;0
7885;2265;116;5;31.81;0
7886;2265;105;3;86.64;0
7887;2265;106;1;93.64;0
7888;2266;104;2;4.07;0
7889;2267;117;6;94.29;0
7890;2267;105;1;86.64;0
7891;2267;112;7;11.48;0
7892;2268;108;4;11.73;0
7893;2268;103;1;93.05;0
7894;2268;104;7;4.07;0
7895;2268;111;5;34.02;0
7896;2268;107;10;77.21;0
7897;2268;118;4;11.11;0
7898;2269;116;4;31.81;0
7899;2269;104;1;4.07;0
7900;2269;106;5;93.64;0
7901;2269;112;7;11.48;0
7902;2269;114;6;31.92;0
7903;2269;117;2;94.29;0
7904;2270;118;5;11.11;0
7905;2270;115;2;21.03;0
7906;2270;102;10;16.63;0
7907;2270;111;10;34.02;0
7908;2270;110;2;87.41;0
7909;2270;104;3;4.07;0
7910;2271;108;2;11.73;0
7911;2271;110;2;87.41;0
7912;2271;104;8;4.07;0
7913;2271;117;8;94.29;0
7914;2271;114;1;31.92;0
7915;2272;104;5;4.07;0
7916;2272;117;10;94.29;0
7917;2272;111;1;34.02;0
7918;2273;108;5;11.73;0
7919;2273;110;9;87.41;0
7920;2274;111;9;34.02;0
7921;2274;115;6;21.03;0
7922;2275;117;5;94.29;0
7923;2275;118;5;11.11;0
7924;2275;108;1;11.73;0
7925;2275;104;7;4.07;0
7926;2276;104;3;4.07;0
7927;2277;117;6;94.29;0
7928;2277;107;8;77.21;0
7929;2277;106;9;93.64;0
7930;2278;118;4;11.11;0
7931;2279;114;4;31.92;0
7932;2279;117;8;94.29;0
7933;2279;116;4;31.81;0
7934;2279;109;2;14.81;0
7935;2279;104;10;4.07;0
7936;2279;108;2;11.73;0
7937;2280;103;8;93.05;0
7938;2280;105;9;86.64;0
7939;2281;113;6;85.64;0
7940;2281;104;10;4.07;0
7941;2282;113;5;85.64;0
7942;2282;103;7;93.05;0
7943;2283;108;7;11.73;5
7944;2284;118;1;11.11;0
7945;2284;117;4;94.29;0
7946;2284;105;4;86.64;0
7947;2284;108;1;11.73;0
7948;2284;115;3;21.03;0
7949;2285;101;5;44.35;0
7950;2285;115;3;21.03;0
7951;2285;110;6;87.41;0
7952;2285;107;2;77.21;0
7953;2285;104;7;4.07;0
7954;2285;105;7;86.64;0
7955;2286;112;9;11.48;2
7956;2286;106;3;93.64;0
7957;2286;116;7;31.81;0
7958;2286;118;3;11.11;0
7959;2287;107;9;77.21;0
7960;2287;112;10;11.48;0
7961;2287;109;1;14.81;0
7962;2287;104;9;4.07;0
7963;2288;117;9;94.29;0
7964;2288;112;6;11.48;0
7965;2288;114;4;31.92;0
7966;2288;105;9;86.64;0
7967;2288;109;1;14.81;0
7968;2288;107;4;77.21;0
7969;2289;102;4;16.63;0
7970;2289;105;8;86.64;0
7971;2289;104;1;4.07;0
7972;2289;113;9;85.64;0
7973;2289;111;3;34.02;0
7974;2290;108;8;11.73;0
7975;2290;101;6;44.35;0
7976;2290;102;10;16.63;0
7977;2290;116;2;31.81;0
7978;2291;105;9;86.64;0
7979;2291;101;10;44.35;0
7980;2291;113;3;85.64;1
7981;2291;112;7;11.48;0
7982;2291;102;8;16.63;7
7983;2292;118;1;11.11;0
7984;2292;114;6;31.92;0
7985;2292;115;4;21.03;0
7986;2292;104;8;4.07;0
7987;2292;116;5;31.81;0
7988;2292;103;5;93.05;0
7989;2293;116;1;31.81;0
7990;2293;109;3;14.81;2
7991;2294;107;1;77.21;0
7992;2294;110;3;87.41;0
7993;2294;117;8;94.29;0
7994;2295;116;6;31.81;0
7995;2295;107;5;77.21;1
7996;2295;105;7;86.64;0
7997;2295;114;4;31.92;0
7998;2295;111;9;34.02;0
7999;2296;110;6;87.41;0
8000;2296;105;2;86.64;0
8001;2296;107;10;77.21;0
8002;2296;115;4;21.03;0
8003;2296;106;7;93.64;7
8004;2296;102;5;16.63;0
8005;2297;105;7;86.64;0
8006;2297;115;8;21.03;0
8007;2298;102;4;16.63;0
8008;2298;108;3;11.73;0
8009;2298;104;7;4.07;0
8010;2298;105;5;86.64;0
8011;2298;110;8;87.41;0
8012;2299;109;9;14.81;0
8013;2299;116;7;31.81;0
8014;2299;107;1;77.21;0
8015;2299;113;5;85.64;0
8016;2300;113;4;85.64;0
8017;2300;111;9;34.02;0
8018;2300;118;10;11.11;0
8019;2301;104;5;4.07;0
8020;2302;116;4;31.81;0
8021;2302;111;4;34.02;0
8022;2303;116;4;31.81;0
8023;2303;110;7;87.41;0
8024;2304;103;5;93.05;0
8025;2305;102;8;16.63;0
8026;2305;108;1;11.73;0
8027;2306;117;10;94.29;0
8028;2306;106;3;93.64;0
8029;2306;118;10;11.11;0
8030;2306;102;8;16.63;0
8031;2307;105;1;86.64;0
8032;2307;114;6;31.92;0
8033;2307;115;10;21.03;0
8034;2307;104;5;4.07;0
8035;2307;103;9;93.05;0
8036;2308;116;4;31.81;0
8037;2308;115;2;21.03;0
8038;2308;109;3;14.81;0
8039;2309;104;10;4.07;0
8040;2309;117;3;94.29;0
8041;2309;108;3;11.73;0
8042;2309;110;2;87.41;0
8043;2309;103;1;93.05;0
8044;2309;106;10;93.64;0
8045;2310;105;7;86.64;0
8046;2310;117;2;94.29;0
8047;2310;116;1;31.81;0
8048;2310;104;2;4.07;0
8049;2311;103;1;93.05;0
8050;2311;110;2;87.41;0
8051;2311;111;8;34.02;0
8052;2311;106;10;93.64;0
8053;2311;105;1;86.64;0
8054;2311;114;9;31.92;0
8055;2312;101;3;44.35;0
8056;2312;110;10;87.41;0
8057;2312;113;10;85.64;0
8058;2312;108;1;11.73;0
8059;2313;104;1;4.07;0
8060;2313;102;9;16.63;0
8061;2313;118;2;11.11;0
8062;2314;113;2;85.64;0
8063;2314;118;10;11.11;0
8064;2315;113;10;85.64;0
8065;2316;109;8;14.81;0
8066;2316;110;3;87.41;0
8067;2316;105;6;86.64;0
8068;2316;118;1;11.11;0
8069;2316;116;7;31.81;0
8070;2317;102;4;16.63;0
8071;2317;108;7;11.73;0
8072;2317;113;6;85.64;0
8073;2317;109;1;14.81;0
8074;2317;112;5;11.48;0
8075;2318;108;7;11.73;0
8076;2318;115;1;21.03;0
8077;2319;106;4;93.64;0
8078;2319;109;4;14.81;0
8079;2319;118;8;11.11;0
8080;2320;112;3;11.48;0
8081;2320;115;8;21.03;0
8082;2321;106;7;93.64;0
8083;2321;112;1;11.48;0
8084;2321;109;5;14.81;0
8085;2321;104;9;4.07;0
8086;2321;114;9;31.92;3
8087;2322;106;2;93.64;0
8088;2322;116;9;31.81;0
8089;2322;108;7;11.73;0
8090;2322;107;5;77.21;0
8091;2322;111;6;34.02;0
8092;2322;115;9;21.03;0
8093;2323;109;10;14.81;0
8094;2323;107;7;77.21;0
8095;2323;111;2;34.02;0
8096;2324;110;6;87.41;0
8097;2324;117;10;94.29;10
8098;2324;106;3;93.64;0
8099;2324;109;5;14.81;3
8100;2324;104;3;4.07;0
8101;2324;108;2;11.73;0
8102;2325;103;10;93.05;0
8103;2325;115;3;21.03;0
8104;2325;104;4;4.07;0
8105;2326;104;9;4.07;0
8106;2326;103;5;93.05;0
8107;2326;108;8;11.73;0
8108;2326;107;4;77.21;2
8109;2326;109;8;14.81;0
8110;2327;114;8;31.92;0
8111;2328;115;2;21.03;0
8112;2328;111;10;34.02;0
8113;2328;105;2;86.64;0
8114;2328;118;4;11.11;0
8115;2329;108;8;11.73;0
8116;2329;111;2;34.02;0
8117;2329;102;3;16.63;0
8118;2329;115;9;21.03;0
8119;2329;118;3;11.11;0
8120;2330;114;3;31.92;0
8121;2331;106;10;93.64;0
8122;2331;102;3;16.63;0
8123;2331;116;6;31.81;2
8124;2331;107;9;77.21;0
8125;2331;105;5;86.64;0
8126;2331;108;1;11.73;0
8127;2332;102;3;16.63;0
8128;2332;105;4;86.64;2
8129;2332;117;5;94.29;0
8130;2332;113;5;85.64;0
8131;2332;111;9;34.02;0
8132;2332;108;6;11.73;0
8133;2333;113;10;85.64;0
8134;2333;111;2;34.02;0
8135;2333;102;8;16.63;0
8136;2333;106;10;93.64;0
8137;2333;109;2;14.81;0
8138;2333;117;6;94.29;0
8139;2334;102;8;16.63;0
8140;2335;113;5;85.64;0
8141;2335;108;9;11.73;0
8142;2335;105;7;86.64;0
8143;2335;103;6;93.05;0
8144;2335;101;8;44.35;0
8145;2335;116;7;31.81;0
8146;2336;111;5;34.02;0
8147;2336;112;3;11.48;0
8148;2336;117;5;94.29;0
8149;2336;104;9;4.07;0
8150;2336;116;2;31.81;0
8151;2337;116;2;31.81;0
8152;2337;106;8;93.64;0
8153;2337;113;3;85.64;0
8154;2337;110;2;87.41;0
8155;2338;109;3;14.81;0
8156;2338;103;8;93.05;0
8157;2338;117;10;94.29;0
8158;2338;102;4;16.63;0
8159;2338;112;1;11.48;0
8160;2338;118;2;11.11;0
8161;2339;109;2;14.81;0
8162;2339;103;3;93.05;0
8163;2340;118;4;11.11;0
8164;2340;117;10;94.29;0
8165;2340;104;2;4.07;0
8166;2340;105;9;86.64;0
8167;2340;102;6;16.63;0
8168;2341;113;2;85.64;0
8169;2341;116;4;31.81;0
8170;2341;107;9;77.21;0
8171;2341;109;2;14.81;0
8172;2342;113;3;85.64;0
8173;2342;103;9;93.05;0
8174;2342;115;3;21.03;0
8175;2343;101;8;44.35;0
8176;2343;103;8;93.05;0
8177;2343;104;5;4.07;0
8178;2344;118;2;11.11;0
8179;2344;117;1;94.29;0
8180;2345;101;7;44.35;0
8181;2346;107;3;77.21;0
8182;2346;110;2;87.41;1
8183;2346;108;1;11.73;0
8184;2346;106;1;93.64;0
8185;2347;114;4;31.92;0
8186;2348;116;5;31.81;0
8187;2348;106;4;93.64;0
8188;2348;105;7;86.64;0
8189;2349;114;10;31.92;0
8190;2349;117;4;94.29;0
8191;2349;115;3;21.03;0
8192;2350;105;2;86.64;0
8193;2350;118;1;11.11;0
8194;2350;104;2;4.07;0
8195;2350;114;5;31.92;0
8196;2350;106;10;93.64;0
8197;2351;104;3;4.07;0
8198;2352;111;6;34.02;0
8199;2352;102;5;16.63;0
8200;2352;108;6;11.73;0
8201;2352;114;3;31.92;1
8202;2352;107;7;77.21;0
8203;2353;101;8;44.35;0
8204;2354;109;2;14.81;0
8205;2355;112;10;11.48;0
8206;2356;117;5;94.29;0
8207;2357;104;8;4.07;0
8208;2357;113;1;85.64;0
8209;2357;112;6;11.48;0
8210;2357;115;4;21.03;0
8211;2358;109;5;14.81;1
8212;2358;107;7;77.21;0
8213;2358;111;10;34.02;0
8214;2359;107;1;77.21;0
8215;2359;114;6;31.92;0
8216;2359;112;2;11.48;0
8217;2360;114;2;31.92;0
8218;2360;118;1;11.11;0
8219;2360;117;8;94.29;0
8220;2361;115;8;21.03;0
8221;2361;117;10;94.29;0
8222;2361;102;5;16.63;0
8223;2361;118;8;11.11;0
8224;2362;103;7;93.05;0
8225;2362;102;6;16.63;0
8226;2362;115;5;21.03;0
8227;2363;118;7;11.11;0
8228;2363;108;9;11.73;0
8229;2363;104;9;4.07;0
8230;2363;115;3;21.03;0
8231;2363;113;3;85.64;0
8232;2363;106;4;93.64;0
8233;2364;115;5;21.03;5
8234;2364;118;8;11.11;0
8235;2364;105;8;86.64;0
8236;2364;106;8;93.64;0
8237;2364;117;4;94.29;0
8238;2364;114;2;31.92;0
8239;2365;106;5;93.64;0
8240;2365;105;5;86.64;0
8241;2365;116;6;31.81;0
8242;2365;117;9;94.29;0
8243;2365;113;9;85.64;0
8244;2365;103;10;93.05;0
8245;2366;109;7;14.81;0
8246;2366;108;2;11.73;0
8247;2366;104;5;4.07;0
8248;2367;115;3;21.03;0
8249;2367;103;7;93.05;0
8250;2367;116;8;31.81;0
8251;2368;107;6;77.21;0
8252;2368;118;9;11.11;0
8253;2368;111;3;34.02;0
8254;2368;104;10;4.07;0
8255;2368;105;1;86.64;0
8256;2369;105;3;86.64;0
8257;2369;114;4;31.92;0
8258;2369;113;4;85.64;0
8259;2370;102;2;16.63;0
8260;2371;104;2;4.07;0
8261;2371;108;8;11.73;0
8262;2371;102;8;16.63;0
8263;2372;111;3;34.02;0
8264;2372;105;9;86.64;0
8265;2372;117;7;94.29;0
8266;2372;118;4;11.11;0
8267;2372;114;6;31.92;0
8268;2373;114;4;31.92;0
8269;2373;103;2;93.05;2
8270;2373;106;6;93.64;0
8271;2373;104;3;4.07;2
8272;2374;111;7;34.02;0
8273;2374;110;3;87.41;0
8274;2374;112;8;11.48;0
8275;2374;113;7;85.64;0
8276;2374;116;6;31.81;0
8277;2375;113;7;85.64;0
8278;2375;102;5;16.63;0
8279;2375;116;10;31.81;0
8280;2376;103;6;93.05;0
8281;2377;116;4;31.81;0
8282;2377;105;5;86.64;0
8283;2377;102;9;16.63;0
8284;2378;101;1;44.35;0
8285;2378;104;7;4.07;0
8286;2378;107;1;77.21;0
8287;2378;105;5;86.64;0
8288;2378;117;3;94.29;0
8289;2379;108;7;11.73;7
8290;2379;102;8;16.63;0
8291;2379;111;1;34.02;0
8292;2379;104;5;4.07;0
8293;2380;103;2;93.05;0
8294;2380;102;6;16.63;0
8295;2380;115;6;21.03;0
8296;2380;106;1;93.64;0
8297;2381;104;6;4.07;0
8298;2381;101;7;44.35;0
8299;2381;106;10;93.64;0
8300;2381;116;1;31.81;0
8301;2381;115;8;21.03;0
8302;2381;102;4;16.63;0
8303;2382;110;2;87.41;1
8304;2382;104;8;4.07;8
8305;2383;115;9;21.03;0
8306;2383;113;4;85.64;0
8307;2383;112;9;11.48;0
8308;2383;108;5;11.73;0
8309;2383;101;1;44.35;0
8310;2383;110;6;87.41;0
8311;2384;114;8;31.92;0
8312;2384;111;7;34.02;0
8313;2384;102;9;16.63;0
8314;2384;110;10;87.41;0
8315;2385;106;2;93.64;0
8316;2385;114;7;31.92;0
8317;2385;116;1;31.81;0
8318;2385;101;9;44.35;0
8319;2385;102;10;16.63;0
8320;2386;108;9;11.73;0
8321;2386;102;7;16.63;0
8322;2386;114;6;31.92;0
8323;2386;110;2;87.41;0
8324;2387;105;3;86.64;3
8325;2387;102;2;16.63;0
8326;2387;110;4;87.41;0
8327;2387;116;5;31.81;0
8328;2388;113;2;85.64;0
8329;2389;113;6;85.64;0
8330;2389;114;10;31.92;0
8331;2389;104;10;4.07;0
8332;2389;115;9;21.03;0
8333;2389;103;7;93.05;0
8334;2389;117;7;94.29;0
8335;2390;101;8;44.35;0
8336;2390;102;3;16.63;0
8337;2390;107;2;77.21;0
8338;2390;114;4;31.92;0
8339;2390;118;6;11.11;0
8340;2390;110;1;87.41;0
8341;2391;117;2;94.29;0
8342;2391;109;2;14.81;0
8343;2391;103;6;93.05;0
8344;2392;112;4;11.48;0
8345;2393;109;4;14.81;0
8346;2394;104;9;4.07;0
8347;2394;101;5;44.35;0
8348;2395;115;7;21.03;0
8349;2395;103;6;93.05;0
8350;2395;112;4;11.48;0
8351;2395;108;2;11.73;0
8352;2395;106;8;93.64;0
8353;2396;115;8;21.03;0
8354;2396;108;1;11.73;0
8355;2396;104;4;4.07;0
8356;2396;118;4;11.11;0
8357;2396;110;1;87.41;0
8358;2397;109;5;14.81;0
8359;2397;113;2;85.64;0
8360;2397;106;4;93.64;0
8361;2397;102;5;16.63;0
8362;2398;117;4;94.29;0
8363;2399;105;3;86.64;0
8364;2399;116;10;31.81;0
8365;2399;114;2;31.92;0
8366;2399;113;8;85.64;0
8367;2399;104;10;4.07;0
8368;2399;118;8;11.11;0
8369;2400;107;5;77.21;0
8370;2400;118;4;11.11;0
8371;2400;117;3;94.29;1
8372;2400;103;1;93.05;0
8373;2400;109;8;14.81;0
8374;2401;103;8;93.05;0
8375;2401;101;5;44.35;0
8376;2402;110;3;87.41;0
8377;2402;102;4;16.63;0
8378;2402;106;1;93.64;0
8379;2402;116;4;31.81;0
8380;2402;104;8;4.07;0
8381;2402;108;3;11.73;0
8382;2403;117;7;94.29;0
8383;2404;106;10;93.64;0
8384;2404;103;5;93.05;0
8385;2405;115;1;21.03;0
8386;2405;105;9;86.64;0
8387;2405;109;5;14.81;0
8388;2405;118;8;11.11;0
8389;2405;114;10;31.92;0
8390;2406;101;7;44.35;0
8391;2407;104;3;4.07;0
8392;2407;117;8;94.29;0
8393;2407;101;1;44.35;0
8394;2407;107;9;77.21;0
8395;2407;115;10;21.03;0
8396;2407;109;8;14.81;0
8397;2408;116;9;31.81;5
8398;2408;107;5;77.21;0
8399;2408;102;3;16.63;1
8400;2408;118;3;11.11;0
8401;2408;110;3;87.41;0
8402;2409;108;10;11.73;0
8403;2409;103;8;93.05;0
8404;2409;118;2;11.11;0
8405;2409;107;5;77.21;0
8406;2409;110;4;87.41;0
8407;2409;102;1;16.63;0
8408;2410;111;6;34.02;0
8409;2410;101;6;44.35;0
8410;2411;109;5;14.81;0
8411;2411;107;3;77.21;0
8412;2411;118;8;11.11;0
8413;2411;117;9;94.29;0
8414;2411;113;5;85.64;0
8415;2412;116;8;31.81;0
8416;2413;103;10;93.05;0
8417;2413;117;10;94.29;0
8418;2414;115;7;21.03;0
8419;2414;108;9;11.73;0
8420;2414;111;7;34.02;0
8421;2414;109;2;14.81;0
8422;2414;105;7;86.64;0
8423;2415;109;4;14.81;0
8424;2415;110;8;87.41;0
8425;2415;112;6;11.48;0
8426;2416;115;4;21.03;0
8427;2416;103;1;93.05;0
8428;2416;104;3;4.07;0
8429;2416;112;8;11.48;0
8430;2417;112;5;11.48;0
8431;2417;113;7;85.64;0
8432;2417;105;4;86.64;0
8433;2418;113;7;85.64;0
8434;2418;107;4;77.21;0
8435;2418;103;8;93.05;0
8436;2418;116;7;31.81;0
8437;2418;104;6;4.07;0
8438;2418;108;8;11.73;4
8439;2419;117;7;94.29;0
8440;2419;114;3;31.92;0
8441;2419;105;8;86.64;0
8442;2419;103;6;93.05;0
8443;2419;108;8;11.73;0
8444;2420;105;5;86.64;0
8445;2420;110;8;87.41;0
8446;2420;117;1;94.29;0
8447;2421;113;10;85.64;0
8448;2421;116;8;31.81;0
8449;2421;109;6;14.81;0
8450;2421;107;3;77.21;0
8451;2422;103;3;93.05;0
8452;2422;106;1;93.64;0
8453;2422;115;8;21.03;0
8454;2422;101;2;44.35;0
8455;2423;105;1;86.64;0
8456;2423;109;7;14.81;0
8457;2423;104;8;4.07;0
8458;2424;101;3;44.35;0
8459;2424;108;7;11.73;0
8460;2425;116;10;31.81;0
8461;2425;108;8;11.73;0
8462;2425;117;3;94.29;0
8463;2425;113;9;85.64;0
8464;2426;118;9;11.11;0
8465;2426;101;1;44.35;0
8466;2426;102;8;16.63;0
8467;2426;111;3;34.02;0
8468;2426;107;6;77.21;0
8469;2426;117;5;94.29;0
8470;2427;111;10;34.02;0
8471;2428;106;10;93.64;0
8472;2428;104;3;4.07;0
8473;2429;108;5;11.73;0
8474;2429;112;1;11.48;0
8475;2430;113;5;85.64;0
8476;2430;107;6;77.21;0
8477;2430;117;9;94.29;0
8478;2431;108;5;11.73;0
8479;2431;104;2;4.07;2
8480;2431;109;9;14.81;0
8481;2431;116;8;31.81;0
8482;2431;117;4;94.29;0
8483;2432;110;1;87.41;0
8484;2433;116;10;31.81;0
8485;2433;108;9;11.73;0
8486;2434;118;10;11.11;0
8487;2434;113;2;85.64;0
8488;2434;111;8;34.02;5
8489;2434;116;9;31.81;0
8490;2434;109;1;14.81;0
8491;2434;107;2;77.21;1
8492;2435;107;3;77.21;0
8493;2435;113;1;85.64;0
8494;2435;115;10;21.03;0
8495;2435;111;4;34.02;0
8496;2436;116;7;31.81;0
8497;2436;104;1;4.07;0
8498;2437;114;10;31.92;0
8499;2437;106;7;93.64;0
8500;2437;104;1;4.07;0
8501;2437;115;3;21.03;0
8502;2438;105;1;86.64;1
8503;2438;118;7;11.11;0
8504;2438;104;7;4.07;0
8505;2438;102;6;16.63;0
8506;2438;110;3;87.41;0
8507;2438;109;10;14.81;0
8508;2439;104;2;4.07;0
8509;2440;116;4;31.81;0
8510;2440;108;9;11.73;0
8511;2440;101;10;44.35;0
8512;2440;112;1;11.48;0
8513;2441;111;1;34.02;0
8514;2441;116;7;31.81;0
8515;2441;115;9;21.03;0
8516;2441;102;4;16.63;0
8517;2441;105;10;86.64;0
8518;2442;112;4;11.48;0
8519;2442;115;9;21.03;0
8520;2442;108;8;11.73;0
8521;2442;109;3;14.81;2
8522;2442;114;2;31.92;0
8523;2443;107;10;77.21;0
8524;2443;115;5;21.03;0
8525;2443;103;1;93.05;0
8526;2443;105;8;86.64;0
8527;2444;116;2;31.81;0
8528;2444;101;1;44.35;1
8529;2445;118;9;11.11;0
8530;2445;112;4;11.48;0
8531;2445;102;5;16.63;0
8532;2445;111;9;34.02;0
8533;2445;116;5;31.81;0
8534;2445;104;3;4.07;0
8535;2446;111;3;34.02;0
8536;2446;107;5;77.21;0
8537;2446;113;8;85.64;0
8538;2446;110;9;87.41;0
8539;2446;101;10;44.35;0
8540;2447;111;8;34.02;0
8541;2447;101;2;44.35;0
8542;2447;109;2;14.81;0
8543;2447;114;8;31.92;0
8544;2447;107;5;77.21;0
8545;2447;112;10;11.48;0
8546;2448;105;10;86.64;0
8547;2448;113;2;85.64;0
8548;2448;114;1;31.92;0
8549;2448;107;7;77.21;0
8550;2448;118;4;11.11;0
8551;2448;115;2;21.03;0
8552;2449;104;9;4.07;0
8553;2449;117;9;94.29;0
8554;2450;104;3;4.07;0
8555;2450;109;4;14.81;4
8556;2450;106;10;93.64;0
8557;2451;116;6;31.81;0
8558;2451;109;10;14.81;0
8559;2451;102;2;16.63;0
8560;2451;106;8;93.64;2
8561;2451;115;6;21.03;0
8562;2451;113;2;85.64;1
8563;2452;106;9;93.64;0
8564;2452;104;5;4.07;0
8565;2452;111;8;34.02;0
8566;2452;114;2;31.92;0
8567;2452;103;4;93.05;0
8568;2453;102;8;16.63;0
8569;2453;111;6;34.02;0
8570;2453;105;9;86.64;0
8571;2453;114;10;31.92;0
8572;2453;103;8;93.05;0
8573;2454;105;5;86.64;0
8574;2454;106;10;93.64;0
8575;2454;118;8;11.11;0
8576;2454;109;3;14.81;0
8577;2455;105;4;86.64;0
8578;2455;113;8;85.64;0
8579;2456;104;8;4.07;0
8580;2456;107;5;77.21;0
8581;2456;111;4;34.02;0
8582;2457;112;8;11.48;0
8583;2458;114;10;31.92;0
8584;2458;109;1;14.81;0
8585;2459;104;3;4.07;0
8586;2459;115;7;21.03;0
8587;2459;118;6;11.11;0
8588;2459;102;1;16.63;0
8589;2459;101;10;44.35;0
8590;2459;107;5;77.21;0
8591;2460;112;10;11.48;0
8592;2460;118;8;11.11;0
8593;2460;115;1;21.03;0
8594;2460;109;9;14.81;0
8595;2460;101;6;44.35;0
8596;2460;111;2;34.02;0
8597;2461;116;6;31.81;0
8598;2461;101;7;44.35;0
8599;2461;112;4;11.48;0
8600;2461;108;7;11.73;0
8601;2461;113;8;85.64;0
8602;2461;117;8;94.29;0
8603;2462;106;5;93.64;0
8604;2462;109;4;14.81;0
8605;2462;104;3;4.07;0
8606;2462;116;1;31.81;1
8607;2463;104;7;4.07;0
8608;2463;116;4;31.81;0
8609;2463;115;5;21.03;0
8610;2464;113;6;85.64;0
8611;2464;107;9;77.21;0
8612;2465;104;7;4.07;0
8613;2465;102;7;16.63;0
8614;2466;116;9;31.81;0
8615;2466;102;3;16.63;0
8616;2467;103;1;93.05;0
8617;2467;106;9;93.64;0
8618;2467;107;10;77.21;0
8619;2467;112;4;11.48;0
8620;2468;104;8;4.07;0
8621;2468;111;1;34.02;0
8622;2469;117;5;94.29;0
8623;2469;114;1;31.92;0
8624;2470;118;8;11.11;0
8625;2470;105;6;86.64;0
8626;2471;101;2;44.35;0
8627;2471;112;2;11.48;0
8628;2471;115;8;21.03;0
8629;2471;110;10;87.41;0
8630;2471;116;9;31.81;0
8631;2471;107;5;77.21;0
8632;2472;115;2;21.03;0
8633;2472;118;7;11.11;0
8634;2472;109;7;14.81;0
8635;2472;107;10;77.21;0
8636;2473;105;2;86.64;0
8637;2473;118;2;11.11;0
8638;2473;104;8;4.07;0
8639;2473;103;5;93.05;0
8640;2473;110;3;87.41;0
8641;2473;102;9;16.63;0
8642;2474;113;4;85.64;0
8643;2475;114;1;31.92;0
8644;2475;108;5;11.73;0
8645;2475;118;10;11.11;0
8646;2475;113;9;85.64;0
8647;2476;105;1;86.64;0
8648;2476;113;6;85.64;0
8649;2476;103;7;93.05;0
8650;2476;101;10;44.35;0
8651;2476;108;2;11.73;0
8652;2476;104;4;4.07;0
8653;2477;110;1;87.41;0
8654;2478;101;6;44.35;0
8655;2479;115;10;21.03;0
8656;2480;110;8;87.41;0
8657;2480;107;10;77.21;0
8658;2480;117;2;94.29;0
8659;2480;112;6;11.48;0
8660;2481;102;3;16.63;0
8661;2481;101;2;44.35;0
8662;2481;103;7;93.05;0
8663;2481;104;4;4.07;0
8664;2482;117;10;94.29;0
8665;2482;115;5;21.03;0
8666;2482;111;9;34.02;0
8667;2482;110;1;87.41;0
8668;2483;118;8;11.11;0
8669;2483;109;10;14.81;0
8670;2484;105;5;86.64;0
8671;2484;115;5;21.03;0
8672;2484;110;2;87.41;0
8673;2484;109;8;14.81;0
8674;2484;104;1;4.07;0
8675;2485;118;9;11.11;0
8676;2485;113;6;85.64;0
8677;2486;107;9;77.21;0
8678;2486;101;9;44.35;0
8679;2486;112;10;11.48;0
8680;2486;104;7;4.07;4
8681;2486;113;6;85.64;0
8682;2486;105;10;86.64;0
8683;2487;104;10;4.07;0
8684;2487;110;2;87.41;0
8685;2488;109;5;14.81;0
8686;2488;102;3;16.63;0
8687;2488;106;4;93.64;1
8688;2489;113;4;85.64;0
8689;2489;108;7;11.73;0
8690;2489;106;4;93.64;0
8691;2490;115;7;21.03;0
8692;2490;107;5;77.21;0
8693;2490;116;7;31.81;0
8694;2491;111;3;34.02;0
8695;2491;103;4;93.05;0
8696;2491;114;10;31.92;0
8697;2491;110;1;87.41;0
8698;2492;108;1;11.73;0
8699;2492;101;7;44.35;0
8700;2493;105;9;86.64;0
8701;2493;101;4;44.35;0
8702;2493;111;7;34.02;0
8703;2494;114;7;31.92;0
8704;2495;108;9;11.73;0
8705;2496;112;2;11.48;0
8706;2496;110;7;87.41;0
8707;2497;105;6;86.64;0
8708;2497;106;1;93.64;0
8709;2498;108;9;11.73;0
8710;2498;109;4;14.81;0
8711;2498;101;3;44.35;0
8712;2498;104;6;4.07;0
8713;2498;105;2;86.64;0
8714;2498;107;10;77.21;0
8715;2499;111;2;34.02;0
8716;2499;112;6;11.48;0
8717;2499;108;3;11.73;0
8718;2499;107;5;77.21;0
8719;2499;102;6;16.63;0
8720;2500;105;1;86.64;0
8721;2500;113;10;85.64;4
8722;2500;106;4;93.64;0
8723;2501;107;1;77.21;0
8724;2501;105;2;86.64;0
8725;2501;117;5;94.29;0
8726;2501;103;4;93.05;0
8727;2501;110;8;87.41;0
8728;2502;116;1;31.81;0
8729;2502;118;10;11.11;0
8730;2502;111;7;34.02;0
8731;2502;102;9;16.63;0
8732;2502;104;3;4.07;0
8733;2502;113;8;85.64;0
8734;2503;107;10;77.21;0
8735;2503;110;4;87.41;0
8736;2504;111;1;34.02;0
8737;2504;110;4;87.41;0
8738;2504;101;4;44.35;0
8739;2504;114;1;31.92;0
8740;2504;103;6;93.05;0
8741;2504;102;1;16.63;0
8742;2505;103;8;93.05;0
8743;2505;117;5;94.29;0
8744;2505;114;1;31.92;0
8745;2505;106;5;93.64;0
8746;2505;113;7;85.64;0
8747;2505;102;2;16.63;1
8748;2506;107;9;77.21;0
8749;2506;104;9;4.07;0
8750;2506;105;9;86.64;0
8751;2506;113;7;85.64;0
8752;2506;101;7;44.35;0
8753;2507;110;3;87.41;0
8754;2508;102;3;16.63;0
8755;2508;106;3;93.64;0
8756;2508;101;7;44.35;0
8757;2508;117;10;94.29;0
8758;2508;110;8;87.41;0
8759;2509;107;9;77.21;0
8760;2509;102;1;16.63;0
8761;2509;110;9;87.41;0
8762;2510;107;7;77.21;0
8763;2510;115;2;21.03;0
8764;2511;105;6;86.64;0
8765;2511;101;3;44.35;0
8766;2511;115;5;21.03;0
8767;2512;109;4;14.81;0
8768;2512;118;9;11.11;0
8769;2512;103;8;93.05;0
8770;2512;108;2;11.73;0
8771;2512;111;7;34.02;0
8772;2512;107;9;77.21;0
8773;2513;115;9;21.03;0
8774;2513;114;5;31.92;0
8775;2513;102;5;16.63;0
8776;2514;103;3;93.05;0
8777;2515;108;9;11.73;0
8778;2516;110;2;87.41;0
8779;2516;102;2;16.63;0
8780;2517;111;5;34.02;0
8781;2517;103;4;93.05;0
8782;2517;114;4;31.92;0
8783;2517;109;1;14.81;0
8784;2517;116;6;31.81;0
8785;2517;112;2;11.48;0
8786;2518;103;4;93.05;0
8787;2519;101;3;44.35;1
8788;2519;112;10;11.48;0
8789;2519;107;7;77.21;0
8790;2520;117;8;94.29;0
8791;2520;110;2;87.41;0
8792;2520;115;3;21.03;0
8793;2520;116;6;31.81;0
8794;2520;102;9;16.63;0
8795;2520;107;8;77.21;0
8796;2521;116;4;31.81;0
8797;2521;114;10;31.92;0
8798;2521;115;4;21.03;0
8799;2521;103;10;93.05;0
8800;2521;113;6;85.64;0
8801;2522;104;7;4.07;0
8802;2522;103;3;93.05;0
8803;2523;114;8;31.92;0
8804;2523;105;7;86.64;0
8805;2523;113;1;85.64;0
8806;2523;111;7;34.02;0
8807;2523;103;6;93.05;0
8808;2524;116;2;31.81;0
8809;2524;102;10;16.63;0
8810;2524;117;9;94.29;0
8811;2525;113;2;85.64;0
8812;2525;108;5;11.73;0
8813;2525;104;3;4.07;0
8814;2525;115;8;21.03;0
8815;2526;117;1;94.29;0
8816;2526;114;5;31.92;0
8817;2526;112;8;11.48;0
8818;2527;104;3;4.07;0
8819;2527;103;4;93.05;0
8820;2527;115;2;21.03;0
8821;2527;118;6;11.11;0
8822;2527;107;1;77.21;0
8823;2527;109;5;14.81;0
8824;2528;117;10;94.29;7
8825;2529;106;9;93.64;0
8826;2529;103;8;93.05;0
8827;2529;117;6;94.29;0
8828;2529;113;4;85.64;0
8829;2530;109;5;14.81;0
8830;2530;105;5;86.64;0
8831;2530;113;6;85.64;0
8832;2530;117;10;94.29;0
8833;2530;114;4;31.92;0
8834;2531;109;2;14.81;0
8835;2531;104;10;4.07;0
8836;2531;118;9;11.11;0
8837;2531;115;9;21.03;0
8838;2532;102;1;16.63;0
8839;2532;108;1;11.73;0
8840;2533;102;1;16.63;0
8841;2533;111;8;34.02;0
8842;2533;103;7;93.05;0
8843;2533;115;5;21.03;0
8844;2534;112;10;11.48;0
8845;2534;106;8;93.64;0
8846;2534;105;4;86.64;0
8847;2534;107;3;77.21;0
8848;2534;108;8;11.73;0
8849;2534;114;6;31.92;2
8850;2535;103;1;93.05;0
8851;2535;104;7;4.07;0
8852;2535;115;9;21.03;0
8853;2535;118;8;11.11;0
8854;2535;106;4;93.64;0
8855;2535;109;8;14.81;0
8856;2536;113;10;85.64;0
8857;2537;104;7;4.07;0
8858;2537;108;3;11.73;0
8859;2537;117;3;94.29;0
8860;2537;105;6;86.64;0
8861;2537;109;5;14.81;0
8862;2538;108;10;11.73;0
8863;2538;101;6;44.35;0
8864;2538;118;4;11.11;0
8865;2538;109;1;14.81;0
8866;2538;111;4;34.02;0
8867;2538;112;6;11.48;0
8868;2539;118;6;11.11;0
8869;2539;101;6;44.35;0
8870;2539;108;2;11.73;0
8871;2540;111;4;34.02;0
8872;2540;110;7;87.41;0
8873;2540;101;9;44.35;0
8874;2540;112;8;11.48;0
8875;2541;114;7;31.92;0
8876;2542;117;5;94.29;0
8877;2543;117;10;94.29;0
8878;2543;111;6;34.02;0
8879;2544;117;1;94.29;0
8880;2545;105;3;86.64;0
8881;2545;115;2;21.03;0
8882;2545;110;1;87.41;1
8883;2545;104;4;4.07;0
8884;2545;114;2;31.92;0
8885;2545;117;7;94.29;0
8886;2546;110;1;87.41;0
8887;2546;103;4;93.05;0
8888;2546;113;9;85.64;0
8889;2547;105;1;86.64;0
8890;2547;110;9;87.41;1
8891;2547;114;7;31.92;0
8892;2547;101;9;44.35;0
8893;2548;107;6;77.21;0
8894;2548;105;6;86.64;0
8895;2549;113;10;85.64;0
8896;2549;111;9;34.02;0
8897;2549;105;4;86.64;0
8898;2549;117;4;94.29;0
8899;2549;102;4;16.63;0
8900;2550;109;9;14.81;0
8901;2550;102;6;16.63;0
8902;2551;102;6;16.63;0
8903;2551;115;9;21.03;0
8904;2551;107;10;77.21;0
8905;2551;103;5;93.05;0
8906;2551;116;4;31.81;0
8907;2552;114;2;31.92;0
8908;2552;104;4;4.07;0
8909;2552;111;6;34.02;0
8910;2552;110;1;87.41;0
8911;2552;117;3;94.29;0
8912;2552;109;10;14.81;0
8913;2553;106;6;93.64;0
8914;2553;104;7;4.07;0
8915;2554;118;2;11.11;0
8916;2554;103;3;93.05;0
8917;2555;107;7;77.21;0
8918;2555;116;5;31.81;0
8919;2555;101;3;44.35;0
8920;2555;118;7;11.11;0
8921;2556;102;6;16.63;0
8922;2556;106;4;93.64;0
8923;2556;112;6;11.48;3
8924;2556;108;10;11.73;0
8925;2556;111;10;34.02;0
8926;2556;110;4;87.41;0
8927;2557;117;6;94.29;0
8928;2557;112;5;11.48;0
8929;2558;101;9;44.35;0
8930;2559;109;3;14.81;0
8931;2559;117;3;94.29;0
8932;2559;113;10;85.64;2
8933;2559;104;9;4.07;0
8934;2559;118;10;11.11;0
8935;2559;116;9;31.81;0
8936;2560;114;5;31.92;0
8937;2560;110;7;87.41;0
8938;2560;101;2;44.35;0
8939;2561;115;2;21.03;0
8940;2561;116;1;31.81;0
8941;2561;101;10;44.35;0
8942;2561;105;6;86.64;0
8943;2561;106;10;93.64;0
8944;2562;104;10;4.07;3
8945;2562;108;9;11.73;0
8946;2562;113;1;85.64;0
8947;2562;102;6;16.63;0
8948;2562;107;3;77.21;0
8949;2563;114;6;31.92;0
8950;2564;118;3;11.11;0
8951;2565;116;8;31.81;0
8952;2565;117;8;94.29;0
8953;2566;114;3;31.92;0
8954;2566;102;3;16.63;0
8955;2566;107;10;77.21;0
8956;2566;109;3;14.81;0
8957;2566;116;7;31.81;0
8958;2567;105;2;86.64;0
8959;2567;114;4;31.92;0
8960;2567;112;10;11.48;0
8961;2567;102;3;16.63;0
8962;2567;106;2;93.64;0
8963;2568;117;9;94.29;0
8964;2568;112;6;11.48;0
8965;2569;104;2;4.07;1
8966;2569;105;5;86.64;0
8967;2569;106;6;93.64;0
8968;2569;111;2;34.02;0
8969;2569;115;8;21.03;0
8970;2570;108;4;11.73;0
8971;2570;112;4;11.48;0
8972;2570;107;7;77.21;0
8973;2570;105;7;86.64;0
8974;2571;108;4;11.73;0
8975;2571;109;3;14.81;0
8976;2571;116;5;31.81;0
8977;2572;112;3;11.48;3
8978;2572;115;5;21.03;0
8979;2572;111;5;34.02;0
8980;2572;117;5;94.29;0
8981;2572;104;1;4.07;0
8982;2573;109;3;14.81;0
8983;2573;102;3;16.63;0
8984;2574;101;5;44.35;0
8985;2575;109;8;14.81;0
8986;2575;116;5;31.81;0
8987;2575;113;1;85.64;0
8988;2576;110;3;87.41;0
8989;2576;108;3;11.73;0
8990;2576;101;10;44.35;0
8991;2576;107;10;77.21;0
8992;2576;112;7;11.48;0
8993;2576;103;3;93.05;0
8994;2577;108;7;11.73;0
8995;2577;105;6;86.64;0
8996;2578;105;6;86.64;0
8997;2579;102;3;16.63;0
8998;2579;117;8;94.29;3
8999;2579;118;8;11.11;0
9000;2579;113;2;85.64;0
9001;2580;105;2;86.64;0
9002;2580;111;4;34.02;0
9003;2580;112;5;11.48;0
9004;2581;115;2;21.03;0
9005;2581;114;9;31.92;0
9006;2581;107;1;77.21;0
9007;2581;103;10;93.05;3
9008;2581;117;10;94.29;0
9009;2582;103;9;93.05;0
9010;2582;111;10;34.02;0
9011;2583;115;7;21.03;0
9012;2583;102;3;16.63;0
9013;2583;101;9;44.35;0
9014;2583;111;9;34.02;0
9015;2583;110;7;87.41;0
9016;2584;109;10;14.81;0
9017;2584;107;2;77.21;0
9018;2585;109;8;14.81;0
9019;2585;116;1;31.81;0
9020;2586;115;5;21.03;0
9021;2586;111;2;34.02;0
9022;2587;110;10;87.41;0
9023;2587;105;2;86.64;0
9024;2587;109;5;14.81;0
9025;2587;113;3;85.64;0
9026;2587;111;6;34.02;0
9027;2588;113;8;85.64;0
9028;2589;104;2;4.07;0
9029;2589;116;7;31.81;0
9030;2589;115;8;21.03;0
9031;2589;110;3;87.41;0
9032;2590;107;8;77.21;0
9033;2591;102;5;16.63;0
9034;2591;115;1;21.03;0
9035;2591;114;6;31.92;0
9036;2591;116;6;31.81;0
9037;2592;103;7;93.05;0
9038;2592;111;1;34.02;0
9039;2592;105;3;86.64;0
9040;2592;102;3;16.63;0
9041;2592;118;4;11.11;0
9042;2592;107;6;77.21;0
9043;2593;114;8;31.92;0
9044;2593;103;1;93.05;0
9045;2593;102;3;16.63;0
9046;2593;111;3;34.02;0
9047;2594;102;4;16.63;0
9048;2595;101;9;44.35;0
9049;2595;109;1;14.81;0
9050;2596;105;5;86.64;0
9051;2597;108;6;11.73;0
9052;2597;101;6;44.35;0
9053;2598;111;7;34.02;0
9054;2598;104;1;4.07;0
9055;2598;118;3;11.11;0
9056;2598;102;9;16.63;0
9057;2598;101;2;44.35;0
9058;2598;105;1;86.64;0
9059;2599;108;5;11.73;3
9060;2599;115;10;21.03;0
9061;2599;113;9;85.64;0
9062;2599;104;2;4.07;0
9063;2600;103;3;93.05;0
9064;2600;112;10;11.48;0
9065;2600;104;7;4.07;0
9066;2600;106;10;93.64;0
9067;2600;110;6;87.41;0
9068;2600;102;10;16.63;0
9069;2601;104;4;4.07;0
9070;2602;107;3;77.21;0
9071;2602;102;4;16.63;2
9072;2602;106;4;93.64;0
9073;2603;115;4;21.03;0
9074;2603;105;8;86.64;0
9075;2603;114;6;31.92;0
9076;2603;102;1;16.63;0
9077;2604;102;5;16.63;0
9078;2604;117;2;94.29;0
9079;2604;118;10;11.11;0
9080;2605;111;5;34.02;0
9081;2606;106;5;93.64;0
9082;2606;112;3;11.48;0
9083;2606;105;8;86.64;0
9084;2606;108;3;11.73;0
9085;2606;113;3;85.64;0
9086;2607;107;7;77.21;0
9087;2607;112;9;11.48;0
9088;2607;117;2;94.29;0
9089;2607;106;4;93.64;2
9090;2608;118;3;11.11;0
9091;2608;114;8;31.92;0
9092;2608;116;6;31.81;0
9093;2608;102;5;16.63;0
9094;2609;117;4;94.29;0
9095;2609;109;5;14.81;0
9096;2609;102;1;16.63;0
9097;2609;113;7;85.64;0
9098;2609;118;1;11.11;0
9099;2609;115;6;21.03;0
9100;2610;107;2;77.21;0
9101;2610;114;7;31.92;0
9102;2610;116;5;31.81;0
9103;2610;108;9;11.73;0
9104;2610;102;10;16.63;0
9105;2611;117;7;94.29;0
9106;2611;102;8;16.63;0
9107;2612;106;3;93.64;0
9108;2612;104;4;4.07;0
9109;2613;103;4;93.05;0
9110;2613;118;9;11.11;0
9111;2614;112;8;11.48;0
9112;2614;105;6;86.64;0
9113;2614;110;4;87.41;0
9114;2614;101;1;44.35;0
9115;2614;113;8;85.64;0
9116;2614;104;10;4.07;0
9117;2615;114;9;31.92;0
9118;2615;113;5;85.64;0
9119;2615;107;9;77.21;0
9120;2615;102;9;16.63;0
9121;2616;103;4;93.05;0
9122;2616;101;7;44.35;0
9123;2616;118;3;11.11;0
9124;2616;114;9;31.92;0
9125;2616;116;6;31.81;0
9126;2617;116;7;31.81;0
9127;2617;112;1;11.48;0
9128;2617;117;4;94.29;0
9129;2618;113;5;85.64;0
9130;2618;114;7;31.92;0
9131;2618;105;5;86.64;0
9132;2619;105;4;86.64;2
9133;2620;103;9;93.05;0
9134;2621;116;5;31.81;0
9135;2621;114;10;31.92;0
9136;2622;108;5;11.73;0
9137;2622;107;2;77.21;0
9138;2622;110;8;87.41;1
9139;2622;115;2;21.03;0
9140;2622;104;9;4.07;0
9141;2623;109;1;14.81;0
9142;2624;116;8;31.81;0
9143;2625;114;2;31.92;0
9144;2626;114;3;31.92;0
9145;2626;104;9;4.07;0
9146;2626;101;8;44.35;0
9147;2627;112;8;11.48;0
9148;2627;101;6;44.35;0
9149;2627;108;7;11.73;0
9150;2627;106;5;93.64;0
9151;2628;110;3;87.41;0
9152;2628;115;10;21.03;0
9153;2628;104;1;4.07;0
9154;2628;117;8;94.29;0
9155;2628;101;3;44.35;0
9156;2629;109;6;14.81;0
9157;2630;105;6;86.64;0
9158;2631;117;9;94.29;0
9159;2631;109;7;14.81;0
9160;2631;106;4;93.64;0
9161;2631;104;2;4.07;0
9162;2631;102;6;16.63;0
9163;2631;101;4;44.35;0
9164;2632;107;9;77.21;0
9165;2632;105;2;86.64;0
9166;2633;111;10;34.02;0
9167;2633;112;6;11.48;0
9168;2633;107;6;77.21;0
9169;2633;101;10;44.35;0
9170;2633;106;1;93.64;0
9171;2633;108;3;11.73;0
9172;2634;118;6;11.11;0
9173;2635;104;7;4.07;0
9174;2636;109;5;14.81;0
9175;2636;115;6;21.03;0
9176;2637;111;10;34.02;0
9177;2637;117;9;94.29;0
9178;2638;116;5;31.81;0
9179;2638;101;4;44.35;0
9180;2638;110;3;87.41;0
9181;2638;117;1;94.29;0
9182;2638;112;4;11.48;0
9183;2639;116;2;31.81;0
9184;2640;105;9;86.64;0
9185;2640;111;2;34.02;0
9186;2641;107;8;77.21;0
9187;2641;104;9;4.07;0
9188;2641;102;1;16.63;0
9189;2641;111;3;34.02;0
9190;2641;106;9;93.64;0
9191;2641;116;2;31.81;0
9192;2642;115;2;21.03;0
9193;2642;104;9;4.07;0
9194;2642;117;8;94.29;0
9195;2642;109;6;14.81;0
9196;2643;102;6;16.63;0
9197;2643;107;7;77.21;0
9198;2644;103;7;93.05;6
9199;2645;105;6;86.64;0
9200;2645;116;1;31.81;0
9201;2645;106;8;93.64;3
9202;2646;110;1;87.41;0
9203;2647;115;8;21.03;0
9204;2647;111;4;34.02;0
9205;2648;116;5;31.81;0
9206;2648;110;2;87.41;0
9207;2649;104;10;4.07;0
9208;2649;108;4;11.73;0
9209;2649;114;3;31.92;0
9210;2650;103;6;93.05;0
9211;2650;101;10;44.35;0
9212;2650;107;1;77.21;0
9213;2651;102;5;16.63;0
9214;2651;116;1;31.81;0
9215;2651;118;10;11.11;0
9216;2651;111;2;34.02;0
9217;2651;114;4;31.92;0
9218;2651;113;1;85.64;0
9219;2652;116;9;31.81;0
9220;2652;101;5;44.35;0
9221;2652;109;1;14.81;0
9222;2652;108;4;11.73;0
9223;2652;111;2;34.02;0
9224;2652;105;6;86.64;0
9225;2653;118;3;11.11;0
9226;2653;104;5;4.07;0
9227;2653;113;6;85.64;0
9228;2653;112;7;11.48;0
9229;2653;116;5;31.81;0
9230;2653;101;4;44.35;0
9231;2654;101;8;44.35;0
9232;2654;102;1;16.63;0
9233;2654;111;9;34.02;4
9234;2655;114;8;31.92;0
9235;2655;108;10;11.73;0
9236;2655;101;8;44.35;0
9237;2655;112;2;11.48;0
9238;2655;110;8;87.41;0
9239;2655;109;4;14.81;0
9240;2656;114;2;31.92;0
9241;2656;112;10;11.48;0
9242;2656;107;2;77.21;0
9243;2657;109;4;14.81;0
9244;2657;116;7;31.81;0
9245;2657;103;5;93.05;4
9246;2657;108;9;11.73;0
9247;2658;109;7;14.81;0
9248;2658;106;6;93.64;0
9249;2658;113;5;85.64;0
9250;2658;108;3;11.73;0
9251;2659;103;2;93.05;0
9252;2660;105;10;86.64;0
9253;2660;102;7;16.63;0
9254;2661;104;1;4.07;1
9255;2661;114;7;31.92;0
9256;2661;110;3;87.41;0
9257;2661;117;9;94.29;0
9258;2661;116;5;31.81;0
9259;2662;115;7;21.03;0
9260;2663;110;9;87.41;0
9261;2663;108;10;11.73;0
9262;2663;109;1;14.81;0
9263;2664;116;6;31.81;0
9264;2664;117;4;94.29;0
9265;2664;103;9;93.05;0
9266;2664;106;7;93.64;0
9267;2664;111;1;34.02;0
9268;2665;107;4;77.21;0
9269;2666;116;7;31.81;0
9270;2666;101;8;44.35;0
9271;2666;110;6;87.41;0
9272;2667;116;10;31.81;0
9273;2667;118;6;11.11;0
9274;2667;110;4;87.41;0
9275;2667;104;5;4.07;0
9276;2668;114;8;31.92;0
9277;2668;111;4;34.02;0
9278;2668;116;3;31.81;0
9279;2669;105;9;86.64;0
9280;2669;116;3;31.81;0
9281;2669;103;8;93.05;0
9282;2669;115;1;21.03;1
9283;2669;109;4;14.81;0
9284;2670;109;9;14.81;0
9285;2670;115;4;21.03;0
9286;2671;115;9;21.03;0
9287;2671;114;8;31.92;0
9288;2671;116;10;31.81;0
9289;2671;112;2;11.48;0
9290;2672;106;2;93.64;0
9291;2673;113;1;85.64;0
9292;2674;111;4;34.02;0
9293;2674;101;10;44.35;0
9294;2675;104;1;4.07;0
9295;2676;103;10;93.05;0
9296;2677;116;10;31.81;0
9297;2677;105;4;86.64;0
9298;2677;106;4;93.64;0
9299;2677;104;9;4.07;0
9300;2678;113;6;85.64;0
9301;2679;111;3;34.02;0
9302;2679;105;10;86.64;10
9303;2679;114;1;31.92;0
9304;2680;111;7;34.02;0
9305;2680;114;1;31.92;0
9306;2680;118;2;11.11;0
9307;2680;103;1;93.05;0
9308;2680;109;7;14.81;0
9309;2681;102;1;16.63;0
9310;2682;113;1;85.64;0
9311;2682;118;9;11.11;0
9312;2682;115;8;21.03;0
9313;2682;106;9;93.64;7
9314;2683;101;4;44.35;0
9315;2683;112;9;11.48;0
9316;2683;117;6;94.29;0
9317;2684;118;10;11.11;1
9318;2684;113;10;85.64;0
9319;2685;113;3;85.64;0
9320;2685;111;9;34.02;0
9321;2685;106;4;93.64;0
9322;2685;103;10;93.05;0
9323;2685;112;5;11.48;0
9324;2686;103;2;93.05;0
9325;2686;115;5;21.03;0
9326;2687;115;10;21.03;0
9327;2687;110;9;87.41;0
9328;2687;111;5;34.02;0
9329;2687;109;4;14.81;0
9330;2688;105;4;86.64;0
9331;2689;113;1;85.64;0
9332;2689;115;2;21.03;0
9333;2690;106;6;93.64;0
9334;2690;105;3;86.64;0
9335;2690;101;4;44.35;4
9336;2690;110;2;87.41;0
9337;2690;111;3;34.02;0
9338;2691;108;3;11.73;0
9339;2691;109;1;14.81;0
9340;2692;104;1;4.07;0
9341;2692;103;6;93.05;0
9342;2693;101;4;44.35;0
9343;2693;117;10;94.29;0
9344;2694;116;3;31.81;3
9345;2694;103;1;93.05;0
9346;2694;107;6;77.21;0
9347;2694;117;8;94.29;0
9348;2695;117;2;94.29;0
9349;2695;108;7;11.73;0
9350;2695;105;8;86.64;0
9351;2695;111;9;34.02;0
9352;2695;114;2;31.92;0
9353;2696;108;9;11.73;0
9354;2696;118;6;11.11;0
9355;2696;113;4;85.64;0
9356;2696;104;5;4.07;0
9357;2696;105;6;86.64;0
9358;2697;111;8;34.02;0
9359;2698;104;8;4.07;0
9360;2698;113;4;85.64;0
9361;2698;117;5;94.29;0
9362;2698;108;8;11.73;0
9363;2698;115;3;21.03;0
9364;2699;114;2;31.92;0
9365;2699;103;2;93.05;0
9366;2699;106;7;93.64;0
9367;2699;102;7;16.63;0
9368;2699;117;9;94.29;0
9369;2699;105;2;86.64;0
9370;2700;102;10;16.63;0
9371;2700;109;1;14.81;0
9372;2700;106;4;93.64;0
9373;2700;118;8;11.11;0
9374;2700;110;3;87.41;0
9375;2701;116;1;31.81;0
9376;2701;114;3;31.92;0
9377;2702;107;3;77.21;0
9378;2702;101;3;44.35;0
9379;2702;106;6;93.64;0
9380;2703;104;1;4.07;0
9381;2703;110;8;87.41;0
9382;2703;106;8;93.64;0
9383;2703;105;2;86.64;0
9384;2704;106;8;93.64;0
9385;2704;115;2;21.03;0
9386;2705;110;8;87.41;0
9387;2705;112;10;11.48;0
9388;2705;117;10;94.29;0
9389;2705;101;9;44.35;0
9390;2706;112;7;11.48;0
9391;2706;106;3;93.64;0
9392;2707;101;6;44.35;0
9393;2707;105;10;86.64;0
9394;2707;114;3;31.92;0
9395;2707;107;8;77.21;0
9396;2707;112;8;11.48;0
9397;2708;109;6;14.81;0
9398;2708;102;7;16.63;0
9399;2708;105;9;86.64;0
9400;2709;104;10;4.07;0
9401;2709;111;8;34.02;0
9402;2709;116;7;31.81;4
9403;2709;105;10;86.64;0
9404;2709;102;8;16.63;7
9405;2710;104;6;4.07;0
9406;2710;117;3;94.29;0
9407;2711;113;5;85.64;0
9408;2711;104;4;4.07;0
9409;2711;101;7;44.35;0
9410;2711;118;6;11.11;0
9411;2711;103;10;93.05;0
9412;2712;105;6;86.64;0
9413;2712;113;6;85.64;0
9414;2713;110;8;87.41;0
9415;2713;117;9;94.29;0
9416;2714;110;8;87.41;0
9417;2714;115;7;21.03;0
9418;2714;101;2;44.35;0
9419;2714;109;7;14.81;0
9420;2714;105;10;86.64;0
9421;2715;101;8;44.35;8
9422;2715;103;9;93.05;0
9423;2715;117;7;94.29;1
9424;2716;103;6;93.05;0
9425;2716;102;1;16.63;0
9426;2717;104;1;4.07;0
9427;2717;105;9;86.64;0
9428;2717;117;7;94.29;0
9429;2718;111;2;34.02;0
9430;2718;118;8;11.11;0
9431;2719;103;10;93.05;0
9432;2719;118;8;11.11;0
9433;2719;114;9;31.92;0
9434;2719;106;4;93.64;0
9435;2719;101;6;44.35;0
9436;2719;116;4;31.81;0
9437;2720;107;10;77.21;0
9438;2720;101;4;44.35;0
9439;2721;111;8;34.02;0
9440;2721;112;9;11.48;0
9441;2721;102;3;16.63;0
9442;2721;101;10;44.35;0
9443;2721;105;2;86.64;0
9444;2721;108;2;11.73;0
9445;2722;115;2;21.03;0
9446;2722;110;1;87.41;0
9447;2722;101;7;44.35;0
9448;2722;113;6;85.64;0
9449;2722;102;1;16.63;0
9450;2722;109;7;14.81;0
9451;2723;113;4;85.64;0
9452;2723;107;7;77.21;0
9453;2723;103;7;93.05;0
9454;2723;116;8;31.81;0
9455;2723;108;2;11.73;0
9456;2723;105;7;86.64;0
9457;2724;106;10;93.64;0
9458;2724;111;4;34.02;0
9459;2724;116;10;31.81;0
9460;2724;118;8;11.11;0
9461;2724;105;1;86.64;0
9462;2724;108;9;11.73;0
9463;2725;104;6;4.07;0
9464;2725;108;7;11.73;0
9465;2726;106;4;93.64;0
9466;2726;104;7;4.07;0
9467;2726;109;7;14.81;0
9468;2726;113;1;85.64;0
9469;2727;118;4;11.11;0
9470;2727;102;5;16.63;1
9471;2727;101;9;44.35;0
9472;2727;115;6;21.03;0
9473;2728;105;7;86.64;0
9474;2728;118;8;11.11;0
9475;2728;113;9;85.64;0
9476;2729;102;8;16.63;0
9477;2729;105;9;86.64;0
9478;2729;104;10;4.07;0
9479;2730;102;3;16.63;0
9480;2730;110;6;87.41;0
9481;2730;117;5;94.29;0
9482;2730;101;2;44.35;0
9483;2730;115;8;21.03;0
9484;2730;112;6;11.48;0
9485;2731;118;10;11.11;0
9486;2731;101;3;44.35;0
9487;2731;105;10;86.64;0
9488;2731;116;4;31.81;0
9489;2731;111;10;34.02;0
9490;2732;114;1;31.92;0
9491;2732;106;10;93.64;0
9492;2733;111;8;34.02;0
9493;2733;117;10;94.29;0
9494;2733;114;5;31.92;0
9495;2733;104;7;4.07;0
9496;2734;101;6;44.35;0
9497;2735;113;4;85.64;0
9498;2735;114;3;31.92;0
9499;2735;115;5;21.03;0
9500;2735;107;3;77.21;0
9501;2735;106;3;93.64;0
9502;2735;117;5;94.29;5
9503;2736;108;1;11.73;0
9504;2736;113;10;85.64;0
9505;2737;102;9;16.63;0
9506;2737;114;7;31.92;0
9507;2737;110;8;87.41;0
9508;2738;117;7;94.29;0
9509;2738;118;3;11.11;0
9510;2738;110;8;87.41;0
9511;2738;108;8;11.73;0
9512;2739;112;9;11.48;0
9513;2739;104;4;4.07;0
9514;2740;102;2;16.63;0
9515;2740;105;9;86.64;0
9516;2740;117;7;94.29;0
9517;2740;111;10;34.02;0
9518;2740;118;1;11.11;0
9519;2740;114;1;31.92;0
9520;2741;106;9;93.64;0
9521;2741;118;4;11.11;0
9522;2741;116;5;31.81;0
9523;2741;102;10;16.63;0
9524;2742;118;8;11.11;0
9525;2742;112;4;11.48;0
9526;2743;118;3;11.11;0
9527;2743;105;4;86.64;0
9528;2743;114;10;31.92;0
9529;2743;111;7;34.02;0
9530;2744;118;6;11.11;0
9531;2744;117;5;94.29;0
9532;2745;118;6;11.11;0
9533;2745;117;1;94.29;0
9534;2745;115;5;21.03;0
9535;2745;102;7;16.63;0
9536;2745;113;8;85.64;0
9537;2746;113;4;85.64;0
9538;2747;116;3;31.81;0
9539;2748;104;9;4.07;0
9540;2748;103;4;93.05;0
9541;2748;113;9;85.64;0
9542;2749;109;3;14.81;0
9543;2749;111;6;34.02;0
9544;2749;108;3;11.73;0
9545;2749;118;3;11.11;0
9546;2749;102;9;16.63;0
9547;2749;113;3;85.64;0
9548;2750;103;5;93.05;0
9549;2750;111;6;34.02;0
9550;2750;106;5;93.64;0
9551;2750;112;2;11.48;0
9552;2751;112;3;11.48;0
9553;2751;110;6;87.41;0
9554;2751;113;5;85.64;0
9555;2751;107;10;77.21;0
9556;2752;112;9;11.48;0
9557;2752;107;9;77.21;0
9558;2752;113;3;85.64;0
9559;2752;116;8;31.81;0
9560;2752;117;3;94.29;0
9561;2752;114;4;31.92;0
9562;2753;106;7;93.64;0
9563;2753;105;9;86.64;0
9564;2753;118;5;11.11;0
9565;2754;104;4;4.07;0
9566;2754;107;4;77.21;0
9567;2754;109;2;14.81;0
9568;2754;105;10;86.64;8
9569;2755;101;9;44.35;0
9570;2755;105;6;86.64;0
9571;2755;111;8;34.02;0
9572;2755;116;4;31.81;0
9573;2755;115;6;21.03;0
9574;2755;107;5;77.21;5
9575;2756;105;7;86.64;0
9576;2756;114;4;31.92;0
9577;2757;108;5;11.73;0
9578;2757;106;10;93.64;0
9579;2757;112;6;11.48;0
9580;2758;110;8;87.41;0
9581;2758;105;8;86.64;0
9582;2758;113;8;85.64;0
9583;2758;106;7;93.64;0
9584;2758;112;6;11.48;0
9585;2758;117;5;94.29;0
9586;2759;115;8;21.03;0
9587;2760;109;6;14.81;0
9588;2760;106;2;93.64;0
9589;2760;107;9;77.21;0
9590;2760;103;10;93.05;0
9591;2761;109;2;14.81;0
9592;2762;107;10;77.21;0
9593;2762;115;3;21.03;0
9594;2763;104;7;4.07;0
9595;2763;114;7;31.92;0
9596;2763;109;3;14.81;0
9597;2763;101;7;44.35;0
9598;2763;105;2;86.64;0
9599;2763;107;6;77.21;0
9600;2764;104;3;4.07;0
9601;2764;117;6;94.29;0
9602;2764;113;1;85.64;0
9603;2764;101;2;44.35;0
9604;2765;107;1;77.21;0
9605;2765;104;6;4.07;0
9606;2765;105;4;86.64;0
9607;2765;106;2;93.64;0
9608;2765;115;2;21.03;0
9609;2765;114;6;31.92;0
9610;2766;103;8;93.05;0
9611;2766;111;8;34.02;0
9612;2766;104;3;4.07;0
9613;2766;115;1;21.03;0
9614;2766;113;9;85.64;0
9615;2766;105;10;86.64;0
9616;2767;108;7;11.73;0
9617;2767;107;3;77.21;0
9618;2767;104;2;4.07;0
9619;2767;101;10;44.35;0
9620;2768;118;2;11.11;0
9621;2768;106;8;93.64;0
9622;2768;108;1;11.73;0
9623;2769;114;3;31.92;0
9624;2769;105;10;86.64;0
9625;2770;107;5;77.21;0
9626;2770;110;8;87.41;0
9627;2770;111;6;34.02;0
9628;2770;104;4;4.07;0
9629;2771;115;8;21.03;0
9630;2771;112;8;11.48;0
9631;2771;110;9;87.41;0
9632;2771;101;10;44.35;0
9633;2772;105;10;86.64;8
9634;2772;114;7;31.92;0
9635;2772;109;2;14.81;1
9636;2773;101;5;44.35;0
9637;2773;108;9;11.73;0
9638;2773;107;7;77.21;0
9639;2774;105;10;86.64;0
9640;2774;112;3;11.48;0
9641;2775;111;8;34.02;0
9642;2776;116;5;31.81;0
9643;2776;111;1;34.02;0
9644;2776;102;1;16.63;1
9645;2776;107;10;77.21;9
9646;2777;101;8;44.35;0
9647;2777;107;4;77.21;0
9648;2777;105;1;86.64;0
9649;2777;108;9;11.73;0
9650;2777;114;3;31.92;0
9651;2778;109;10;14.81;0
9652;2778;105;7;86.64;0
9653;2778;117;6;94.29;0
9654;2778;104;3;4.07;0
9655;2778;112;2;11.48;0
9656;2778;114;9;31.92;0
9657;2779;112;7;11.48;0
9658;2779;110;6;87.41;0
9659;2779;117;2;94.29;0
9660;2779;114;1;31.92;0
9661;2779;115;9;21.03;0
9662;2780;107;1;77.21;0
9663;2780;105;4;86.64;0
9664;2781;117;2;94.29;0
9665;2781;109;2;14.81;0
9666;2782;109;7;14.81;0
9667;2782;107;3;77.21;0
9668;2782;108;4;11.73;0
9669;2782;106;7;93.64;0
9670;2782;112;2;11.48;0
9671;2783;111;2;34.02;0
9672;2783;109;2;14.81;0
9673;2783;102;7;16.63;0
9674;2784;104;5;4.07;0
9675;2784;103;5;93.05;0
9676;2784;111;5;34.02;0
9677;2784;106;3;93.64;0
9678;2784;116;1;31.81;0
9679;2785;111;8;34.02;0
9680;2785;116;2;31.81;0
9681;2785;107;9;77.21;0
9682;2786;110;9;87.41;0
9683;2786;107;5;77.21;0
9684;2786;117;5;94.29;3
9685;2786;113;2;85.64;0
9686;2786;118;7;11.11;3
9687;2787;111;2;34.02;0
9688;2788;101;7;44.35;0
9689;2788;115;7;21.03;0
9690;2788;106;4;93.64;0
9691;2788;107;6;77.21;0
9692;2788;105;6;86.64;0
9693;2788;117;8;94.29;0
9694;2789;105;1;86.64;0
9695;2790;108;3;11.73;0
9696;2790;107;2;77.21;1
9697;2790;102;10;16.63;0
9698;2791;118;5;11.11;0
9699;2791;105;2;86.64;0
9700;2791;108;5;11.73;0
9701;2791;109;5;14.81;0
9702;2792;108;10;11.73;0
9703;2793;103;7;93.05;0
9704;2793;116;1;31.81;0
9705;2793;115;2;21.03;0
9706;2793;113;10;85.64;0
9707;2794;101;3;44.35;0
9708;2794;118;2;11.11;0
9709;2794;116;2;31.81;0
9710;2795;105;3;86.64;0
9711;2795;110;1;87.41;0
9712;2795;107;1;77.21;0
9713;2795;104;6;4.07;0
9714;2795;117;7;94.29;0
9715;2796;103;7;93.05;0
9716;2797;114;7;31.92;0
9717;2797;101;4;44.35;0
9718;2798;115;6;21.03;0
9719;2798;102;2;16.63;0
9720;2798;108;2;11.73;0
9721;2798;109;7;14.81;0
9722;2798;107;9;77.21;0
9723;2798;103;5;93.05;0
9724;2799;109;10;14.81;0
9725;2799;105;8;86.64;0
9726;2799;115;9;21.03;0
9727;2799;106;10;93.64;0
9728;2799;113;9;85.64;0
9729;2799;112;4;11.48;0
9730;2800;104;4;4.07;0
9731;2800;111;8;34.02;1
9732;2800;108;10;11.73;0
9733;2800;105;9;86.64;0
9734;2801;113;5;85.64;0
9735;2801;103;10;93.05;0
9736;2801;105;4;86.64;0
9737;2801;112;9;11.48;0
9738;2802;107;6;77.21;2
9739;2802;111;1;34.02;1
9740;2802;115;3;21.03;0
9741;2802;105;6;86.64;0
9742;2803;113;1;85.64;0
9743;2803;110;8;87.41;0
9744;2803;107;6;77.21;0
9745;2803;105;7;86.64;0
9746;2803;106;6;93.64;0
9747;2803;118;4;11.11;0
9748;2804;114;2;31.92;0
9749;2804;108;2;11.73;0
9750;2804;115;9;21.03;0
9751;2805;117;1;94.29;0
9752;2805;111;1;34.02;0
9753;2806;112;7;11.48;0
9754;2807;117;9;94.29;0
9755;2807;118;6;11.11;0
9756;2807;115;9;21.03;0
9757;2807;104;6;4.07;0
9758;2807;101;7;44.35;0
9759;2807;114;5;31.92;0
9760;2808;101;7;44.35;0
9761;2808;118;10;11.11;0
9762;2809;101;8;44.35;0
9763;2809;114;2;31.92;0
9764;2810;111;8;34.02;0
9765;2810;105;5;86.64;0
9766;2810;115;6;21.03;0
9767;2811;106;5;93.64;0
9768;2811;114;7;31.92;0
9769;2812;118;10;11.11;0
9770;2812;114;5;31.92;0
9771;2812;110;7;87.41;0
9772;2813;105;5;86.64;0
9773;2813;109;8;14.81;0
9774;2813;102;2;16.63;0
9775;2813;108;1;11.73;0
9776;2813;101;10;44.35;0
9777;2814;108;3;11.73;0
9778;2815;117;7;94.29;0
9779;2815;105;8;86.64;0
9780;2815;108;5;11.73;0
9781;2816;118;9;11.11;0
9782;2816;103;7;93.05;0
9783;2816;113;8;85.64;0
9784;2816;111;3;34.02;0
9785;2817;114;7;31.92;0
9786;2817;111;1;34.02;0
9787;2817;116;6;31.81;0
9788;2817;109;2;14.81;0
9789;2817;104;5;4.07;0
9790;2818;112;6;11.48;0
9791;2818;103;10;93.05;0
9792;2818;106;7;93.64;0
9793;2818;118;2;11.11;0
9794;2819;105;6;86.64;0
9795;2819;102;10;16.63;0
9796;2819;103;6;93.05;0
9797;2819;116;5;31.81;0
9798;2819;111;7;34.02;5
9799;2820;102;3;16.63;0
9800;2820;105;5;86.64;0
9801;2820;115;9;21.03;0
9802;2820;114;1;31.92;0
9803;2820;117;10;94.29;0
9804;2821;113;1;85.64;0
9805;2821;117;2;94.29;0
9806;2822;111;3;34.02;0
9807;2822;110;2;87.41;0
9808;2822;112;4;11.48;0
9809;2822;118;1;11.11;0
9810;2823;112;4;11.48;0
9811;2823;104;4;4.07;0
9812;2823;103;4;93.05;0
9813;2823;117;10;94.29;6
9814;2823;113;2;85.64;0
9815;2823;102;8;16.63;0
9816;2824;101;8;44.35;2
9817;2824;107;7;77.21;0
9818;2824;105;5;86.64;0
9819;2824;112;3;11.48;0
9820;2825;113;10;85.64;0
9821;2826;116;6;31.81;0
9822;2826;105;6;86.64;0
9823;2827;113;6;85.64;0
9824;2827;103;2;93.05;0
9825;2827;105;5;86.64;0
9826;2827;117;9;94.29;0
9827;2827;108;2;11.73;0
9828;2827;107;5;77.21;0
9829;2828;107;1;77.21;0
9830;2828;102;8;16.63;0
9831;2828;109;6;14.81;0
9832;2828;106;1;93.64;0
9833;2828;105;3;86.64;0
9834;2828;113;9;85.64;9
9835;2829;101;5;44.35;0
9836;2829;111;2;34.02;0
9837;2829;103;7;93.05;0
9838;2829;104;2;4.07;0
9839;2830;110;6;87.41;0
9840;2830;104;3;4.07;0
9841;2830;105;8;86.64;1
9842;2830;114;10;31.92;0
9843;2830;108;3;11.73;1
9844;2831;102;10;16.63;0
9845;2831;107;6;77.21;0
9846;2831;116;5;31.81;0
9847;2831;112;1;11.48;0
9848;2832;114;9;31.92;0
9849;2833;106;9;93.64;0
9850;2833;103;4;93.05;0
9851;2833;114;5;31.92;0
9852;2833;117;8;94.29;6
9853;2834;108;3;11.73;0
9854;2834;103;5;93.05;0
9855;2834;116;10;31.81;0
9856;2834;106;5;93.64;0
9857;2835;103;2;93.05;0
9858;2835;108;9;11.73;0
9859;2835;118;5;11.11;0
9860;2835;113;6;85.64;0
9861;2835;116;6;31.81;5
9862;2836;117;10;94.29;0
9863;2836;115;8;21.03;0
9864;2836;103;6;93.05;0
9865;2836;101;9;44.35;0
9866;2836;112;8;11.48;0
9867;2837;110;10;87.41;0
9868;2837;102;9;16.63;0
9869;2838;116;4;31.81;0
9870;2839;116;8;31.81;0
9871;2839;105;10;86.64;0
9872;2839;113;2;85.64;0
9873;2840;111;2;34.02;0
9874;2840;109;3;14.81;0
9875;2840;117;4;94.29;0
9876;2840;113;5;85.64;0
9877;2841;118;4;11.11;0
9878;2841;115;5;21.03;0
9879;2841;109;7;14.81;0
9880;2841;117;3;94.29;0
9881;2842;117;2;94.29;0
9882;2842;116;9;31.81;0
9883;2842;102;7;16.63;0
9884;2842;111;7;34.02;0
9885;2842;105;3;86.64;0
9886;2843;111;5;34.02;0
9887;2843;105;6;86.64;0
9888;2843;107;1;77.21;0
9889;2843;106;2;93.64;0
9890;2843;113;7;85.64;0
9891;2844;102;10;16.63;0
9892;2844;108;7;11.73;0
9893;2844;105;10;86.64;0
9894;2844;107;6;77.21;0
9895;2844;114;3;31.92;0
9896;2844;112;9;11.48;0
9897;2845;113;1;85.64;0
9898;2845;107;1;77.21;0
9899;2845;115;10;21.03;0
9900;2845;103;5;93.05;0
9901;2846;104;1;4.07;0
9902;2846;102;6;16.63;0
9903;2846;112;9;11.48;0
9904;2846;108;2;11.73;0
9905;2846;113;9;85.64;0
9906;2846;110;2;87.41;0
9907;2847;116;6;31.81;0
9908;2847;110;8;87.41;0
9909;2847;104;1;4.07;0
9910;2847;105;1;86.64;0
9911;2847;106;4;93.64;0
9912;2847;102;5;16.63;0
9913;2848;117;5;94.29;0
9914;2849;103;6;93.05;0
9915;2849;113;2;85.64;0
9916;2849;115;2;21.03;0
9917;2849;112;7;11.48;0
9918;2849;104;5;4.07;0
9919;2850;117;4;94.29;0
9920;2850;113;2;85.64;0
9921;2851;107;7;77.21;0
9922;2851;103;2;93.05;0
9923;2851;105;3;86.64;0
9924;2851;117;7;94.29;0
9925;2851;118;2;11.11;0
9926;2851;106;4;93.64;0
9927;2852;118;9;11.11;0
9928;2852;114;7;31.92;0
9929;2852;110;5;87.41;0
9930;2852;101;10;44.35;0
9931;2852;112;7;11.48;7
9932;2853;107;4;77.21;0
9933;2853;102;10;16.63;0
9934;2853;115;2;21.03;0
9935;2853;116;6;31.81;0
9936;2853;106;3;93.64;0
9937;2854;104;5;4.07;0
9938;2854;116;9;31.81;0
9939;2854;110;4;87.41;0
9940;2854;117;1;94.29;0
9941;2854;106;7;93.64;0
9942;2854;107;7;77.21;0
9943;2855;118;4;11.11;0
9944;2855;107;2;77.21;0
9945;2856;116;5;31.81;0
9946;2856;111;6;34.02;6
9947;2856;109;10;14.81;0
9948;2856;108;4;11.73;0
9949;2857;112;5;11.48;0
9950;2857;116;9;31.81;0
9951;2857;115;5;21.03;0
9952;2857;105;1;86.64;0
9953;2857;108;5;11.73;0
9954;2857;103;9;93.05;0
9955;2858;114;2;31.92;0
9956;2858;110;5;87.41;0
9957;2858;118;5;11.11;0
9958;2858;116;1;31.81;0
9959;2858;117;10;94.29;0
9960;2858;106;2;93.64;0
9961;2859;112;2;11.48;0
9962;2859;109;5;14.81;0
9963;2859;114;6;31.92;0
9964;2859;118;9;11.11;0
9965;2860;112;10;11.48;0
9966;2861;105;1;86.64;1
9967;2861;101;10;44.35;0
9968;2861;111;8;34.02;0
9969;2861;108;3;11.73;0
9970;2861;116;7;31.81;0
9971;2862;115;2;21.03;1
9972;2862;116;2;31.81;0
9973;2863;102;10;16.63;0
9974;2863;115;1;21.03;0
9975;2864;104;8;4.07;7
9976;2864;110;5;87.41;0
9977;2864;115;4;21.03;2
9978;2864;112;4;11.48;0
9979;2865;118;7;11.11;0
9980;2865;110;7;87.41;3
9981;2865;103;10;93.05;0
9982;2865;113;10;85.64;0
9983;2866;103;1;93.05;0
9984;2866;118;7;11.11;0
9985;2866;105;5;86.64;0
9986;2866;117;5;94.29;0
9987;2866;111;7;34.02;0
9988;2867;115;8;21.03;0
9989;2868;114;8;31.92;6
9990;2868;116;2;31.81;0
9991;2868;105;3;86.64;0
9992;2868;111;8;34.02;0
9993;2868;106;2;93.64;0
9994;2869;112;10;11.48;0
9995;2870;110;9;87.41;0
9996;2870;114;6;31.92;0
9997;2870;108;1;11.73;0
9998;2870;102;9;16.63;0
9999;2871;109;4;14.81;0
10000;2871;113;10;85.64;0
10001;2871;118;3;11.11;0
10002;2872;114;5;31.92;0
10003;2873;105;9;86.64;0
10004;2873;102;4;16.63;0
10005;2873;104;2;4.07;0
10006;2874;106;6;93.64;0
10007;2874;111;2;34.02;0
10008;2874;116;10;31.81;0
10009;2874;108;6;11.73;0
10010;2874;104;1;4.07;0
10011;2874;112;4;11.48;0
10012;2875;113;9;85.64;0
10013;2875;111;2;34.02;0
10014;2875;104;9;4.07;0
10015;2876;107;3;77.21;0
10016;2876;105;2;86.64;0
10017;2876;109;7;14.81;0
10018;2876;101;8;44.35;3
10019;2876;102;3;16.63;0
10020;2876;115;4;21.03;0
10021;2877;106;3;93.64;0
10022;2877;108;6;11.73;0
10023;2877;104;7;4.07;0
10024;2877;105;2;86.64;0
10025;2877;117;4;94.29;0
10026;2877;118;5;11.11;0
10027;2878;114;3;31.92;0
10028;2878;116;7;31.81;0
10029;2878;106;10;93.64;0
10030;2878;103;3;93.05;0
10031;2878;113;4;85.64;0
10032;2878;107;7;77.21;0
10033;2879;114;8;31.92;0
10034;2879;118;7;11.11;0
10035;2879;112;10;11.48;0
10036;2879;102;2;16.63;0
10037;2880;112;1;11.48;0
10038;2880;105;4;86.64;0
10039;2881;118;3;11.11;0
10040;2881;105;5;86.64;0
10041;2881;109;3;14.81;0
10042;2881;116;6;31.81;0
10043;2881;117;8;94.29;0
10044;2881;108;5;11.73;0
10045;2882;104;5;4.07;0
10046;2882;111;1;34.02;0
10047;2883;115;3;21.03;0
10048;2884;102;9;16.63;0
10049;2884;118;7;11.11;0
10050;2884;111;3;34.02;0
10051;2884;103;9;93.05;0
10052;2884;113;3;85.64;1
10053;2884;117;6;94.29;0
10054;2885;106;3;93.64;0
10055;2885;113;9;85.64;0
10056;2885;110;1;87.41;0
10057;2885;112;7;11.48;1
10058;2885;101;3;44.35;0
10059;2885;111;4;34.02;0
10060;2886;103;5;93.05;0
10061;2886;107;6;77.21;0
10062;2886;117;4;94.29;0
10063;2886;109;1;14.81;0
10064;2886;106;10;93.64;0
10065;2887;109;3;14.81;0
10066;2887;115;6;21.03;0
10067;2888;115;6;21.03;0
10068;2889;117;5;94.29;0
10069;2889;110;2;87.41;0
10070;2889;104;1;4.07;0
10071;2889;103;9;93.05;2
10072;2890;111;1;34.02;0
10073;2890;113;4;85.64;0
10074;2891;115;8;21.03;0
10075;2891;111;6;34.02;0
10076;2891;108;5;11.73;0
10077;2892;117;4;94.29;0
10078;2893;113;10;85.64;2
10079;2893;115;4;21.03;0
10080;2893;118;3;11.11;0
10081;2893;107;6;77.21;0
10082;2893;104;1;4.07;0
10083;2894;104;8;4.07;0
10084;2894;111;9;34.02;0
10085;2894;101;7;44.35;0
10086;2895;107;10;77.21;0
10087;2896;108;9;11.73;0
10088;2896;109;8;14.81;0
10089;2896;115;7;21.03;0
10090;2896;103;9;93.05;0
10091;2896;111;2;34.02;0
10092;2897;105;7;86.64;0
10093;2897;109;6;14.81;0
10094;2897;114;6;31.92;0
10095;2897;117;10;94.29;0
10096;2897;101;1;44.35;0
10097;2898;114;5;31.92;0
10098;2899;118;9;11.11;0
10099;2899;105;9;86.64;0
10100;2899;116;8;31.81;0
10101;2899;117;8;94.29;0
10102;2899;112;2;11.48;0
10103;2900;108;10;11.73;0
10104;2900;118;3;11.11;0
10105;2900;103;6;93.05;0
10106;2900;110;9;87.41;0
10107;2901;111;5;34.02;0
10108;2902;104;3;4.07;0
10109;2902;116;10;31.81;0
10110;2902;109;9;14.81;0
10111;2902;108;1;11.73;0
10112;2903;117;6;94.29;0
10113;2903;104;6;4.07;0
10114;2903;107;2;77.21;0
10115;2903;105;7;86.64;0
10116;2903;116;1;31.81;0
10117;2903;103;6;93.05;0
10118;2904;116;10;31.81;0
10119;2904;114;1;31.92;0
10120;2905;116;2;31.81;0
10121;2905;106;9;93.64;0
10122;2906;112;4;11.48;0
10123;2906;116;5;31.81;0
10124;2906;110;10;87.41;0
10125;2906;101;3;44.35;0
10126;2907;118;8;11.11;0
10127;2908;103;1;93.05;0
10128;2908;116;5;31.81;0
10129;2909;117;9;94.29;0
10130;2909;103;3;93.05;0
10131;2909;113;3;85.64;0
10132;2910;107;2;77.21;0
10133;2910;103;4;93.05;0
10134;2910;113;10;85.64;0
10135;2910;112;8;11.48;0
10136;2910;116;1;31.81;0
10137;2911;103;4;93.05;0
10138;2911;117;6;94.29;0
10139;2911;116;7;31.81;0
10140;2912;102;8;16.63;0
10141;2913;113;8;85.64;0
10142;2913;110;8;87.41;0
10143;2913;116;5;31.81;0
10144;2913;115;6;21.03;0
10145;2913;104;1;4.07;0
10146;2913;102;2;16.63;0
10147;2914;117;5;94.29;0
10148;2914;116;1;31.81;0
10149;2915;115;5;21.03;0
10150;2915;112;6;11.48;0
10151;2915;116;4;31.81;0
10152;2915;114;2;31.92;0
10153;2916;101;8;44.35;0
10154;2916;106;9;93.64;8
10155;2916;112;6;11.48;0
10156;2917;101;1;44.35;0
10157;2917;113;6;85.64;0
10158;2917;112;7;11.48;0
10159;2917;106;1;93.64;0
10160;2917;104;2;4.07;0
10161;2917;116;4;31.81;0
10162;2918;109;1;14.81;0
10163;2918;113;2;85.64;0
10164;2918;105;2;86.64;0
10165;2919;107;9;77.21;0
10166;2919;110;7;87.41;0
10167;2919;101;4;44.35;0
10168;2919;105;4;86.64;0
10169;2919;114;5;31.92;0
10170;2919;113;1;85.64;0
10171;2920;107;2;77.21;0
10172;2920;117;2;94.29;0
10173;2920;105;10;86.64;0
10174;2920;108;3;11.73;0
10175;2921;109;2;14.81;0
10176;2921;112;8;11.48;0
10177;2922;102;8;16.63;0
10178;2922;112;1;11.48;0
10179;2922;117;4;94.29;0
10180;2923;114;5;31.92;0
10181;2924;116;10;31.81;10
10182;2924;113;4;85.64;0
10183;2924;104;5;4.07;0
10184;2924;107;7;77.21;0
10185;2925;104;8;4.07;0
10186;2925;109;3;14.81;0
10187;2925;110;2;87.41;0
10188;2925;105;3;86.64;0
10189;2926;104;7;4.07;7
10190;2926;117;6;94.29;0
10191;2926;107;3;77.21;0
10192;2926;103;5;93.05;0
10193;2926;108;5;11.73;0
10194;2926;109;1;14.81;0
10195;2927;102;6;16.63;0
10196;2927;109;4;14.81;0
10197;2927;114;2;31.92;0
10198;2928;116;4;31.81;0
10199;2928;105;2;86.64;0
10200;2928;104;1;4.07;0
10201;2929;116;6;31.81;0
10202;2929;110;5;87.41;0
10203;2929;111;8;34.02;0
10204;2929;105;6;86.64;0
10205;2929;107;8;77.21;0
10206;2930;105;8;86.64;0
10207;2930;103;9;93.05;0
10208;2930;104;9;4.07;0
10209;2930;112;7;11.48;0
10210;2930;101;9;44.35;0
10211;2931;114;2;31.92;0
10212;2931;102;7;16.63;0
10213;2931;104;5;4.07;0
10214;2931;111;9;34.02;0
10215;2932;118;7;11.11;0
10216;2932;109;5;14.81;0
10217;2932;107;7;77.21;0
10218;2932;117;4;94.29;0
10219;2933;114;8;31.92;0
10220;2933;109;1;14.81;0
10221;2933;110;7;87.41;0
10222;2934;114;6;31.92;0
10223;2934;106;7;93.64;0
10224;2934;111;10;34.02;0
10225;2934;103;2;93.05;2
10226;2934;115;9;21.03;0
10227;2935;116;6;31.81;0
10228;2936;102;1;16.63;0
10229;2936;106;10;93.64;0
10230;2936;115;4;21.03;0
10231;2936;116;5;31.81;0
10232;2937;116;7;31.81;0
10233;2937;102;3;16.63;0
10234;2937;108;8;11.73;0
10235;2937;101;10;44.35;0
10236;2938;111;5;34.02;0
10237;2938;112;8;11.48;0
10238;2938;101;10;44.35;0
10239;2939;111;7;34.02;0
10240;2939;114;6;31.92;0
10241;2939;103;4;93.05;0
10242;2940;108;9;11.73;0
10243;2940;109;4;14.81;1
10244;2940;118;1;11.11;0
10245;2940;103;7;93.05;0
10246;2940;112;10;11.48;0
10247;2940;106;7;93.64;0
10248;2941;106;7;93.64;0
10249;2941;102;2;16.63;0
10250;2941;118;6;11.11;0
10251;2941;113;10;85.64;0
10252;2942;111;4;34.02;0
10253;2942;110;4;87.41;0
10254;2942;108;8;11.73;0
10255;2942;106;3;93.64;0
10256;2943;110;10;87.41;0
10257;2943;115;6;21.03;0
10258;2943;118;8;11.11;0
10259;2944;104;2;4.07;1
10260;2944;116;2;31.81;0
10261;2945;102;9;16.63;0
10262;2945;114;6;31.92;0
10263;2945;116;7;31.81;0
10264;2945;101;6;44.35;0
10265;2945;106;9;93.64;0
10266;2945;105;4;86.64;0
10267;2946;116;5;31.81;0
10268;2946;111;4;34.02;0
10269;2946;117;10;94.29;0
10270;2946;103;9;93.05;0
10271;2946;118;1;11.11;0
10272;2947;105;2;86.64;0
10273;2947;104;4;4.07;0
10274;2947;108;9;11.73;0
10275;2947;115;8;21.03;0
10276;2948;115;9;21.03;0
10277;2949;104;8;4.07;0
10278;2950;116;2;31.81;0
10279;2950;110;9;87.41;0
10280;2950;115;9;21.03;0
10281;2951;116;8;31.81;0
10282;2952;110;8;87.41;0
10283;2952;118;3;11.11;0
10284;2952;115;3;21.03;0
10285;2952;116;7;31.81;0
10286;2952;112;5;11.48;0
10287;2953;106;6;93.64;0
10288;2953;114;7;31.92;0
10289;2954;106;6;93.64;0
10290;2955;104;8;4.07;0
10291;2955;107;9;77.21;0
10292;2955;116;8;31.81;0
10293;2955;111;10;34.02;0
10294;2955;115;2;21.03;0
10295;2956;103;2;93.05;0
10296;2956;110;1;87.41;0
10297;2956;111;5;34.02;0
10298;2956;101;5;44.35;0
10299;2957;111;7;34.02;0
10300;2957;112;3;11.48;0
10301;2957;107;8;77.21;0
10302;2957;101;7;44.35;0
10303;2958;109;7;14.81;0
10304;2958;104;2;4.07;0
10305;2958;118;7;11.11;0
10306;2958;116;7;31.81;0
10307;2958;110;2;87.41;0
10308;2958;111;2;34.02;0
10309;2959;116;4;31.81;0
10310;2960;113;4;85.64;0
10311;2960;111;6;34.02;0
10312;2960;116;9;31.81;0
10313;2961;103;6;93.05;0
10314;2961;101;5;44.35;0
10315;2961;114;7;31.92;0
10316;2962;118;2;11.11;0
10317;2963;104;6;4.07;0
10318;2963;108;3;11.73;0
10319;2963;101;8;44.35;5
10320;2963;105;3;86.64;0
10321;2963;118;2;11.11;0
10322;2964;114;7;31.92;0
10323;2964;117;9;94.29;0
10324;2965;118;2;11.11;0
10325;2965;104;9;4.07;0
10326;2965;113;8;85.64;0
10327;2966;116;1;31.81;0
10328;2966;118;4;11.11;0
10329;2966;115;2;21.03;0
10330;2966;101;4;44.35;3
10331;2967;108;2;11.73;0
10332;2967;116;2;31.81;0
10333;2967;104;5;4.07;0
10334;2967;112;2;11.48;0
10335;2968;114;4;31.92;0
10336;2968;102;4;16.63;0
10337;2968;118;6;11.11;0
10338;2969;113;8;85.64;0
10339;2970;103;1;93.05;0
10340;2970;112;8;11.48;0
10341;2971;116;4;31.81;0
10342;2971;110;4;87.41;0
10343;2972;106;5;93.64;0
10344;2972;118;6;11.11;0
10345;2973;107;2;77.21;0
10346;2973;110;4;87.41;2
10347;2973;112;2;11.48;0
10348;2973;117;2;94.29;0
10349;2973;118;8;11.11;2
10350;2974;104;9;4.07;0
10351;2974;114;1;31.92;0
10352;2974;108;4;11.73;0
10353;2975;110;4;87.41;0
10354;2975;103;3;93.05;0
10355;2975;106;1;93.64;0
10356;2975;107;2;77.21;0
10357;2975;102;4;16.63;0
10358;2975;104;3;4.07;0
10359;2976;102;3;16.63;0
10360;2976;106;4;93.64;0
10361;2976;115;9;21.03;0
10362;2976;105;6;86.64;0
10363;2976;103;9;93.05;0
10364;2977;113;10;85.64;0
10365;2977;101;4;44.35;0
10366;2977;103;5;93.05;0
10367;2977;112;9;11.48;0
10368;2977;104;9;4.07;0
10369;2978;114;6;31.92;0
10370;2979;118;8;11.11;6
10371;2979;105;5;86.64;0
10372;2979;117;1;94.29;0
10373;2979;113;8;85.64;0
10374;2979;108;5;11.73;0
10375;2979;114;1;31.92;0
10376;2980;101;1;44.35;0
10377;2980;108;2;11.73;0
10378;2980;111;9;34.02;0
10379;2981;112;4;11.48;0
10380;2981;105;2;86.64;0
10381;2981;114;8;31.92;0
10382;2982;111;2;34.02;0
10383;2982;116;4;31.81;0
10384;2982;117;5;94.29;4
10385;2982;115;10;21.03;0
10386;2983;106;2;93.64;0
10387;2983;111;3;34.02;0
10388;2983;103;2;93.05;0
10389;2983;107;2;77.21;0
10390;2984;101;10;44.35;0
10391;2985;109;1;14.81;0
10392;2985;110;5;87.41;0
10393;2985;113;4;85.64;0
10394;2985;112;8;11.48;0
10395;2985;108;10;11.73;0
10396;2986;107;8;77.21;0
10397;2987;118;9;11.11;0
10398;2987;102;6;16.63;0
10399;2988;107;3;77.21;0
10400;2988;101;9;44.35;0
10401;2988;118;1;11.11;0
10402;2988;117;8;94.29;0
10403;2988;110;1;87.41;0
10404;2988;108;6;11.73;0
10405;2989;117;10;94.29;0
10406;2989;114;2;31.92;0
10407;2989;118;8;11.11;0
10408;2989;106;7;93.64;0
10409;2989;113;1;85.64;0
10410;2989;107;7;77.21;0
10411;2990;105;1;86.64;0
10412;2990;118;5;11.11;0
10413;2991;115;5;21.03;0
10414;2991;107;5;77.21;0
10415;2991;114;5;31.92;0
10416;2991;117;10;94.29;0
10417;2991;111;2;34.02;0
10418;2991;101;9;44.35;0
10419;2992;112;2;11.48;0
10420;2992;114;5;31.92;0
10421;2993;115;2;21.03;0
10422;2994;108;1;11.73;0
10423;2995;118;1;11.11;0
10424;2995;104;7;4.07;0
10425;2995;116;3;31.81;0
10426;2996;105;1;86.64;0
10427;2996;112;6;11.48;0
10428;2996;102;2;16.63;0
10429;2997;109;3;14.81;0
10430;2997;115;7;21.03;0
10431;2998;110;2;87.41;0
10432;2999;117;1;94.29;0
10433;2999;101;6;44.35;0
10434;2999;108;1;11.73;0
10435;2999;111;6;34.02;0
10436;3000;105;4;86.64;0
10437;3000;104;1;4.07;0
10438;3000;117;3;94.29;0
10439;3001;114;4;31.92;0
10440;3002;110;2;87.41;0
10441;3002;108;5;11.73;4
10442;3002;101;9;44.35;0
10443;3002;112;3;11.48;0
10444;3002;111;1;34.02;0
10445;3002;105;7;86.64;0
10446;3003;113;5;85.64;0
10447;3003;102;3;16.63;0
10448;3003;106;2;93.64;0
10449;3003;107;5;77.21;0
10450;3003;103;3;93.05;0
10451;3003;115;1;21.03;0
10452;3004;112;2;11.48;0
10453;3005;118;10;11.11;0
10454;3005;108;1;11.73;0
10455;3005;105;3;86.64;0
10456;3006;118;10;11.11;0
10457;3006;102;3;16.63;0
10458;3006;108;9;11.73;8
10459;3006;109;7;14.81;0
10460;3006;117;3;94.29;0
10461;3007;114;6;31.92;0
10462;3007;106;10;93.64;0
10463;3007;105;5;86.64;0
10464;3007;107;10;77.21;0
10465;3008;105;5;86.64;0
10466;3008;118;7;11.11;0
10467;3008;110;7;87.41;0
10468;3009;108;10;11.73;0
10469;3009;110;1;87.41;0
10470;3009;112;5;11.48;0
10471;3010;102;7;16.63;0
10472;3010;109;7;14.81;0
10473;3010;116;1;31.81;0
10474;3010;117;8;94.29;0
10475;3011;101;4;44.35;0
10476;3011;116;8;31.81;0
10477;3011;111;7;34.02;0
10478;3011;118;4;11.11;0
10479;3012;115;10;21.03;0
10480;3012;107;8;77.21;0
10481;3012;103;1;93.05;0
10482;3013;108;4;11.73;0
10483;3013;102;9;16.63;0
10484;3013;117;10;94.29;0
10485;3013;104;8;4.07;0
10486;3013;114;7;31.92;0
10487;3014;107;4;77.21;0
10488;3014;109;9;14.81;0
10489;3014;102;9;16.63;0
10490;3015;101;6;44.35;0
10491;3016;106;8;93.64;0
10492;3016;103;6;93.05;0
10493;3016;104;2;4.07;0
10494;3016;102;3;16.63;0
10495;3016;111;8;34.02;0
10496;3017;106;8;93.64;0
10497;3018;116;5;31.81;0
10498;3018;102;1;16.63;0
10499;3018;104;5;4.07;0
10500;3019;111;3;34.02;0
10501;3019;107;9;77.21;0
10502;3020;111;10;34.02;0
10503;3020;107;2;77.21;0
10504;3020;104;2;4.07;0
10505;3020;108;10;11.73;0
10506;3020;115;4;21.03;0
10507;3021;109;6;14.81;0
10508;3021;115;8;21.03;0
10509;3021;102;7;16.63;0
10510;3021;114;8;31.92;0
10511;3021;107;8;77.21;0
10512;3022;103;5;93.05;0
10513;3022;116;4;31.81;0
10514;3022;106;2;93.64;0
10515;3022;105;7;86.64;0
10516;3023;102;7;16.63;0
10517;3023;110;1;87.41;0
10518;3023;106;9;93.64;0
10519;3024;114;7;31.92;0
10520;3024;111;1;34.02;0
10521;3024;107;3;77.21;0
10522;3024;103;5;93.05;0
10523;3025;112;10;11.48;0
10524;3025;113;8;85.64;0
10525;3025;105;2;86.64;0
10526;3025;110;8;87.41;0
10527;3025;117;3;94.29;0
10528;3025;118;5;11.11;0
10529;3026;105;5;86.64;0
10530;3026;111;9;34.02;0
10531;3027;101;10;44.35;0
10532;3027;102;3;16.63;0
10533;3027;112;10;11.48;0
10534;3028;112;7;11.48;0
10535;3028;114;5;31.92;0
10536;3028;107;5;77.21;0
10537;3029;108;6;11.73;2
10538;3029;110;1;87.41;0
10539;3029;102;3;16.63;0
10540;3030;117;1;94.29;0
10541;3031;110;1;87.41;0
10542;3032;107;2;77.21;0
10543;3032;113;9;85.64;0
10544;3032;101;10;44.35;3
10545;3032;109;3;14.81;0
10546;3033;110;7;87.41;0
10547;3033;104;8;4.07;0
10548;3033;101;9;44.35;0
10549;3033;108;6;11.73;0
10550;3033;113;5;85.64;0
10551;3033;102;4;16.63;3
10552;3034;107;10;77.21;0
10553;3034;113;2;85.64;0
10554;3034;104;2;4.07;1
10555;3034;106;4;93.64;0
10556;3035;106;7;93.64;0
10557;3036;107;9;77.21;0
10558;3036;113;2;85.64;0
10559;3036;104;8;4.07;0
10560;3036;103;8;93.05;8
10561;3037;113;3;85.64;0
10562;3038;117;5;94.29;0
10563;3038;112;5;11.48;0
10564;3038;104;4;4.07;0
10565;3038;101;1;44.35;0
10566;3039;102;1;16.63;0
10567;3039;109;5;14.81;0
10568;3040;112;6;11.48;0
10569;3040;114;4;31.92;0
10570;3040;104;7;4.07;0
10571;3040;116;7;31.81;0
10572;3041;108;10;11.73;0
10573;3041;107;9;77.21;7
10574;3041;112;1;11.48;0
10575;3042;116;5;31.81;0
10576;3043;106;2;93.64;1
10577;3043;111;6;34.02;0
10578;3043;107;10;77.21;0
10579;3043;118;1;11.11;0
10580;3043;115;6;21.03;0
10581;3044;112;3;11.48;0
10582;3044;101;2;44.35;0
10583;3044;109;3;14.81;0
10584;3044;113;9;85.64;0
10585;3044;117;8;94.29;0
10586;3045;103;3;93.05;0
10587;3045;108;5;11.73;0
10588;3046;112;2;11.48;0
10589;3046;110;5;87.41;0
10590;3046;105;8;86.64;0
10591;3047;114;6;31.92;0
10592;3047;101;4;44.35;0
10593;3047;112;7;11.48;0
10594;3047;117;1;94.29;0
10595;3047;109;10;14.81;0
10596;3047;102;8;16.63;0
10597;3048;117;5;94.29;0
10598;3048;109;5;14.81;0
10599;3048;102;2;16.63;0
10600;3049;102;3;16.63;0
10601;3049;105;10;86.64;0
10602;3049;104;6;4.07;0
10603;3049;112;1;11.48;0
10604;3049;116;7;31.81;7
10605;3049;107;5;77.21;0
10606;3050;112;3;11.48;0
10607;3051;117;1;94.29;0
10608;3052;112;6;11.48;0
10609;3053;103;10;93.05;0
10610;3054;105;2;86.64;0
10611;3054;111;10;34.02;0
10612;3054;112;3;11.48;0
10613;3054;116;6;31.81;0
10614;3054;115;2;21.03;0
10615;3055;110;3;87.41;0
10616;3055;118;4;11.11;0
10617;3055;103;7;93.05;0
10618;3055;113;6;85.64;0
10619;3055;107;2;77.21;0
10620;3056;101;4;44.35;0
10621;3057;116;10;31.81;0
10622;3057;118;7;11.11;0
10623;3057;110;9;87.41;0
10624;3057;106;10;93.64;0
10625;3057;108;1;11.73;0
10626;3057;109;9;14.81;0
10627;3058;112;7;11.48;0
10628;3058;106;5;93.64;0
10629;3058;108;3;11.73;0
10630;3059;118;7;11.11;0
10631;3059;115;3;21.03;0
10632;3059;111;4;34.02;3
10633;3059;112;7;11.48;0
10634;3059;103;7;93.05;0
10635;3059;116;3;31.81;0
10636;3060;111;2;34.02;0
10637;3060;113;1;85.64;0
10638;3060;108;5;11.73;0
10639;3061;110;9;87.41;0
10640;3061;106;4;93.64;0
10641;3062;114;10;31.92;0
10642;3062;116;9;31.81;0
10643;3062;118;1;11.11;0
10644;3062;115;4;21.03;0
10645;3062;102;10;16.63;0
10646;3062;105;10;86.64;0
10647;3063;102;7;16.63;0
10648;3063;103;2;93.05;0
10649;3064;115;5;21.03;0
10650;3064;118;3;11.11;1
10651;3064;109;8;14.81;0
10652;3064;106;10;93.64;0
10653;3065;101;2;44.35;0
10654;3065;113;9;85.64;0
10655;3066;117;8;94.29;0
10656;3067;118;8;11.11;0
10657;3068;106;2;93.64;0
10658;3068;115;4;21.03;0
10659;3068;102;10;16.63;0
10660;3068;105;7;86.64;0
10661;3068;112;8;11.48;0
10662;3069;115;9;21.03;0
10663;3069;104;8;4.07;0
10664;3069;114;4;31.92;0
10665;3069;107;4;77.21;0
10666;3069;116;9;31.81;0
10667;3070;116;3;31.81;0
10668;3070;110;8;87.41;0
10669;3071;110;8;87.41;0
10670;3072;106;8;93.64;0
10671;3072;117;4;94.29;0
10672;3072;101;3;44.35;0
10673;3072;115;1;21.03;0
10674;3073;115;10;21.03;7
10675;3073;107;3;77.21;0
10676;3073;113;6;85.64;0
10677;3074;115;5;21.03;0
10678;3074;104;4;4.07;0
10679;3074;118;8;11.11;0
10680;3074;103;2;93.05;0
10681;3074;108;4;11.73;0
10682;3075;101;1;44.35;0
10683;3075;103;5;93.05;0
10684;3075;113;1;85.64;0
10685;3075;115;7;21.03;0
10686;3075;116;3;31.81;0
10687;3075;112;2;11.48;0
10688;3076;115;4;21.03;0
10689;3076;107;6;77.21;0
10690;3076;118;7;11.11;1
10691;3076;108;2;11.73;0
10692;3076;106;7;93.64;0
10693;3076;111;4;34.02;0
10694;3077;110;8;87.41;0
10695;3077;113;8;85.64;0
10696;3078;114;3;31.92;0
10697;3078;104;8;4.07;8
10698;3078;105;10;86.64;0
10699;3079;112;3;11.48;0
10700;3079;102;8;16.63;0
10701;3079;108;6;11.73;0
10702;3079;111;10;34.02;0
10703;3079;117;8;94.29;0
10704;3079;118;7;11.11;0
10705;3080;102;6;16.63;0
10706;3081;103;7;93.05;0
10707;3081;117;5;94.29;0
10708;3082;107;6;77.21;0
10709;3082;104;10;4.07;0
10710;3083;116;6;31.81;0
10711;3083;111;5;34.02;0
10712;3083;104;7;4.07;0
10713;3084;116;9;31.81;0
10714;3085;114;9;31.92;0
10715;3085;111;7;34.02;0
10716;3086;105;8;86.64;0
10717;3086;111;10;34.02;0
10718;3086;118;2;11.11;0
10719;3086;113;1;85.64;0
10720;3086;112;7;11.48;0
10721;3086;115;5;21.03;0
10722;3087;107;8;77.21;0
10723;3087;118;5;11.11;4
10724;3087;109;3;14.81;0
10725;3088;117;6;94.29;0
10726;3088;108;8;11.73;6
10727;3088;103;6;93.05;0
10728;3089;116;2;31.81;0
10729;3090;104;10;4.07;0
10730;3091;114;9;31.92;0
10731;3091;111;10;34.02;0
10732;3091;105;9;86.64;0
10733;3091;110;4;87.41;0
10734;3091;101;7;44.35;0
10735;3092;108;2;11.73;0
10736;3092;114;1;31.92;0
10737;3093;108;2;11.73;0
10738;3094;109;10;14.81;0
10739;3094;114;5;31.92;0
10740;3094;105;10;86.64;0
10741;3094;113;2;85.64;0
10742;3094;117;7;94.29;0
10743;3095;110;9;87.41;0
10744;3095;113;3;85.64;0
10745;3095;118;1;11.11;0
10746;3095;112;1;11.48;0
10747;3096;101;2;44.35;0
10748;3096;111;3;34.02;0
10749;3096;114;7;31.92;0
10750;3096;118;7;11.11;0
10751;3096;105;1;86.64;0
10752;3097;117;4;94.29;0
10753;3097;118;4;11.11;0
10754;3098;104;8;4.07;0
10755;3098;101;4;44.35;0
10756;3098;110;6;87.41;0
10757;3098;114;5;31.92;1
10758;3098;108;10;11.73;0
10759;3099;104;9;4.07;0
10760;3099;106;1;93.64;0
10761;3099;115;9;21.03;0
10762;3100;116;1;31.81;0
10763;3100;103;4;93.05;0
10764;3101;114;2;31.92;0
10765;3102;115;10;21.03;0
10766;3102;103;1;93.05;0
10767;3102;102;5;16.63;0
10768;3102;105;4;86.64;0
10769;3102;108;2;11.73;0
10770;3103;117;9;94.29;0
10771;3104;116;9;31.81;0
10772;3104;113;5;85.64;0
10773;3104;109;1;14.81;0
10774;3105;103;7;93.05;0
10775;3105;101;2;44.35;0
10776;3105;114;1;31.92;0
10777;3105;107;7;77.21;0
10778;3105;113;6;85.64;0
10779;3105;106;9;93.64;0
10780;3106;117;6;94.29;4
10781;3106;115;5;21.03;0
10782;3106;111;3;34.02;0
10783;3107;101;1;44.35;0
10784;3107;118;6;11.11;0
10785;3107;111;2;34.02;0
10786;3107;112;8;11.48;0
10787;3107;110;3;87.41;0
10788;3108;114;10;31.92;0
10789;3108;110;4;87.41;0
10790;3108;105;7;86.64;0
10791;3109;107;8;77.21;0
10792;3109;118;2;11.11;0
10793;3109;102;2;16.63;0
10794;3109;115;2;21.03;1
10795;3109;108;9;11.73;0
10796;3110;117;4;94.29;0
10797;3110;107;9;77.21;0
10798;3110;110;7;87.41;0
10799;3110;112;2;11.48;0
10800;3111;107;1;77.21;0
10801;3111;106;8;93.64;0
10802;3111;102;2;16.63;0
10803;3111;103;2;93.05;0
10804;3111;111;3;34.02;0
10805;3112;109;6;14.81;0
10806;3112;117;4;94.29;0
10807;3113;117;1;94.29;0
10808;3113;107;10;77.21;0
10809;3113;115;3;21.03;0
10810;3113;104;6;4.07;0
10811;3114;101;9;44.35;0
10812;3114;107;2;77.21;0
10813;3115;103;6;93.05;0
10814;3115;105;7;86.64;0
10815;3116;103;2;93.05;0
10816;3116;106;8;93.64;0
10817;3116;114;10;31.92;7
10818;3116;105;7;86.64;0
10819;3117;106;7;93.64;0
10820;3118;116;1;31.81;1
10821;3119;114;1;31.92;0
10822;3119;117;1;94.29;0
10823;3119;101;5;44.35;0
10824;3119;106;9;93.64;0
10825;3120;104;7;4.07;0
10826;3120;102;3;16.63;0
10827;3120;103;1;93.05;0
10828;3120;106;2;93.64;0
10829;3120;115;2;21.03;0
10830;3120;105;1;86.64;0
10831;3121;118;1;11.11;0
10832;3121;110;8;87.41;0
10833;3121;112;10;11.48;0
10834;3121;103;5;93.05;0
10835;3122;103;6;93.05;0
10836;3122;114;1;31.92;0
10837;3122;102;9;16.63;0
10838;3122;112;6;11.48;0
10839;3122;117;4;94.29;0
10840;3123;118;6;11.11;0
10841;3123;110;1;87.41;0
10842;3123;114;9;31.92;0
10843;3123;112;6;11.48;0
10844;3123;116;5;31.81;0
10845;3124;101;3;44.35;0
10846;3124;116;3;31.81;0
10847;3124;105;2;86.64;0
10848;3124;103;10;93.05;0
10849;3125;105;9;86.64;0
10850;3125;107;2;77.21;0
10851;3125;103;9;93.05;0
10852;3125;111;1;34.02;0
10853;3125;117;4;94.29;0
10854;3126;110;2;87.41;0
10855;3126;102;4;16.63;0
10856;3126;118;2;11.11;0
10857;3126;108;6;11.73;0
10858;3126;117;4;94.29;0
10859;3126;106;5;93.64;0
10860;3127;108;2;11.73;0
10861;3127;110;4;87.41;0
10862;3127;117;7;94.29;0
10863;3127;116;5;31.81;0
10864;3128;117;8;94.29;0
10865;3128;101;2;44.35;0
10866;3128;103;1;93.05;0
10867;3128;104;4;4.07;0
10868;3129;103;8;93.05;0
10869;3129;104;8;4.07;1
10870;3130;115;7;21.03;0
10871;3130;102;2;16.63;0
10872;3130;116;3;31.81;0
10873;3130;118;7;11.11;0
10874;3131;105;7;86.64;0
10875;3131;104;9;4.07;0
10876;3132;117;9;94.29;0
10877;3132;114;8;31.92;0
10878;3132;106;1;93.64;0
10879;3132;113;3;85.64;0
10880;3133;111;7;34.02;0
10881;3133;103;7;93.05;0
10882;3133;107;10;77.21;0
10883;3134;102;8;16.63;0
10884;3134;113;9;85.64;0
10885;3134;105;5;86.64;0
10886;3134;115;7;21.03;0
10887;3134;114;1;31.92;0
10888;3134;110;4;87.41;0
10889;3135;115;1;21.03;0
10890;3135;105;8;86.64;0
10891;3136;113;8;85.64;0
10892;3136;101;9;44.35;0
10893;3136;107;9;77.21;0
10894;3136;102;1;16.63;0
10895;3136;118;7;11.11;0
10896;3137;115;7;21.03;0
10897;3137;118;3;11.11;0
10898;3138;116;6;31.81;0
10899;3138;102;2;16.63;0
10900;3138;114;9;31.92;1
10901;3139;116;10;31.81;0
10902;3139;106;1;93.64;0
10903;3139;112;8;11.48;0
10904;3139;118;5;11.11;0
10905;3139;109;2;14.81;0
10906;3140;110;8;87.41;0
10907;3140;115;2;21.03;0
10908;3140;116;6;31.81;0
10909;3141;108;3;11.73;0
10910;3141;106;6;93.64;0
10911;3141;105;7;86.64;0
10912;3141;101;8;44.35;0
10913;3141;111;1;34.02;0
10914;3141;102;7;16.63;0
10915;3142;111;2;34.02;0
10916;3142;114;3;31.92;0
10917;3142;116;6;31.81;0
10918;3143;105;8;86.64;0
10919;3143;109;10;14.81;0
10920;3143;114;8;31.92;0
10921;3143;107;4;77.21;0
10922;3143;103;6;93.05;0
10923;3144;111;9;34.02;0
10924;3145;117;5;94.29;5
10925;3145;108;10;11.73;0
10926;3145;104;1;4.07;0
10927;3145;118;4;11.11;0
10928;3145;109;10;14.81;0
10929;3146;101;6;44.35;6
10930;3146;109;9;14.81;0
10931;3146;110;10;87.41;0
10932;3147;114;5;31.92;0
10933;3147;107;3;77.21;0
10934;3147;109;3;14.81;0
10935;3147;105;1;86.64;0
10936;3147;115;6;21.03;0
10937;3147;111;9;34.02;0
10938;3148;103;7;93.05;0
10939;3148;108;10;11.73;0
10940;3149;102;4;16.63;0
10941;3150;114;5;31.92;0
10942;3150;108;1;11.73;0
10943;3150;104;7;4.07;0
10944;3150;105;2;86.64;0
10945;3151;108;4;11.73;0
10946;3152;111;10;34.02;0
10947;3152;107;9;77.21;0
10948;3153;101;7;44.35;0
10949;3153;111;5;34.02;0
10950;3153;113;8;85.64;0
10951;3153;118;10;11.11;0
10952;3154;110;9;87.41;0
10953;3154;115;9;21.03;0
10954;3154;118;7;11.11;0
10955;3154;105;3;86.64;0
10956;3154;101;8;44.35;0
10957;3154;109;7;14.81;0
10958;3155;102;4;16.63;0
10959;3155;112;5;11.48;0
10960;3155;107;8;77.21;0
10961;3156;114;5;31.92;0
10962;3156;101;2;44.35;1
10963;3157;110;3;87.41;0
10964;3157;117;6;94.29;0
10965;3157;103;8;93.05;0
10966;3158;102;4;16.63;0
10967;3158;106;8;93.64;0
10968;3158;111;8;34.02;0
10969;3158;116;2;31.81;0
10970;3158;105;6;86.64;0
10971;3159;107;3;77.21;0
10972;3159;101;7;44.35;0
10973;3160;105;8;86.64;0
10974;3160;113;1;85.64;0
10975;3161;117;8;94.29;0
10976;3161;111;6;34.02;0
10977;3162;103;7;93.05;0
10978;3162;114;6;31.92;0
10979;3162;113;10;85.64;0
10980;3163;109;1;14.81;0
10981;3163;104;7;4.07;0
10982;3163;107;9;77.21;0
10983;3164;111;1;34.02;0
10984;3164;105;10;86.64;0
10985;3164;101;10;44.35;0
10986;3164;106;3;93.64;0
10987;3164;104;6;4.07;0
10988;3165;116;9;31.81;0
10989;3165;111;1;34.02;0
10990;3165;104;5;4.07;0
10991;3165;113;2;85.64;0
10992;3165;112;8;11.48;0
10993;3166;107;4;77.21;0
10994;3166;111;10;34.02;0
10995;3166;104;3;4.07;0
10996;3166;105;6;86.64;6
10997;3166;108;1;11.73;0
10998;3167;103;5;93.05;0
10999;3167;104;7;4.07;0
11000;3167;105;8;86.64;0
11001;3167;114;9;31.92;0
11002;3168;105;7;86.64;0
11003;3168;111;4;34.02;2
11004;3168;108;1;11.73;0
11005;3169;105;7;86.64;7
11006;3169;118;5;11.11;0
11007;3169;117;2;94.29;0
11008;3169;112;6;11.48;0
11009;3169;106;9;93.64;0
11010;3169;110;9;87.41;0
11011;3170;118;9;11.11;0
11012;3171;105;10;86.64;0
11013;3171;102;9;16.63;0
11014;3172;114;4;31.92;0
11015;3172;117;1;94.29;0
11016;3172;112;2;11.48;0
11017;3173;102;10;16.63;0
11018;3173;108;8;11.73;0
11019;3174;116;10;31.81;0
11020;3174;101;5;44.35;0
11021;3174;108;4;11.73;0
11022;3174;109;2;14.81;0
11023;3174;114;6;31.92;0
11024;3174;103;9;93.05;0
11025;3175;106;6;93.64;0
11026;3175;117;10;94.29;0
11027;3175;104;9;4.07;0
11028;3175;111;4;34.02;0
11029;3175;105;5;86.64;0
11030;3175;107;10;77.21;0
11031;3176;109;5;14.81;5
11032;3176;105;7;86.64;0
11033;3176;101;9;44.35;0
11034;3176;103;4;93.05;0
11035;3177;114;1;31.92;0
11036;3177;105;7;86.64;0
11037;3178;118;7;11.11;0
11038;3178;109;8;14.81;0
11039;3179;112;1;11.48;0
11040;3180;106;4;93.64;0
11041;3180;104;5;4.07;0
11042;3180;117;5;94.29;0
11043;3181;101;7;44.35;0
11044;3182;117;9;94.29;0
11045;3182;118;4;11.11;0
11046;3182;103;3;93.05;0
11047;3182;113;2;85.64;0
11048;3182;114;10;31.92;0
11049;3183;110;2;87.41;0
11050;3183;111;5;34.02;0
11051;3183;101;7;44.35;0
11052;3183;113;5;85.64;0
11053;3183;112;1;11.48;0
11054;3183;109;8;14.81;0
11055;3184;103;3;93.05;0
11056;3184;106;3;93.64;0
11057;3185;117;5;94.29;0
11058;3185;114;2;31.92;0
11059;3186;108;4;11.73;0
11060;3186;101;10;44.35;0
11061;3186;111;3;34.02;0
11062;3186;116;1;31.81;0
11063;3186;110;9;87.41;0
11064;3186;109;2;14.81;0
11065;3187;114;4;31.92;0
11066;3187;111;8;34.02;0
11067;3187;104;1;4.07;0
11068;3188;117;3;94.29;0
11069;3189;104;5;4.07;0
11070;3189;115;8;21.03;0
11071;3189;116;3;31.81;0
11072;3190;110;7;87.41;0
11073;3190;108;2;11.73;0
11074;3190;102;2;16.63;0
11075;3190;113;9;85.64;0
11076;3191;102;2;16.63;0
11077;3191;117;6;94.29;0
11078;3191;112;2;11.48;0
11079;3192;114;5;31.92;0
11080;3192;109;9;14.81;0
11081;3192;116;5;31.81;0
11082;3192;118;10;11.11;0
11083;3192;113;4;85.64;3
11084;3192;104;9;4.07;0
11085;3193;103;8;93.05;0
11086;3194;111;9;34.02;0
11087;3194;104;10;4.07;0
11088;3194;117;3;94.29;0
11089;3194;116;1;31.81;0
11090;3194;112;9;11.48;0
11091;3194;105;3;86.64;0
11092;3195;105;5;86.64;0
11093;3195;115;5;21.03;2
11094;3196;115;2;21.03;0
11095;3196;113;10;85.64;0
11096;3197;103;8;93.05;0
11097;3197;114;1;31.92;0
11098;3197;107;2;77.21;0
11099;3197;113;8;85.64;0
11100;3197;101;6;44.35;3
11101;3198;101;5;44.35;0
11102;3198;118;8;11.11;0
11103;3198;117;1;94.29;0
11104;3199;107;5;77.21;0
11105;3200;112;2;11.48;0
11106;3200;115;6;21.03;0
11107;3200;107;9;77.21;0
11108;3200;101;3;44.35;0
11109;3200;109;4;14.81;0
11110;3200;113;9;85.64;0
11111;3201;110;1;87.41;0
11112;3201;101;6;44.35;0
11113;3201;107;8;77.21;0
11114;3201;113;5;85.64;0
11115;3202;113;9;85.64;0
11116;3202;108;7;11.73;0
11117;3202;102;10;16.63;0
11118;3202;118;2;11.11;0
11119;3202;111;3;34.02;0
11120;3202;117;8;94.29;0
11121;3203;118;3;11.11;0
11122;3203;116;9;31.81;0
11123;3204;114;5;31.92;0
11124;3204;106;3;93.64;0
11125;3204;112;2;11.48;0
11126;3205;106;5;93.64;0
11127;3205;104;10;4.07;0
11128;3205;116;9;31.81;0
11129;3205;109;3;14.81;0
11130;3205;112;7;11.48;0
11131;3206;117;5;94.29;0
11132;3206;112;1;11.48;0
11133;3206;101;4;44.35;0
11134;3207;105;4;86.64;0
11135;3207;118;4;11.11;0
11136;3207;111;8;34.02;0
11137;3207;104;1;4.07;0
11138;3207;112;2;11.48;0
11139;3207;103;8;93.05;0
11140;3208;116;4;31.81;0
11141;3208;101;10;44.35;0
11142;3208;105;1;86.64;0
11143;3208;111;9;34.02;0
11144;3208;103;6;93.05;0
11145;3208;118;8;11.11;0
11146;3209;113;4;85.64;0
11147;3209;101;6;44.35;0
11148;3209;109;1;14.81;0
11149;3209;107;4;77.21;0
11150;3210;117;10;94.29;0
11151;3210;112;9;11.48;0
11152;3210;114;4;31.92;0
11153;3210;108;3;11.73;0
11154;3211;107;7;77.21;0
11155;3212;103;8;93.05;0
11156;3213;110;10;87.41;0
11157;3214;118;5;11.11;0
11158;3214;111;8;34.02;0
11159;3214;117;9;94.29;0
11160;3215;116;4;31.81;0
11161;3216;118;4;11.11;0
11162;3216;106;10;93.64;0
11163;3217;108;8;11.73;0
11164;3217;106;4;93.64;0
11165;3217;101;4;44.35;0
11166;3217;110;2;87.41;0
11167;3218;108;9;11.73;0
11168;3219;115;10;21.03;0
11169;3219;112;9;11.48;0
11170;3219;105;5;86.64;0
11171;3219;107;2;77.21;0
11172;3219;117;1;94.29;0
11173;3219;102;10;16.63;0
11174;3220;115;4;21.03;0
11175;3220;114;1;31.92;0
11176;3220;107;3;77.21;0
11177;3221;118;10;11.11;0
11178;3221;117;7;94.29;0
11179;3221;105;4;86.64;0
11180;3221;104;10;4.07;0
11181;3222;106;5;93.64;0
11182;3222;104;5;4.07;0
11183;3222;117;3;94.29;0
11184;3222;105;1;86.64;0
11185;3222;114;1;31.92;0
11186;3223;112;7;11.48;0
11187;3224;113;9;85.64;0
11188;3224;110;7;87.41;0
11189;3225;107;9;77.21;0
11190;3225;105;2;86.64;0
11191;3225;104;5;4.07;0
11192;3225;108;5;11.73;0
11193;3225;106;3;93.64;0
11194;3226;110;7;87.41;0
11195;3226;106;7;93.64;0
11196;3226;116;3;31.81;0
11197;3227;114;2;31.92;0
11198;3227;113;3;85.64;0
11199;3228;108;2;11.73;0
11200;3229;118;6;11.11;0
11201;3229;110;8;87.41;4
11202;3229;105;4;86.64;0
11203;3229;102;5;16.63;0
11204;3229;114;6;31.92;0
11205;3230;116;10;31.81;0
11206;3230;108;10;11.73;0
11207;3230;114;8;31.92;0
11208;3230;103;2;93.05;0
11209;3230;104;7;4.07;0
11210;3231;116;4;31.81;0
11211;3231;109;1;14.81;0
11212;3231;105;5;86.64;0
11213;3231;108;7;11.73;0
11214;3231;111;8;34.02;0
11215;3232;116;2;31.81;0
11216;3233;102;9;16.63;0
11217;3233;109;6;14.81;5
11218;3234;118;2;11.11;0
11219;3234;110;2;87.41;0
11220;3235;117;3;94.29;0
11221;3235;118;3;11.11;0
11222;3235;107;5;77.21;0
11223;3235;106;10;93.64;0
11224;3235;103;7;93.05;0
11225;3236;108;1;11.73;0
11226;3237;107;2;77.21;0
11227;3237;108;2;11.73;0
11228;3237;111;5;34.02;0
11229;3237;104;7;4.07;0
11230;3238;115;3;21.03;0
11231;3238;111;4;34.02;0
11232;3238;118;3;11.11;0
11233;3238;109;4;14.81;0
11234;3238;103;5;93.05;0
11235;3239;109;6;14.81;0
11236;3239;113;8;85.64;0
11237;3239;118;8;11.11;0
11238;3239;102;7;16.63;0
11239;3240;107;8;77.21;0
11240;3240;110;3;87.41;0
11241;3240;118;7;11.11;2
11242;3241;115;7;21.03;0
11243;3241;105;9;86.64;0
11244;3241;110;9;87.41;0
11245;3242;112;2;11.48;0
11246;3242;115;10;21.03;0
11247;3242;110;2;87.41;0
11248;3242;117;7;94.29;0
11249;3243;103;8;93.05;0
11250;3243;113;3;85.64;0
11251;3243;118;1;11.11;0
11252;3243;109;7;14.81;0
11253;3243;112;10;11.48;0
11254;3244;112;8;11.48;0
11255;3244;107;6;77.21;0
11256;3244;101;2;44.35;0
11257;3244;103;6;93.05;0
11258;3244;116;4;31.81;0
11259;3244;106;1;93.64;0
11260;3245;112;5;11.48;0
11261;3245;107;10;77.21;0
11262;3245;108;5;11.73;0
11263;3245;102;10;16.63;4
11264;3245;106;9;93.64;0
11265;3245;113;1;85.64;0
11266;3246;106;6;93.64;0
11267;3246;101;1;44.35;0
11268;3246;118;3;11.11;0
11269;3247;114;5;31.92;0
11270;3247;107;9;77.21;0
11271;3247;108;8;11.73;0
11272;3248;109;10;14.81;0
11273;3248;104;8;4.07;0
11274;3248;108;4;11.73;0
11275;3249;106;9;93.64;0
11276;3249;111;5;34.02;0
11277;3249;115;5;21.03;0
11278;3249;101;7;44.35;0
11279;3249;108;8;11.73;0
11280;3250;103;4;93.05;0
11281;3251;118;8;11.11;0
11282;3251;112;8;11.48;0
11283;3251;110;9;87.41;0
11284;3252;109;8;14.81;0
11285;3252;106;7;93.64;0
11286;3252;118;6;11.11;0
11287;3253;109;9;14.81;0
11288;3254;103;5;93.05;0
11289;3254;116;7;31.81;0
11290;3254;118;6;11.11;0
11291;3254;112;8;11.48;0
11292;3255;105;3;86.64;1
11293;3255;101;9;44.35;0
11294;3255;106;4;93.64;0
11295;3255;117;8;94.29;0
11296;3256;104;8;4.07;0
11297;3256;101;2;44.35;0
11298;3257;107;5;77.21;0
11299;3257;105;1;86.64;0
11300;3257;109;6;14.81;0
11301;3257;112;1;11.48;0
11302;3257;104;8;4.07;0
11303;3257;102;7;16.63;0
11304;3258;111;7;34.02;0
11305;3258;114;9;31.92;0
11306;3259;117;5;94.29;0
11307;3259;112;8;11.48;0
11308;3260;113;3;85.64;0
11309;3260;101;5;44.35;0
11310;3260;102;6;16.63;0
11311;3260;111;3;34.02;0
11312;3260;107;1;77.21;1
11313;3260;106;6;93.64;0
11314;3261;107;7;77.21;0
11315;3261;117;1;94.29;0
11316;3261;101;10;44.35;0
11317;3262;115;8;21.03;0
11318;3262;103;3;93.05;0
11319;3262;102;1;16.63;0
11320;3262;116;5;31.81;0
11321;3262;104;1;4.07;0
11322;3263;103;3;93.05;0
11323;3263;114;8;31.92;6
11324;3263;106;1;93.64;0
11325;3263;109;10;14.81;0
11326;3263;113;3;85.64;1
11327;3263;101;5;44.35;0
11328;3264;109;7;14.81;0
11329;3264;107;5;77.21;0
11330;3264;111;6;34.02;0
11331;3264;116;9;31.81;0
11332;3264;115;9;21.03;0
11333;3265;109;10;14.81;0
11334;3265;102;9;16.63;0
11335;3265;103;5;93.05;0
11336;3266;118;3;11.11;0
11337;3266;112;8;11.48;0
11338;3266;114;1;31.92;0
11339;3266;111;8;34.02;0
11340;3266;102;5;16.63;0
11341;3266;113;3;85.64;0
11342;3267;116;4;31.81;0
11343;3267;101;7;44.35;0
11344;3267;107;2;77.21;0
11345;3267;106;3;93.64;0
11346;3268;113;6;85.64;0
11347;3268;101;6;44.35;0
11348;3268;116;6;31.81;0
11349;3268;104;7;4.07;0
11350;3268;105;6;86.64;0
11351;3268;107;9;77.21;0
11352;3269;103;5;93.05;0
11353;3269;113;2;85.64;0
11354;3269;106;9;93.64;0
11355;3269;109;7;14.81;0
11356;3269;104;2;4.07;0
11357;3270;117;1;94.29;0
11358;3270;118;3;11.11;0
11359;3270;108;4;11.73;0
11360;3270;113;5;85.64;0
11361;3271;102;7;16.63;0
11362;3271;108;10;11.73;0
11363;3271;101;10;44.35;0
11364;3271;118;6;11.11;0
11365;3271;107;3;77.21;0
11366;3272;112;5;11.48;4
11367;3272;113;7;85.64;0
11368;3272;116;6;31.81;0
11369;3272;111;2;34.02;0
11370;3272;101;8;44.35;0
11371;3273;109;7;14.81;0
11372;3273;110;10;87.41;0
11373;3273;102;8;16.63;0
11374;3274;112;10;11.48;0
11375;3274;103;1;93.05;0
11376;3274;116;1;31.81;0
11377;3274;108;3;11.73;0
11378;3274;106;2;93.64;0
11379;3274;110;4;87.41;0
11380;3275;109;10;14.81;0
11381;3275;104;7;4.07;0
11382;3276;104;6;4.07;0
11383;3276;108;1;11.73;0
11384;3277;104;8;4.07;0
11385;3277;109;1;14.81;0
11386;3277;106;10;93.64;0
11387;3277;108;5;11.73;0
11388;3278;107;10;77.21;9
11389;3279;103;7;93.05;0
11390;3279;112;5;11.48;0
11391;3280;106;10;93.64;0
11392;3280;104;9;4.07;0
11393;3280;107;2;77.21;0
11394;3280;111;1;34.02;0
11395;3281;113;7;85.64;0
11396;3281;109;10;14.81;0
11397;3281;116;5;31.81;0
11398;3281;105;9;86.64;0
11399;3281;103;4;93.05;0
11400;3282;106;8;93.64;0
11401;3282;114;10;31.92;0
11402;3282;115;2;21.03;0
11403;3282;112;9;11.48;0
11404;3283;111;6;34.02;0
11405;3283;103;7;93.05;0
11406;3283;104;5;4.07;0
11407;3283;112;3;11.48;0
11408;3283;116;3;31.81;1
11409;3284;113;10;85.64;0
11410;3284;117;2;94.29;0
11411;3285;105;9;86.64;0
11412;3285;115;8;21.03;0
11413;3286;107;5;77.21;2
11414;3286;102;1;16.63;0
11415;3287;115;7;21.03;0
11416;3287;108;1;11.73;0
11417;3287;117;7;94.29;0
11418;3287;103;10;93.05;0
11419;3287;109;6;14.81;3
11420;3288;103;1;93.05;0
11421;3288;101;7;44.35;0
11422;3289;110;10;87.41;0
11423;3290;102;7;16.63;0
11424;3290;105;1;86.64;1
11425;3290;108;4;11.73;0
11426;3290;111;8;34.02;0
11427;3290;106;7;93.64;0
11428;3291;109;10;14.81;0
11429;3291;105;8;86.64;0
11430;3291;101;3;44.35;0
11431;3291;118;4;11.11;0
11432;3291;108;9;11.73;0
11433;3292;113;1;85.64;0
11434;3292;118;9;11.11;0
11435;3292;115;5;21.03;0
11436;3292;116;2;31.81;0
11437;3292;110;6;87.41;0
11438;3293;105;10;86.64;0
11439;3293;114;7;31.92;5
11440;3293;115;10;21.03;0
11441;3293;111;8;34.02;0
11442;3294;116;2;31.81;0
11443;3294;101;9;44.35;0
11444;3294;106;3;93.64;0
11445;3294;117;5;94.29;0
11446;3294;104;6;4.07;0
11447;3294;102;9;16.63;0
11448;3295;115;4;21.03;0
11449;3295;113;6;85.64;0
11450;3295;101;10;44.35;0
11451;3295;117;2;94.29;0
11452;3295;109;6;14.81;0
11453;3295;116;6;31.81;0
11454;3296;104;4;4.07;0
11455;3297;111;10;34.02;0
11456;3297;110;6;87.41;0
11457;3297;113;2;85.64;0
11458;3297;103;9;93.05;0
11459;3297;104;4;4.07;0
11460;3297;105;6;86.64;0
11461;3298;104;9;4.07;0
11462;3298;102;1;16.63;0
11463;3299;107;5;77.21;0
11464;3299;116;5;31.81;0
11465;3299;106;6;93.64;0
11466;3299;105;5;86.64;0
11467;3299;103;2;93.05;1
11468;3300;104;10;4.07;0
11469;3300;102;7;16.63;0
11470;3300;109;8;14.81;0
11471;3300;117;3;94.29;2
11472;3301;101;9;44.35;0
11473;3301;110;1;87.41;0
11474;3301;103;7;93.05;0
11475;3301;108;4;11.73;0
11476;3302;103;2;93.05;0
11477;3303;104;2;4.07;0
11478;3304;115;2;21.03;0
11479;3304;109;2;14.81;0
11480;3304;107;5;77.21;0
11481;3304;112;6;11.48;0
11482;3305;109;2;14.81;0
11483;3305;102;10;16.63;0
11484;3305;110;4;87.41;0
11485;3306;118;6;11.11;0
11486;3306;106;10;93.64;0
11487;3306;102;6;16.63;0
11488;3306;105;6;86.64;0
11489;3307;118;1;11.11;0
11490;3307;103;1;93.05;0
11491;3307;113;4;85.64;0
11492;3307;108;5;11.73;0
11493;3307;106;4;93.64;0
11494;3308;107;10;77.21;0
11495;3308;101;9;44.35;0
11496;3308;116;1;31.81;0
11497;3308;113;8;85.64;0
11498;3309;101;4;44.35;0
11499;3309;115;10;21.03;0
11500;3309;116;5;31.81;0
11501;3309;112;9;11.48;0
11502;3309;113;1;85.64;0
11503;3309;108;10;11.73;0
11504;3310;118;5;11.11;0
11505;3310;104;3;4.07;0
11506;3311;103;1;93.05;0
11507;3312;113;4;85.64;0
11508;3313;101;8;44.35;0
11509;3313;108;10;11.73;0
11510;3313;105;3;86.64;0
11511;3313;109;9;14.81;8
11512;3314;110;4;87.41;0
11513;3314;116;6;31.81;0
11514;3314;112;2;11.48;0
11515;3314;103;2;93.05;0
11516;3314;109;10;14.81;0
11517;3314;105;6;86.64;0
11518;3315;111;10;34.02;0
11519;3315;103;4;93.05;0
11520;3315;105;10;86.64;0
11521;3315;109;8;14.81;0
11522;3315;117;5;94.29;0
11523;3315;114;1;31.92;0
11524;3316;114;1;31.92;0
11525;3316;112;8;11.48;0
11526;3316;110;2;87.41;0
11527;3317;115;1;21.03;0
11528;3317;102;7;16.63;0
11529;3317;106;8;93.64;0
11530;3318;101;9;44.35;0
11531;3318;118;1;11.11;0
11532;3319;111;6;34.02;0
11533;3319;103;6;93.05;0
11534;3319;106;6;93.64;0
11535;3320;109;3;14.81;0
11536;3320;112;3;11.48;0
11537;3320;104;8;4.07;0
11538;3320;115;5;21.03;0
11539;3320;106;2;93.64;0
11540;3320;102;6;16.63;0
11541;3321;113;4;85.64;0
11542;3321;112;4;11.48;0
11543;3321;115;2;21.03;0
11544;3321;109;2;14.81;0
11545;3321;101;1;44.35;0
11546;3322;112;1;11.48;0
11547;3322;110;1;87.41;0
11548;3322;115;5;21.03;0
11549;3322;111;8;34.02;0
11550;3322;118;7;11.11;0
11551;3322;106;6;93.64;0
11552;3323;109;7;14.81;0
11553;3323;113;4;85.64;0
11554;3323;118;10;11.11;0
11555;3323;104;2;4.07;0
11556;3324;111;6;34.02;0
11557;3324;114;7;31.92;0
11558;3324;106;10;93.64;0
11559;3325;106;1;93.64;0
11560;3325;109;1;14.81;1
11561;3325;112;2;11.48;0
11562;3326;112;4;11.48;0
11563;3326;106;6;93.64;0
11564;3326;105;8;86.64;0
11565;3327;111;2;34.02;0
11566;3327;105;2;86.64;0
11567;3327;114;8;31.92;0
11568;3327;117;8;94.29;0
11569;3327;103;9;93.05;0
11570;3327;109;3;14.81;0
11571;3328;118;9;11.11;0
11572;3328;113;4;85.64;0
11573;3328;101;4;44.35;0
11574;3328;103;5;93.05;0
11575;3328;117;2;94.29;0
11576;3329;114;8;31.92;0
11577;3329;117;8;94.29;0
11578;3329;102;10;16.63;0
11579;3329;101;9;44.35;0
11580;3329;110;3;87.41;0
11581;3330;104;1;4.07;0
11582;3330;117;9;94.29;0
11583;3330;110;2;87.41;0
11584;3330;116;9;31.81;0
11585;3330;118;8;11.11;0
11586;3330;114;5;31.92;0
11587;3331;107;9;77.21;0
11588;3331;104;10;4.07;0
11589;3331;117;7;94.29;0
11590;3331;115;1;21.03;0
11591;3331;101;9;44.35;0
11592;3332;104;5;4.07;0
11593;3332;114;5;31.92;0
11594;3332;105;6;86.64;0
11595;3332;108;8;11.73;0
11596;3332;109;6;14.81;0
11597;3332;116;5;31.81;0
11598;3333;110;5;87.41;1
11599;3334;105;5;86.64;0
11600;3335;112;3;11.48;0
11601;3335;111;3;34.02;0
11602;3335;106;1;93.64;0
11603;3336;117;6;94.29;0
11604;3336;101;3;44.35;0
11605;3337;116;7;31.81;0
11606;3337;103;5;93.05;0
11607;3337;105;4;86.64;1
11608;3338;101;10;44.35;0
11609;3338;117;10;94.29;0
11610;3338;103;9;93.05;0
11611;3338;105;1;86.64;0
11612;3339;114;2;31.92;0
11613;3339;102;6;16.63;0
11614;3339;117;3;94.29;0
11615;3339;116;5;31.81;0
11616;3340;106;4;93.64;0
11617;3340;108;1;11.73;0
11618;3340;117;9;94.29;0
11619;3340;111;4;34.02;0
11620;3341;115;9;21.03;0
11621;3341;109;9;14.81;0
11622;3341;106;10;93.64;0
11623;3342;112;3;11.48;0
11624;3342;111;2;34.02;0
11625;3342;116;4;31.81;0
11626;3343;103;7;93.05;0
11627;3343;104;4;4.07;0
11628;3343;110;3;87.41;0
11629;3344;112;6;11.48;0
11630;3344;106;1;93.64;0
11631;3345;118;5;11.11;0
11632;3345;105;10;86.64;0
11633;3345;104;7;4.07;0
11634;3345;110;8;87.41;0
11635;3346;118;5;11.11;0
11636;3346;109;7;14.81;0
11637;3346;107;10;77.21;0
11638;3346;106;6;93.64;0
11639;3347;101;10;44.35;0
11640;3347;116;4;31.81;0
11641;3348;103;4;93.05;0
11642;3348;113;9;85.64;0
11643;3349;101;9;44.35;0
11644;3349;116;9;31.81;0
11645;3349;107;9;77.21;0
11646;3350;106;6;93.64;0
11647;3350;108;9;11.73;0
11648;3351;112;1;11.48;0
11649;3351;118;2;11.11;0
11650;3352;117;9;94.29;0
11651;3352;108;7;11.73;0
11652;3353;107;6;77.21;0
11653;3353;103;7;93.05;0
11654;3353;117;8;94.29;0
11655;3353;113;5;85.64;0
11656;3353;105;3;86.64;0
11657;3353;115;3;21.03;0
11658;3354;101;7;44.35;0
11659;3354;109;2;14.81;0
11660;3354;117;2;94.29;0
11661;3355;103;3;93.05;0
11662;3356;112;6;11.48;0
11663;3356;103;3;93.05;0
11664;3356;107;3;77.21;0
11665;3357;118;9;11.11;0
11666;3357;109;10;14.81;0
11667;3358;106;9;93.64;0
11668;3358;111;6;34.02;0
11669;3359;112;5;11.48;0
11670;3359;115;7;21.03;0
11671;3360;108;8;11.73;0
11672;3360;118;2;11.11;0
11673;3360;107;8;77.21;0
11674;3360;105;8;86.64;0
11675;3360;104;9;4.07;0
11676;3360;103;1;93.05;0
11677;3361;114;10;31.92;0
11678;3361;109;8;14.81;0
11679;3361;106;10;93.64;0
11680;3361;118;4;11.11;0
11681;3361;110;7;87.41;0
11682;3361;115;10;21.03;0
11683;3362;113;10;85.64;0
11684;3362;105;9;86.64;0
11685;3363;113;7;85.64;2
11686;3363;117;7;94.29;0
11687;3363;106;7;93.64;0
11688;3363;109;1;14.81;0
11689;3364;113;2;85.64;0
11690;3364;115;3;21.03;0
11691;3364;108;9;11.73;0
11692;3364;117;5;94.29;0
11693;3364;101;9;44.35;0
11694;3364;104;6;4.07;0
11695;3365;101;10;44.35;6
11696;3365;115;10;21.03;10
11697;3366;106;1;93.64;0
11698;3366;114;10;31.92;4
11699;3366;112;2;11.48;0
11700;3367;108;6;11.73;0
11701;3367;106;1;93.64;0
11702;3368;116;8;31.81;4
11703;3368;108;1;11.73;0
11704;3369;104;6;4.07;0
11705;3369;106;3;93.64;0
11706;3369;107;6;77.21;0
11707;3370;101;7;44.35;0
11708;3371;113;10;85.64;0
11709;3371;115;9;21.03;0
11710;3371;116;10;31.81;0
11711;3371;103;2;93.05;0
11712;3372;101;6;44.35;0
11713;3372;113;8;85.64;0
11714;3373;101;7;44.35;1
11715;3373;104;10;4.07;0
11716;3373;112;4;11.48;0
11717;3373;116;10;31.81;0
11718;3373;115;10;21.03;0
11719;3373;102;6;16.63;0
11720;3374;110;4;87.41;0
11721;3374;114;5;31.92;0
11722;3374;113;4;85.64;0
11723;3374;109;5;14.81;0
11724;3374;107;3;77.21;2
11725;3374;112;8;11.48;0
11726;3375;101;8;44.35;0
11727;3375;113;2;85.64;0
11728;3375;103;3;93.05;0
11729;3376;101;10;44.35;4
11730;3376;117;1;94.29;0
11731;3376;109;2;14.81;0
11732;3376;107;10;77.21;0
11733;3376;115;7;21.03;0
11734;3376;113;1;85.64;0
11735;3377;104;1;4.07;0
11736;3377;116;7;31.81;0
11737;3377;101;7;44.35;0
11738;3378;110;8;87.41;0
11739;3378;114;1;31.92;0
11740;3378;116;3;31.81;1
11741;3378;108;10;11.73;0
11742;3378;106;6;93.64;1
11743;3379;101;5;44.35;0
11744;3379;117;6;94.29;0
11745;3380;112;6;11.48;0
11746;3380;103;6;93.05;0
11747;3381;105;10;86.64;0
11748;3381;104;5;4.07;0
11749;3381;115;4;21.03;0
11750;3381;102;7;16.63;0
11751;3381;108;7;11.73;0
11752;3381;110;10;87.41;0
11753;3382;101;4;44.35;0
11754;3382;106;5;93.64;0
11755;3382;104;3;4.07;2
11756;3383;104;7;4.07;0
11757;3384;115;1;21.03;0
11758;3385;112;10;11.48;0
11759;3386;104;5;4.07;0
11760;3386;116;5;31.81;0
11761;3386;109;1;14.81;0
11762;3386;115;1;21.03;0
11763;3387;104;6;4.07;0
11764;3388;109;5;14.81;0
11765;3389;107;7;77.21;0
11766;3389;112;5;11.48;0
11767;3389;117;1;94.29;0
11768;3389;116;4;31.81;0
11769;3390;109;10;14.81;0
11770;3390;101;10;44.35;0
11771;3390;114;8;31.92;0
11772;3390;103;1;93.05;0
11773;3390;107;3;77.21;0
11774;3391;116;1;31.81;1
11775;3391;109;1;14.81;0
11776;3391;102;10;16.63;0
11777;3391;103;7;93.05;0
11778;3391;117;10;94.29;0
11779;3391;110;2;87.41;0
11780;3392;103;3;93.05;0
11781;3392;105;2;86.64;0
11782;3392;110;1;87.41;0
11783;3392;108;5;11.73;0
11784;3392;116;4;31.81;0
11785;3393;104;4;4.07;0
11786;3393;108;2;11.73;0
11787;3394;117;10;94.29;0
11788;3394;113;7;85.64;0
11789;3394;114;1;31.92;0
11790;3394;105;9;86.64;0
11791;3394;107;6;77.21;0
11792;3394;116;3;31.81;0
11793;3395;110;2;87.41;0
11794;3395;113;8;85.64;0
11795;3396;110;5;87.41;0
11796;3396;101;9;44.35;0
11797;3396;106;6;93.64;0
11798;3396;117;9;94.29;0
11799;3396;118;7;11.11;0
11800;3397;117;4;94.29;0
11801;3397;116;4;31.81;0
11802;3397;103;5;93.05;0
11803;3397;113;3;85.64;0
11804;3398;112;9;11.48;0
11805;3399;111;5;34.02;0
11806;3399;113;2;85.64;0
11807;3399;117;7;94.29;0
11808;3399;118;8;11.11;0
11809;3399;115;10;21.03;0
11810;3400;111;2;34.02;0
11811;3401;114;6;31.92;0
11812;3401;105;8;86.64;0
11813;3402;109;10;14.81;0
11814;3402;111;8;34.02;0
11815;3402;104;9;4.07;0
11816;3402;112;2;11.48;0
11817;3403;118;6;11.11;0
11818;3403;109;8;14.81;0
11819;3403;111;5;34.02;0
11820;3403;115;8;21.03;0
11821;3403;101;10;44.35;0
11822;3404;102;5;16.63;0
11823;3404;108;3;11.73;0
11824;3405;101;4;44.35;0
11825;3405;106;8;93.64;0
11826;3406;114;3;31.92;0
11827;3406;110;2;87.41;0
11828;3406;107;3;77.21;0
11829;3406;101;4;44.35;0
11830;3407;109;4;14.81;0
11831;3407;104;5;4.07;0
11832;3407;118;2;11.11;0
11833;3407;105;5;86.64;0
11834;3407;107;2;77.21;0
11835;3408;117;6;94.29;0
11836;3408;105;6;86.64;0
11837;3408;111;4;34.02;0
11838;3408;101;2;44.35;0
11839;3408;106;7;93.64;0
11840;3408;116;5;31.81;0
11841;3409;114;6;31.92;0
11842;3409;108;9;11.73;0
11843;3409;107;9;77.21;0
11844;3409;101;3;44.35;0
11845;3409;102;7;16.63;0
11846;3410;113;8;85.64;0
11847;3410;115;8;21.03;0
11848;3411;114;5;31.92;0
11849;3412;103;9;93.05;0
11850;3412;110;6;87.41;0
11851;3412;101;1;44.35;0
11852;3412;107;9;77.21;0
11853;3412;114;7;31.92;0
11854;3412;102;1;16.63;0
11855;3413;117;5;94.29;0
11856;3413;118;5;11.11;0
11857;3413;109;6;14.81;0
11858;3414;112;8;11.48;0
11859;3414;109;1;14.81;0
11860;3414;108;5;11.73;0
11861;3415;104;10;4.07;0
11862;3415;109;7;14.81;0
11863;3415;103;1;93.05;0
11864;3416;103;1;93.05;0
11865;3417;112;8;11.48;0
11866;3417;114;9;31.92;0
11867;3417;110;1;87.41;0
11868;3417;105;5;86.64;0
11869;3418;110;3;87.41;0
11870;3419;113;2;85.64;0
11871;3419;104;5;4.07;0
11872;3419;114;3;31.92;0
11873;3420;115;5;21.03;0
11874;3420;117;3;94.29;0
11875;3420;116;9;31.81;0
11876;3420;108;9;11.73;0
11877;3421;111;9;34.02;0
11878;3422;101;5;44.35;0
11879;3422;108;1;11.73;0
11880;3422;107;3;77.21;0
11881;3422;103;3;93.05;0
11882;3422;111;5;34.02;0
11883;3423;101;8;44.35;0
11884;3423;106;2;93.64;0
11885;3423;118;9;11.11;0
11886;3424;116;7;31.81;0
11887;3424;103;5;93.05;0
11888;3424;107;6;77.21;0
11889;3424;109;6;14.81;0
11890;3424;105;1;86.64;0
11891;3424;102;4;16.63;0
11892;3425;112;8;11.48;0
11893;3426;114;2;31.92;0
11894;3427;103;5;93.05;0
11895;3427;112;10;11.48;0
11896;3427;115;4;21.03;0
11897;3427;108;2;11.73;0
11898;3428;103;2;93.05;0
11899;3428;102;5;16.63;0
11900;3428;111;3;34.02;0
11901;3429;112;4;11.48;0
11902;3429;118;6;11.11;0
11903;3430;102;4;16.63;0
11904;3430;109;7;14.81;0
11905;3430;112;5;11.48;0
11906;3431;116;3;31.81;1
11907;3432;117;5;94.29;0
11908;3432;103;2;93.05;0
11909;3432;102;10;16.63;0
11910;3433;113;1;85.64;0
11911;3433;115;1;21.03;0
11912;3434;109;1;14.81;0
11913;3434;101;2;44.35;0
11914;3434;114;8;31.92;0
11915;3434;115;7;21.03;0
11916;3434;111;5;34.02;0
11917;3435;116;4;31.81;0
11918;3436;112;8;11.48;0
11919;3437;116;7;31.81;0
11920;3437;117;10;94.29;0
11921;3437;103;7;93.05;0
11922;3437;115;10;21.03;0
11923;3437;102;5;16.63;0
11924;3438;111;6;34.02;0
11925;3438;113;3;85.64;0
11926;3438;107;7;77.21;3
11927;3438;115;2;21.03;0
11928;3439;113;3;85.64;0
11929;3439;107;5;77.21;0
11930;3439;106;7;93.64;0
11931;3439;114;2;31.92;0
11932;3440;111;8;34.02;0
11933;3440;104;8;4.07;0
11934;3440;102;10;16.63;0
11935;3440;110;1;87.41;0
11936;3440;118;10;11.11;0
11937;3441;111;8;34.02;0
11938;3441;113;3;85.64;0
11939;3441;101;6;44.35;0
11940;3441;105;1;86.64;0
11941;3441;107;10;77.21;0
11942;3442;111;2;34.02;0
11943;3442;108;10;11.73;0
11944;3442;112;1;11.48;0
11945;3442;101;5;44.35;0
11946;3442;104;5;4.07;0
11947;3443;102;8;16.63;0
11948;3443;105;4;86.64;0
11949;3443;103;7;93.05;0
11950;3443;107;8;77.21;0
11951;3443;112;8;11.48;0
11952;3443;106;10;93.64;0
11953;3444;107;10;77.21;0
11954;3445;111;8;34.02;0
11955;3445;101;7;44.35;0
11956;3445;118;5;11.11;0
11957;3445;115;10;21.03;0
11958;3445;117;9;94.29;0
11959;3446;110;4;87.41;0
11960;3446;112;8;11.48;0
11961;3446;101;2;44.35;0
11962;3446;107;7;77.21;0
11963;3446;109;8;14.81;0
11964;3447;112;7;11.48;0
11965;3447;111;1;34.02;0
11966;3447;103;4;93.05;0
11967;3447;107;2;77.21;0
11968;3447;106;1;93.64;0
11969;3448;111;7;34.02;0
11970;3448;104;1;4.07;0
11971;3448;113;8;85.64;2
11972;3448;118;8;11.11;0
11973;3448;114;3;31.92;0
11974;3448;103;1;93.05;0
11975;3449;108;2;11.73;0
11976;3449;110;4;87.41;0
11977;3449;107;10;77.21;0
11978;3449;103;1;93.05;0
11979;3449;106;2;93.64;0
11980;3449;101;5;44.35;0
11981;3450;114;6;31.92;0
11982;3450;108;8;11.73;0
11983;3450;118;4;11.11;0
11984;3450;110;10;87.41;0
11985;3450;109;1;14.81;0
11986;3451;114;2;31.92;0
11987;3451;107;9;77.21;7
11988;3451;104;10;4.07;0
11989;3451;111;6;34.02;0
11990;3452;113;7;85.64;0
11991;3452;101;6;44.35;0
11992;3452;104;5;4.07;0
11993;3452;103;6;93.05;0
11994;3452;102;4;16.63;0
11995;3453;115;2;21.03;0
11996;3453;111;6;34.02;4
11997;3454;103;4;93.05;0
11998;3454;114;9;31.92;0
11999;3454;106;1;93.64;0
12000;3454;102;7;16.63;0
12001;3454;107;4;77.21;0
12002;3454;109;9;14.81;0
12003;3455;104;8;4.07;0
12004;3456;108;6;11.73;0
12005;3457;104;7;4.07;0
12006;3457;111;6;34.02;0
12007;3458;109;1;14.81;0
12008;3458;113;1;85.64;0
12009;3459;114;10;31.92;0
12010;3459;103;5;93.05;0
12011;3459;109;4;14.81;1
12012;3459;108;7;11.73;0
12013;3459;116;3;31.81;0
12014;3460;115;8;21.03;0
12015;3460;106;6;93.64;0
12016;3460;104;6;4.07;0
12017;3460;116;10;31.81;0
12018;3460;114;1;31.92;0
12019;3460;117;1;94.29;0
12020;3461;118;3;11.11;0
12021;3461;107;7;77.21;0
12022;3461;109;2;14.81;2
12023;3461;104;8;4.07;0
12024;3461;108;3;11.73;0
12025;3461;103;7;93.05;0
12026;3462;102;9;16.63;0
12027;3462;101;9;44.35;0
12028;3463;105;3;86.64;0
12029;3463;113;8;85.64;0
12030;3463;109;1;14.81;0
12031;3463;114;1;31.92;0
12032;3464;114;9;31.92;0
12033;3464;104;4;4.07;0
12034;3464;105;10;86.64;0
12035;3464;116;5;31.81;0
12036;3464;115;8;21.03;0
12037;3464;113;10;85.64;0
12038;3465;102;6;16.63;0
12039;3465;111;3;34.02;0
12040;3466;113;9;85.64;0
12041;3466;103;2;93.05;0
12042;3466;116;5;31.81;0
12043;3466;112;10;11.48;0
12044;3466;114;1;31.92;0
12045;3466;117;6;94.29;0
12046;3467;116;1;31.81;0
12047;3467;109;2;14.81;0
12048;3468;103;7;93.05;0
12049;3468;111;10;34.02;0
12050;3468;110;8;87.41;0
12051;3468;102;5;16.63;0
12052;3468;101;10;44.35;0
12053;3469;111;10;34.02;0
12054;3469;107;9;77.21;0
12055;3469;114;7;31.92;0
12056;3469;113;3;85.64;0
12057;3469;105;10;86.64;0
12058;3469;117;3;94.29;0
12059;3470;101;7;44.35;0
12060;3470;115;1;21.03;0
12061;3470;109;9;14.81;0
12062;3470;117;6;94.29;0
12063;3470;118;9;11.11;0
12064;3471;104;4;4.07;0
12065;3471;114;1;31.92;0
12066;3471;102;5;16.63;0
12067;3472;108;4;11.73;0
12068;3473;102;8;16.63;0
12069;3473;111;9;34.02;0
12070;3473;108;4;11.73;0
12071;3474;118;5;11.11;0
12072;3474;107;3;77.21;0
12073;3474;114;4;31.92;0
12074;3474;113;5;85.64;0
12075;3474;104;8;4.07;0
12076;3475;105;7;86.64;0
12077;3475;113;7;85.64;0
12078;3476;109;5;14.81;0
12079;3476;108;6;11.73;0
12080;3477;115;1;21.03;0
12081;3478;111;9;34.02;0
12082;3478;102;10;16.63;0
12083;3478;105;4;86.64;0
12084;3479;115;9;21.03;0
12085;3479;110;1;87.41;0
12086;3479;109;2;14.81;2
12087;3479;112;8;11.48;0
12088;3479;111;3;34.02;0
12089;3479;105;10;86.64;0
12090;3480;118;1;11.11;0
12091;3480;103;6;93.05;0
12092;3481;105;8;86.64;0
12093;3481;114;7;31.92;0
12094;3481;101;6;44.35;0
12095;3482;103;8;93.05;0
12096;3482;111;3;34.02;0
12097;3482;112;7;11.48;0
12098;3482;106;6;93.64;0
12099;3482;115;1;21.03;0
12100;3482;118;6;11.11;0
12101;3483;101;7;44.35;0
12102;3484;111;6;34.02;0
12103;3484;115;1;21.03;0
12104;3484;117;5;94.29;0
12105;3485;107;4;77.21;0
12106;3485;101;7;44.35;0
12107;3486;114;4;31.92;1
12108;3486;113;4;85.64;0
12109;3487;113;2;85.64;0
12110;3487;101;4;44.35;0
12111;3488;108;9;11.73;0
12112;3489;117;6;94.29;4
12113;3489;108;1;11.73;0
12114;3489;104;4;4.07;0
12115;3489;105;5;86.64;0
12116;3489;114;5;31.92;0
12117;3490;114;9;31.92;0
12118;3490;107;9;77.21;0
12119;3490;105;7;86.64;0
12120;3490;106;7;93.64;0
12121;3490;108;2;11.73;0
12122;3490;117;4;94.29;0
12123;3491;102;8;16.63;0
12124;3491;117;6;94.29;0
12125;3491;116;5;31.81;0
12126;3491;103;7;93.05;0
12127;3492;114;3;31.92;0
12128;3492;107;3;77.21;0
12129;3492;105;8;86.64;0
12130;3492;109;2;14.81;0
12131;3492;112;7;11.48;0
12132;3492;104;9;4.07;0
12133;3493;107;8;77.21;0
12134;3493;118;1;11.11;0
12135;3493;114;6;31.92;0
12136;3493;115;4;21.03;0
12137;3494;114;3;31.92;0
12138;3494;117;5;94.29;0
12139;3494;112;4;11.48;0
12140;3494;110;4;87.41;0
12141;3494;113;7;85.64;0
12142;3495;111;2;34.02;0
12143;3495;105;10;86.64;0
12144;3496;117;9;94.29;0
12145;3496;106;7;93.64;0
12146;3496;112;4;11.48;0
12147;3497;110;2;87.41;0
12148;3497;105;4;86.64;0
12149;3498;118;5;11.11;0
12150;3498;105;5;86.64;0
12151;3498;110;10;87.41;0
12152;3498;107;1;77.21;0
12153;3498;102;5;16.63;0
12154;3499;115;7;21.03;0
12155;3499;108;7;11.73;0
12156;3499;118;5;11.11;0
12157;3500;114;5;31.92;0
12158;3500;115;9;21.03;2
12159;3501;117;9;94.29;0
12160;3501;113;2;85.64;0
12161;3501;114;6;31.92;0
12162;3502;106;8;93.64;0
12163;3502;114;1;31.92;0
12164;3502;111;4;34.02;0
12165;3502;109;5;14.81;0
12166;3502;108;5;11.73;0
12167;3503;105;6;86.64;0
12168;3504;105;3;86.64;0
12169;3504;116;1;31.81;0
12170;3504;117;1;94.29;0
12171;3504;102;5;16.63;0
12172;3504;103;9;93.05;0
12173;3505;109;2;14.81;1
12174;3505;114;10;31.92;0
12175;3506;116;8;31.81;0
12176;3506;114;4;31.92;0
12177;3507;106;1;93.64;0
12178;3508;106;4;93.64;0
12179;3508;109;5;14.81;0
12180;3508;116;2;31.81;0
12181;3508;105;5;86.64;5
12182;3508;112;10;11.48;0
12183;3509;115;1;21.03;0
12184;3509;111;7;34.02;0
12185;3510;108;4;11.73;1
12186;3510;101;9;44.35;0
12187;3510;112;3;11.48;0
12188;3510;117;3;94.29;0
12189;3510;116;2;31.81;0
12190;3511;103;3;93.05;0
12191;3511;116;10;31.81;0
12192;3511;107;8;77.21;0
12193;3512;103;5;93.05;0
12194;3512;111;1;34.02;0
12195;3512;109;10;14.81;0
12196;3512;102;1;16.63;0
12197;3512;117;5;94.29;0
12198;3512;116;6;31.81;0
12199;3513;118;7;11.11;0
12200;3513;110;4;87.41;0
12201;3514;102;10;16.63;0
12202;3514;112;6;11.48;2
12203;3514;117;3;94.29;0
12204;3514;105;8;86.64;0
12205;3514;110;3;87.41;0
12206;3515;110;4;87.41;0
12207;3516;106;10;93.64;0
12208;3516;102;8;16.63;0
12209;3516;117;2;94.29;0
12210;3517;111;9;34.02;0
12211;3517;108;4;11.73;0
12212;3518;113;5;85.64;0
12213;3519;115;8;21.03;0
12214;3519;105;3;86.64;3
12215;3519;106;9;93.64;0
12216;3520;109;5;14.81;0
12217;3520;116;2;31.81;0
12218;3520;108;5;11.73;0
12219;3520;111;6;34.02;0
12220;3520;102;1;16.63;0
12221;3521;108;1;11.73;0
12222;3521;109;4;14.81;0
12223;3521;104;6;4.07;0
12224;3521;118;1;11.11;0
12225;3521;103;1;93.05;0
12226;3522;118;3;11.11;1
12227;3522;107;4;77.21;0
12228;3522;106;4;93.64;0
12229;3523;104;4;4.07;0
12230;3523;102;10;16.63;0
12231;3523;109;9;14.81;0
12232;3523;118;7;11.11;0
12233;3523;108;3;11.73;0
12234;3524;113;6;85.64;0
12235;3524;102;6;16.63;0
12236;3524;105;10;86.64;0
12237;3524;117;4;94.29;0
12238;3524;107;7;77.21;0
12239;3524;110;2;87.41;0
12240;3525;112;3;11.48;0
12241;3525;106;9;93.64;3
12242;3525;102;10;16.63;0
12243;3526;106;4;93.64;0
12244;3526;116;4;31.81;0
12245;3526;103;2;93.05;0
12246;3526;111;8;34.02;0
12247;3527;118;3;11.11;0
12248;3527;117;2;94.29;0
12249;3527;109;8;14.81;0
12250;3528;115;1;21.03;0
12251;3528;102;8;16.63;0
12252;3528;107;1;77.21;0
12253;3528;101;7;44.35;0
12254;3528;109;6;14.81;0
12255;3528;118;6;11.11;0
12256;3529;109;4;14.81;0
12257;3529;114;10;31.92;0
12258;3529;111;4;34.02;0
12259;3529;107;4;77.21;0
12260;3529;101;5;44.35;0
12261;3529;108;8;11.73;0
12262;3530;108;4;11.73;0
12263;3530;117;10;94.29;0
12264;3530;104;4;4.07;0
12265;3531;101;1;44.35;0
12266;3532;107;2;77.21;0
12267;3532;101;5;44.35;0
12268;3532;112;3;11.48;0
12269;3533;102;2;16.63;0
12270;3533;101;1;44.35;0
12271;3533;113;3;85.64;1
12272;3533;105;2;86.64;1
12273;3534;109;7;14.81;0
12274;3534;114;2;31.92;0
12275;3534;104;4;4.07;0
12276;3535;109;3;14.81;0
12277;3535;117;4;94.29;0
12278;3535;104;4;4.07;0
12279;3535;111;7;34.02;0
12280;3536;108;4;11.73;0
12281;3536;112;6;11.48;0
12282;3536;118;5;11.11;0
12283;3536;114;1;31.92;0
12284;3536;117;3;94.29;1
12285;3537;112;5;11.48;0
12286;3537;102;10;16.63;2
12287;3537;103;6;93.05;0
12288;3537;117;10;94.29;0
12289;3537;108;10;11.73;0
12290;3537;106;8;93.64;0
12291;3538;102;7;16.63;0
12292;3539;106;7;93.64;0
12293;3539;116;6;31.81;0
12294;3540;116;7;31.81;0
12295;3540;103;8;93.05;0
12296;3540;118;5;11.11;2
12297;3540;115;6;21.03;0
12298;3540;112;2;11.48;0
12299;3541;103;10;93.05;0
12300;3542;116;5;31.81;0
12301;3542;115;7;21.03;0
12302;3542;108;3;11.73;0
12303;3542;110;1;87.41;0
12304;3542;112;9;11.48;0
12305;3543;109;5;14.81;0
12306;3544;116;2;31.81;0
12307;3544;117;1;94.29;0
12308;3544;106;7;93.64;0
12309;3544;104;2;4.07;0
12310;3544;107;4;77.21;0
12311;3544;115;2;21.03;0
12312;3545;115;5;21.03;0
12313;3545;113;5;85.64;0
12314;3545;102;6;16.63;0
12315;3545;105;7;86.64;0
12316;3545;114;10;31.92;0
12317;3546;110;1;87.41;1
12318;3546;117;7;94.29;0
12319;3546;115;6;21.03;0
12320;3546;102;2;16.63;0
12321;3546;103;8;93.05;0
12322;3546;113;2;85.64;0
12323;3547;105;1;86.64;0
12324;3547;102;1;16.63;0
12325;3547;103;3;93.05;0
12326;3547;109;3;14.81;0
12327;3548;118;5;11.11;0
12328;3548;116;3;31.81;0
12329;3548;110;10;87.41;0
12330;3548;102;1;16.63;0
12331;3548;105;3;86.64;0
12332;3549;107;10;77.21;0
12333;3549;117;3;94.29;0
12334;3549;115;2;21.03;0
12335;3549;109;6;14.81;0
12336;3549;110;1;87.41;0
12337;3549;101;1;44.35;0
12338;3550;113;1;85.64;0
12339;3550;115;2;21.03;0
12340;3550;102;3;16.63;0
12341;3550;114;8;31.92;0
12342;3551;117;4;94.29;0
12343;3552;109;7;14.81;0
12344;3552;108;9;11.73;0
12345;3552;105;9;86.64;0
12346;3552;103;4;93.05;0
12347;3553;116;6;31.81;0
12348;3553;113;6;85.64;0
12349;3553;111;7;34.02;0
12350;3554;111;6;34.02;0
12351;3554;117;7;94.29;0
12352;3554;103;5;93.05;0
12353;3555;117;9;94.29;0
12354;3555;111;9;34.02;0
12355;3555;103;7;93.05;0
12356;3556;108;10;11.73;0
12357;3556;115;10;21.03;0
12358;3556;107;8;77.21;0
12359;3557;104;10;4.07;0
12360;3558;108;2;11.73;0
12361;3558;112;1;11.48;0
12362;3559;114;6;31.92;0
12363;3559;102;2;16.63;0
12364;3559;116;8;31.81;0
12365;3559;105;3;86.64;0
12366;3559;107;5;77.21;0
12367;3559;117;2;94.29;0
12368;3560;116;8;31.81;0
12369;3560;112;10;11.48;0
12370;3561;118;2;11.11;0
12371;3561;108;6;11.73;0
12372;3562;103;9;93.05;0
12373;3562;112;10;11.48;0
12374;3562;107;7;77.21;0
12375;3562;118;1;11.11;0
12376;3562;113;8;85.64;0
12377;3562;102;2;16.63;0
12378;3563;116;7;31.81;0
12379;3563;115;7;21.03;5
12380;3564;106;4;93.64;0
12381;3565;111;5;34.02;0
12382;3565;109;5;14.81;0
12383;3565;108;1;11.73;0
12384;3565;113;7;85.64;0
12385;3566;107;3;77.21;0
12386;3567;116;9;31.81;0
12387;3567;110;6;87.41;0
12388;3567;108;4;11.73;0
12389;3567;106;9;93.64;0
12390;3567;104;5;4.07;0
12391;3568;112;5;11.48;0
12392;3568;104;6;4.07;0
12393;3569;112;7;11.48;0
12394;3569;115;5;21.03;0
12395;3569;110;2;87.41;0
12396;3569;113;9;85.64;0
12397;3570;105;3;86.64;0
12398;3570;117;8;94.29;0
12399;3570;103;9;93.05;0
12400;3571;110;4;87.41;0
12401;3571;113;10;85.64;0
12402;3571;112;6;11.48;0
12403;3571;106;5;93.64;0
12404;3571;114;8;31.92;0
12405;3571;109;6;14.81;0
12406;3572;105;7;86.64;0
12407;3572;111;10;34.02;0
12408;3572;106;6;93.64;0
12409;3573;104;10;4.07;0
12410;3573;112;6;11.48;0
12411;3573;111;9;34.02;0
12412;3573;114;4;31.92;0
12413;3573;116;7;31.81;0
12414;3573;109;1;14.81;0
12415;3574;103;4;93.05;0
12416;3574;115;1;21.03;1
12417;3574;114;9;31.92;0
12418;3574;104;8;4.07;0
12419;3574;109;6;14.81;0
12420;3574;102;10;16.63;0
12421;3575;106;8;93.64;0
12422;3575;117;3;94.29;0
12423;3575;109;10;14.81;0
12424;3575;118;7;11.11;0
12425;3575;104;8;4.07;0
12426;3575;110;4;87.41;0
12427;3576;107;2;77.21;0
12428;3576;101;8;44.35;0
12429;3577;117;9;94.29;0
12430;3577;111;1;34.02;0
12431;3577;116;4;31.81;0
12432;3578;112;7;11.48;0
12433;3578;113;4;85.64;0
12434;3579;118;5;11.11;0
12435;3579;110;6;87.41;0
12436;3579;103;3;93.05;0
12437;3580;117;5;94.29;0
12438;3580;106;9;93.64;0
12439;3580;102;9;16.63;0
12440;3581;108;8;11.73;0
12441;3581;115;5;21.03;0
12442;3582;113;2;85.64;0
12443;3583;107;6;77.21;0
12444;3584;104;9;4.07;0
12445;3584;110;4;87.41;0
12446;3584;116;8;31.81;0
12447;3584;103;5;93.05;0
12448;3584;118;8;11.11;0
12449;3584;105;4;86.64;0
12450;3585;104;8;4.07;0
12451;3585;108;9;11.73;0
12452;3585;109;7;14.81;0
12453;3585;110;3;87.41;0
12454;3585;115;3;21.03;0
12455;3586;105;9;86.64;0
12456;3586;111;6;34.02;0
12457;3587;117;5;94.29;0
12458;3587;103;7;93.05;0
12459;3588;108;9;11.73;0
12460;3588;112;7;11.48;0
12461;3588;118;7;11.11;0
12462;3589;108;4;11.73;0
12463;3589;111;1;34.02;0
12464;3590;109;9;14.81;0
12465;3590;118;6;11.11;0
12466;3591;112;3;11.48;0
12467;3591;104;3;4.07;0
12468;3591;113;1;85.64;0
12469;3592;102;3;16.63;0
12470;3592;104;9;4.07;0
12471;3592;118;6;11.11;0
12472;3592;112;2;11.48;0
12473;3593;112;2;11.48;0
12474;3593;106;3;93.64;0
12475;3593;116;5;31.81;0
12476;3593;117;4;94.29;0
12477;3593;105;10;86.64;0
12478;3593;101;4;44.35;0
12479;3594;116;6;31.81;0
12480;3594;105;10;86.64;0
12481;3594;111;1;34.02;1
12482;3594;101;9;44.35;7
12483;3595;102;1;16.63;0
12484;3595;113;10;85.64;0
12485;3596;107;6;77.21;0
12486;3596;111;4;34.02;0
12487;3597;117;1;94.29;0
12488;3597;113;1;85.64;0
12489;3597;105;7;86.64;0
12490;3597;102;9;16.63;0
12491;3598;116;6;31.81;0
12492;3598;109;5;14.81;0
12493;3599;103;10;93.05;0
12494;3599;115;3;21.03;0
12495;3600;104;7;4.07;0
12496;3600;105;3;86.64;0
12497;3600;108;3;11.73;0
12498;3601;117;7;94.29;0
12499;3602;113;7;85.64;0
12500;3603;102;8;16.63;0
12501;3603;110;7;87.41;6
12502;3603;118;9;11.11;0
12503;3603;111;10;34.02;0
12504;3604;116;7;31.81;6
12505;3604;113;6;85.64;0
12506;3604;106;7;93.64;0
12507;3604;114;7;31.92;0
12508;3604;108;1;11.73;0
12509;3605;114;2;31.92;0
12510;3605;108;5;11.73;4
12511;3605;116;6;31.81;0
12512;3605;109;8;14.81;0
12513;3605;102;7;16.63;0
12514;3606;116;4;31.81;0
12515;3606;108;7;11.73;0
12516;3606;110;5;87.41;0
12517;3607;105;10;86.64;0
12518;3607;101;4;44.35;0
12519;3607;106;9;93.64;0
12520;3607;104;7;4.07;0
12521;3607;113;9;85.64;0
12522;3608;108;3;11.73;0
12523;3608;104;6;4.07;0
12524;3608;112;6;11.48;0
12525;3608;101;6;44.35;0
12526;3608;107;1;77.21;0
12527;3608;113;6;85.64;0
12528;3609;105;3;86.64;3
12529;3609;104;7;4.07;0
12530;3609;109;8;14.81;0
12531;3610;112;10;11.48;0
12532;3610;113;5;85.64;0
12533;3610;118;8;11.11;1
12534;3611;114;6;31.92;0
12535;3611;106;6;93.64;0
12536;3611;117;4;94.29;0
12537;3611;115;9;21.03;0
12538;3612;112;8;11.48;0
12539;3612;105;4;86.64;0
12540;3613;111;6;34.02;0
12541;3613;118;5;11.11;0
12542;3613;105;5;86.64;0
12543;3614;108;4;11.73;0
12544;3614;114;5;31.92;0
12545;3614;116;5;31.81;0
12546;3614;102;5;16.63;0
12547;3614;101;10;44.35;0
12548;3615;110;6;87.41;0
12549;3615;107;4;77.21;0
12550;3615;118;5;11.11;0
12551;3615;106;8;93.64;8
12552;3615;114;2;31.92;0
12553;3615;111;8;34.02;0
12554;3616;105;8;86.64;0
12555;3616;114;6;31.92;0
12556;3616;109;2;14.81;0
12557;3616;116;8;31.81;0
12558;3616;108;6;11.73;0
12559;3617;111;10;34.02;0
12560;3617;108;6;11.73;0
12561;3618;108;9;11.73;0
12562;3618;109;6;14.81;0
12563;3619;108;9;11.73;0
12564;3619;113;2;85.64;0
12565;3620;102;2;16.63;0
12566;3620;109;10;14.81;0
12567;3620;110;6;87.41;0
12568;3621;104;8;4.07;0
12569;3621;108;7;11.73;0
12570;3621;102;5;16.63;0
12571;3621;116;10;31.81;0
12572;3622;117;1;94.29;0
12573;3622;104;2;4.07;0
12574;3622;115;1;21.03;0
12575;3622;113;9;85.64;0
12576;3622;101;8;44.35;0
12577;3622;102;1;16.63;0
12578;3623;116;7;31.81;0
12579;3623;113;9;85.64;0
12580;3623;106;9;93.64;0
12581;3623;110;9;87.41;0
12582;3623;111;6;34.02;0
12583;3624;117;4;94.29;0
12584;3624;107;2;77.21;0
12585;3624;111;3;34.02;0
12586;3624;108;5;11.73;0
12587;3624;116;2;31.81;0
12588;3625;107;5;77.21;0
12589;3625;117;7;94.29;0
12590;3625;118;10;11.11;0
12591;3625;112;9;11.48;0
12592;3625;101;4;44.35;0
12593;3625;104;3;4.07;0
12594;3626;102;1;16.63;0
12595;3626;105;6;86.64;0
12596;3626;101;1;44.35;1
12597;3626;103;3;93.05;0
12598;3627;110;4;87.41;0
12599;3627;109;7;14.81;0
12600;3627;105;8;86.64;7
12601;3627;118;3;11.11;0
12602;3628;101;5;44.35;0
12603;3628;111;1;34.02;0
12604;3628;115;3;21.03;0
12605;3628;109;3;14.81;0
12606;3628;116;5;31.81;0
12607;3628;114;10;31.92;0
12608;3629;111;3;34.02;0
12609;3629;117;5;94.29;0
12610;3629;110;5;87.41;0
12611;3630;108;7;11.73;0
12612;3630;116;8;31.81;6
12613;3630;117;1;94.29;0
12614;3630;115;1;21.03;0
12615;3631;104;2;4.07;0
12616;3631;106;1;93.64;0
12617;3631;115;5;21.03;0
12618;3632;110;4;87.41;0
12619;3632;113;7;85.64;0
12620;3632;102;7;16.63;0
12621;3633;104;4;4.07;0
12622;3633;111;1;34.02;0
12623;3634;107;1;77.21;0
12624;3634;102;8;16.63;0
12625;3634;112;9;11.48;0
12626;3634;111;3;34.02;0
12627;3635;103;10;93.05;0
12628;3635;114;10;31.92;0
12629;3635;101;1;44.35;0
12630;3635;113;10;85.64;0
12631;3635;116;1;31.81;0
12632;3635;118;7;11.11;0
12633;3636;104;9;4.07;0
12634;3636;113;4;85.64;0
12635;3636;107;4;77.21;0
12636;3636;114;1;31.92;0
12637;3636;101;1;44.35;0
12638;3636;117;10;94.29;0
12639;3637;107;4;77.21;0
12640;3638;111;1;34.02;0
12641;3638;110;6;87.41;0
12642;3638;109;9;14.81;0
12643;3638;116;8;31.81;0
12644;3639;106;3;93.64;0
12645;3639;110;5;87.41;0
12646;3639;101;7;44.35;0
12647;3639;114;10;31.92;0
12648;3640;109;4;14.81;0
12649;3640;108;3;11.73;0
12650;3640;116;1;31.81;0
12651;3641;102;8;16.63;0
12652;3641;115;3;21.03;0
12653;3641;108;5;11.73;0
12654;3641;109;3;14.81;0
12655;3641;104;7;4.07;0
12656;3642;110;10;87.41;0
12657;3643;113;3;85.64;0
12658;3643;109;3;14.81;0
12659;3643;101;5;44.35;0
12660;3643;115;10;21.03;0
12661;3643;111;7;34.02;0
12662;3643;118;4;11.11;0
12663;3644;110;1;87.41;0
12664;3644;111;8;34.02;0
12665;3644;105;9;86.64;2
12666;3644;116;7;31.81;0
12667;3645;109;10;14.81;0
12668;3645;107;5;77.21;0
12669;3645;108;8;11.73;0
12670;3646;104;6;4.07;0
12671;3646;118;4;11.11;0
12672;3647;107;3;77.21;0
12673;3647;101;4;44.35;0
12674;3647;104;7;4.07;0
12675;3648;114;4;31.92;0
12676;3648;117;7;94.29;0
12677;3648;105;7;86.64;0
12678;3649;103;9;93.05;0
12679;3649;108;8;11.73;0
12680;3650;112;8;11.48;0
12681;3650;116;4;31.81;0
12682;3650;115;6;21.03;0
12683;3650;103;9;93.05;1
12684;3650;106;10;93.64;0
12685;3650;102;6;16.63;0
12686;3651;113;2;85.64;0
12687;3651;105;5;86.64;0
12688;3651;115;3;21.03;0
12689;3651;109;7;14.81;0
12690;3651;111;5;34.02;0
12691;3652;115;8;21.03;0
12692;3652;102;10;16.63;0
12693;3652;106;4;93.64;0
12694;3652;113;3;85.64;0
12695;3652;112;6;11.48;0
12696;3652;103;3;93.05;0
12697;3653;117;2;94.29;0
12698;3653;116;7;31.81;0
12699;3653;113;10;85.64;4
12700;3653;104;5;4.07;0
12701;3654;115;4;21.03;0
12702;3654;107;7;77.21;0
12703;3655;111;8;34.02;0
12704;3655;115;10;21.03;0
12705;3655;103;9;93.05;0
12706;3655;116;4;31.81;0
12707;3655;113;9;85.64;0
12708;3655;107;2;77.21;0
12709;3656;103;10;93.05;0
12710;3657;118;9;11.11;0
12711;3657;106;5;93.64;0
12712;3657;112;3;11.48;0
12713;3658;107;5;77.21;0
12714;3659;118;1;11.11;0
12715;3659;103;1;93.05;0
12716;3659;101;6;44.35;0
12717;3659;108;2;11.73;0
12718;3659;112;2;11.48;0
12719;3659;111;5;34.02;0
12720;3660;110;8;87.41;0
12721;3660;109;9;14.81;0
12722;3660;103;8;93.05;0
12723;3661;107;8;77.21;0
12724;3661;115;10;21.03;0
12725;3661;114;8;31.92;0
12726;3661;112;5;11.48;0
12727;3662;111;10;34.02;0
12728;3662;104;7;4.07;2
12729;3662;103;8;93.05;0
12730;3662;114;9;31.92;0
12731;3663;110;8;87.41;0
12732;3664;118;8;11.11;0
12733;3664;114;4;31.92;3
12734;3665;103;3;93.05;0
12735;3665;101;3;44.35;0
12736;3665;112;9;11.48;0
12737;3665;104;4;4.07;0
12738;3666;112;4;11.48;0
12739;3667;117;6;94.29;0
12740;3667;108;8;11.73;0
12741;3667;104;3;4.07;0
12742;3667;114;10;31.92;0
12743;3667;103;4;93.05;0
12744;3668;112;8;11.48;0
12745;3668;113;8;85.64;0
12746;3668;116;2;31.81;0
12747;3668;114;7;31.92;0
12748;3668;111;4;34.02;0
12749;3668;117;3;94.29;0
12750;3669;113;4;85.64;0
12751;3669;109;6;14.81;3
12752;3669;118;6;11.11;0
12753;3670;105;1;86.64;0
12754;3670;106;7;93.64;0
12755;3670;118;3;11.11;0
12756;3671;106;4;93.64;0
12757;3671;113;2;85.64;0
12758;3671;103;10;93.05;0
12759;3671;111;3;34.02;0
12760;3672;108;2;11.73;0
12761;3672;105;3;86.64;0
12762;3673;114;7;31.92;0
12763;3673;112;7;11.48;0
12764;3673;104;8;4.07;0
12765;3673;103;1;93.05;0
12766;3673;111;4;34.02;0
12767;3674;105;10;86.64;0
12768;3674;102;9;16.63;0
12769;3674;107;8;77.21;0
12770;3674;104;6;4.07;0
12771;3675;102;6;16.63;4
12772;3675;118;2;11.11;0
12773;3676;105;2;86.64;0
12774;3676;101;6;44.35;0
12775;3676;109;2;14.81;0
12776;3676;108;7;11.73;0
12777;3676;110;7;87.41;0
12778;3676;113;7;85.64;0
12779;3677;110;5;87.41;0
12780;3677;102;1;16.63;0
12781;3677;109;5;14.81;0
12782;3677;112;2;11.48;0
12783;3677;111;2;34.02;0
12784;3678;111;2;34.02;0
12785;3678;114;5;31.92;0
12786;3678;105;8;86.64;0
12787;3678;115;1;21.03;0
12788;3678;112;10;11.48;0
12789;3678;113;1;85.64;0
12790;3679;107;9;77.21;0
12791;3679;115;7;21.03;0
12792;3679;106;10;93.64;0
12793;3679;104;1;4.07;0
12794;3679;116;8;31.81;0
12795;3680;113;7;85.64;0
12796;3680;118;6;11.11;0
12797;3680;112;5;11.48;0
12798;3680;103;8;93.05;0
12799;3680;108;9;11.73;9
12800;3680;109;1;14.81;0
12801;3681;111;6;34.02;0
12802;3681;115;9;21.03;0
12803;3681;116;8;31.81;0
12804;3681;101;2;44.35;0
12805;3681;110;3;87.41;0
12806;3681;105;10;86.64;0
12807;3682;115;4;21.03;0
12808;3683;108;10;11.73;0
12809;3683;113;5;85.64;0
12810;3683;101;9;44.35;0
12811;3683;102;9;16.63;0
12812;3684;115;4;21.03;0
12813;3684;108;3;11.73;0
12814;3685;101;9;44.35;0
12815;3685;111;9;34.02;0
12816;3685;107;1;77.21;0
12817;3685;118;4;11.11;0
12818;3685;115;10;21.03;0
12819;3686;110;7;87.41;7
12820;3686;112;1;11.48;0
12821;3686;118;1;11.11;0
12822;3687;112;6;11.48;0
12823;3687;102;9;16.63;0
12824;3687;115;8;21.03;0
12825;3688;105;1;86.64;0
12826;3688;116;8;31.81;0
12827;3688;111;4;34.02;0
12828;3689;107;3;77.21;0
12829;3690;110;7;87.41;0
12830;3690;105;7;86.64;0
12831;3690;104;5;4.07;0
12832;3690;117;6;94.29;0
12833;3691;110;6;87.41;3
12834;3691;112;6;11.48;0
12835;3691;111;5;34.02;0
12836;3692;112;5;11.48;0
12837;3692;106;1;93.64;0
12838;3692;107;3;77.21;0
12839;3692;104;3;4.07;0
12840;3693;102;9;16.63;0
12841;3693;114;3;31.92;0
12842;3693;115;6;21.03;0
12843;3693;112;2;11.48;0
12844;3694;105;8;86.64;0
12845;3694;106;10;93.64;0
12846;3695;115;8;21.03;0
12847;3695;101;8;44.35;0
12848;3696;107;9;77.21;0
12849;3696;117;8;94.29;0
12850;3696;112;9;11.48;0
12851;3697;116;3;31.81;0
12852;3697;106;6;93.64;0
12853;3697;115;2;21.03;0
12854;3698;114;2;31.92;0
12855;3699;115;5;21.03;2
12856;3699;103;6;93.05;0
12857;3699;111;7;34.02;0
12858;3699;114;1;31.92;0
12859;3699;113;3;85.64;0
12860;3699;101;5;44.35;0
12861;3700;117;5;94.29;0
12862;3700;105;7;86.64;0
12863;3700;108;1;11.73;0
12864;3700;114;5;31.92;0
12865;3700;116;7;31.81;0
12866;3701;118;10;11.11;0
12867;3701;110;9;87.41;0
12868;3702;106;3;93.64;0
12869;3702;117;4;94.29;0
12870;3702;105;9;86.64;0
12871;3702;102;4;16.63;0
12872;3703;102;5;16.63;0
12873;3704;108;2;11.73;0
12874;3704;112;6;11.48;0
12875;3704;103;1;93.05;0
12876;3704;117;8;94.29;0
12877;3704;105;6;86.64;0
12878;3704;118;5;11.11;0
12879;3705;109;5;14.81;0
12880;3705;114;6;31.92;0
12881;3705;101;5;44.35;0
12882;3705;113;5;85.64;0
12883;3705;107;3;77.21;0
12884;3706;109;7;14.81;0
12885;3706;111;10;34.02;0
12886;3706;101;6;44.35;0
12887;3706;107;6;77.21;0
12888;3706;112;4;11.48;0
12889;3706;118;5;11.11;0
12890;3707;103;2;93.05;0
12891;3707;102;6;16.63;0
12892;3707;109;10;14.81;0
12893;3707;101;6;44.35;0
12894;3707;117;4;94.29;3
12895;3708;110;5;87.41;0
12896;3708;109;7;14.81;0
12897;3708;106;9;93.64;0
12898;3708;113;2;85.64;0
12899;3708;115;4;21.03;0
12900;3708;102;1;16.63;1
12901;3709;115;7;21.03;0
12902;3709;110;10;87.41;0
12903;3709;101;3;44.35;3
12904;3709;111;7;34.02;0
12905;3710;117;4;94.29;0
12906;3710;106;2;93.64;0
12907;3711;112;6;11.48;0
12908;3712;109;5;14.81;0
12909;3713;112;4;11.48;0
12910;3714;111;4;34.02;0
12911;3714;101;4;44.35;0
12912;3714;110;5;87.41;0
12913;3715;112;5;11.48;0
12914;3715;104;3;4.07;1
12915;3715;107;9;77.21;0
12916;3715;113;10;85.64;0
12917;3716;102;2;16.63;0
12918;3716;103;9;93.05;0
12919;3717;111;4;34.02;0
12920;3717;105;7;86.64;0
12921;3717;115;5;21.03;0
12922;3717;113;8;85.64;0
12923;3717;112;7;11.48;0
12924;3717;114;5;31.92;0
12925;3718;116;1;31.81;0
12926;3718;105;9;86.64;0
12927;3718;108;9;11.73;0
12928;3718;106;7;93.64;0
12929;3718;103;6;93.05;0
12930;3718;104;3;4.07;0
12931;3719;104;6;4.07;0
12932;3719;117;1;94.29;0
12933;3719;115;4;21.03;0
12934;3719;110;6;87.41;0
12935;3720;111;10;34.02;0
12936;3721;104;3;4.07;0
12937;3721;111;9;34.02;0
12938;3721;109;9;14.81;0
12939;3721;112;2;11.48;1
12940;3721;117;6;94.29;0
12941;3721;102;7;16.63;0
12942;3722;109;7;14.81;0
12943;3722;118;8;11.11;0
12944;3723;113;2;85.64;0
12945;3723;102;2;16.63;0
12946;3723;115;3;21.03;0
12947;3724;105;6;86.64;4
12948;3725;106;2;93.64;0
12949;3725;107;8;77.21;0
12950;3725;102;9;16.63;0
12951;3725;108;5;11.73;0
12952;3725;109;9;14.81;0
12953;3726;113;7;85.64;0
12954;3727;104;7;4.07;0
12955;3727;112;9;11.48;0
12956;3727;102;10;16.63;0
12957;3727;109;5;14.81;0
12958;3727;101;1;44.35;0
12959;3728;114;1;31.92;0
12960;3728;109;1;14.81;0
12961;3728;108;2;11.73;0
12962;3728;118;8;11.11;0
12963;3728;103;6;93.05;0
12964;3729;106;9;93.64;0
12965;3729;117;3;94.29;0
12966;3729;112;9;11.48;0
12967;3729;103;1;93.05;0
12968;3729;109;1;14.81;0
12969;3730;112;9;11.48;0
12970;3730;116;9;31.81;0
12971;3730;115;9;21.03;0
12972;3730;102;3;16.63;0
12973;3730;103;6;93.05;1
12974;3731;110;6;87.41;0
12975;3731;111;5;34.02;0
12976;3732;105;2;86.64;0
12977;3732;116;9;31.81;0
12978;3732;118;2;11.11;0
12979;3732;101;7;44.35;0
12980;3732;111;9;34.02;0
12981;3732;114;10;31.92;0
12982;3733;108;10;11.73;0
12983;3734;108;10;11.73;0
12984;3734;116;1;31.81;0
12985;3734;103;3;93.05;0
12986;3734;114;8;31.92;0
12987;3735;103;6;93.05;0
12988;3735;104;8;4.07;0
12989;3736;103;2;93.05;0
12990;3736;104;6;4.07;0
12991;3736;105;5;86.64;0
12992;3736;109;8;14.81;0
12993;3736;115;5;21.03;0
12994;3737;111;1;34.02;0
12995;3737;102;2;16.63;0
12996;3737;109;3;14.81;0
12997;3737;108;5;11.73;0
12998;3737;113;7;85.64;0
12999;3738;103;9;93.05;0
13000;3738;111;8;34.02;0
13001;3738;110;9;87.41;0
13002;3738;113;10;85.64;0
13003;3738;102;8;16.63;0
13004;3739;114;3;31.92;0
13005;3739;101;3;44.35;0
13006;3739;102;8;16.63;0
13007;3739;104;5;4.07;0
13008;3739;103;9;93.05;0
13009;3739;113;10;85.64;0
13010;3740;106;8;93.64;0
13011;3740;118;5;11.11;0
13012;3741;116;3;31.81;0
13013;3741;117;3;94.29;0
13014;3742;105;10;86.64;0
13015;3742;116;1;31.81;0
13016;3742;107;8;77.21;0
13017;3743;109;7;14.81;0
13018;3743;107;4;77.21;2
13019;3743;106;10;93.64;0
13020;3744;107;3;77.21;3
13021;3744;102;4;16.63;0
13022;3744;116;1;31.81;0
13023;3744;104;4;4.07;0
13024;3744;111;10;34.02;0
13025;3745;106;6;93.64;0
13026;3745;102;7;16.63;0
13027;3745;113;10;85.64;0
13028;3745;114;1;31.92;0
13029;3745;109;8;14.81;0
13030;3746;114;4;31.92;0
13031;3746;115;4;21.03;0
13032;3747;104;9;4.07;0
13033;3747;118;5;11.11;0
13034;3747;105;4;86.64;0
13035;3747;116;2;31.81;0
13036;3748;114;9;31.92;0
13037;3748;103;4;93.05;0
13038;3748;106;1;93.64;0
13039;3749;103;5;93.05;0
13040;3749;115;8;21.03;0
13041;3749;109;9;14.81;0
13042;3749;102;10;16.63;0
13043;3749;112;9;11.48;0
13044;3749;117;8;94.29;0
13045;3750;112;5;11.48;0
13046;3750;118;9;11.11;0
13047;3750;105;8;86.64;0
13048;3750;110;8;87.41;0
13049;3751;114;1;31.92;0
13050;3751;118;4;11.11;0
13051;3752;102;1;16.63;0
13052;3753;106;9;93.64;0
13053;3753;102;3;16.63;0
13054;3753;104;7;4.07;0
13055;3753;108;6;11.73;0
13056;3754;118;7;11.11;1
13057;3754;108;1;11.73;0
13058;3754;116;5;31.81;0
13059;3754;102;2;16.63;0
13060;3754;106;3;93.64;0
13061;3754;104;5;4.07;5
13062;3755;110;3;87.41;0
13063;3755;111;2;34.02;0
13064;3755;112;5;11.48;0
13065;3755;118;1;11.11;0
13066;3755;114;1;31.92;0
13067;3756;104;8;4.07;0
13068;3756;107;10;77.21;0
13069;3756;115;5;21.03;0
13070;3756;112;9;11.48;0
13071;3756;111;4;34.02;0
13072;3757;110;10;87.41;0
13073;3757;114;8;31.92;0
13074;3757;102;4;16.63;0
13075;3758;111;7;34.02;0
13076;3758;115;5;21.03;0
13077;3758;118;2;11.11;0
13078;3758;112;4;11.48;0
13079;3759;103;8;93.05;6
13080;3760;118;4;11.11;0
13081;3760;115;1;21.03;0
13082;3761;107;7;77.21;0
13083;3761;104;6;4.07;0
13084;3762;114;2;31.92;0
13085;3762;111;9;34.02;0
13086;3762;101;8;44.35;0
13087;3762;116;6;31.81;0
13088;3762;118;4;11.11;0
13089;3762;113;2;85.64;0
13090;3763;111;8;34.02;0
13091;3763;102;3;16.63;0
13092;3764;117;9;94.29;0
13093;3764;116;10;31.81;0
13094;3764;101;10;44.35;0
13095;3764;105;4;86.64;0
13096;3764;109;6;14.81;0
13097;3765;110;10;87.41;0
13098;3765;108;2;11.73;0
13099;3765;118;6;11.11;0
13100;3765;109;4;14.81;0
13101;3765;111;4;34.02;0
13102;3766;108;4;11.73;0
13103;3766;104;4;4.07;0
13104;3766;103;9;93.05;0
13105;3766;110;2;87.41;0
13106;3766;106;6;93.64;0
13107;3766;102;1;16.63;0
13108;3767;103;1;93.05;0
13109;3767;115;9;21.03;0
13110;3767;104;5;4.07;0
13111;3767;110;10;87.41;0
13112;3768;117;4;94.29;0
13113;3768;112;3;11.48;0
13114;3768;110;6;87.41;0
13115;3768;115;6;21.03;0
13116;3769;109;9;14.81;0
13117;3770;113;7;85.64;0
13118;3771;110;10;87.41;0
13119;3772;104;7;4.07;0
13120;3772;116;4;31.81;0
13121;3772;103;7;93.05;0
13122;3772;117;10;94.29;0
13123;3773;118;7;11.11;0
13124;3773;104;8;4.07;0
13125;3774;106;2;93.64;0
13126;3774;110;4;87.41;0
13127;3775;111;3;34.02;0
13128;3775;114;6;31.92;0
13129;3776;117;3;94.29;0
13130;3776;115;8;21.03;0
13131;3776;106;3;93.64;0
13132;3776;113;8;85.64;0
13133;3776;108;8;11.73;0
13134;3777;108;6;11.73;0
13135;3777;101;1;44.35;0
13136;3777;104;9;4.07;0
13137;3777;112;7;11.48;7
13138;3777;114;9;31.92;0
13139;3777;106;5;93.64;0
13140;3778;118;1;11.11;0
13141;3778;108;3;11.73;0
13142;3779;112;10;11.48;0
13143;3779;118;4;11.11;0
13144;3779;116;6;31.81;0
13145;3779;117;9;94.29;0
13146;3780;107;8;77.21;0
13147;3780;117;8;94.29;0
13148;3780;110;6;87.41;0
13149;3780;105;10;86.64;0
13150;3781;113;7;85.64;2
13151;3781;116;9;31.81;0
13152;3781;102;6;16.63;0
13153;3781;105;8;86.64;0
13154;3781;110;3;87.41;0
13155;3782;114;4;31.92;0
13156;3782;110;5;87.41;0
13157;3782;115;3;21.03;0
13158;3782;117;2;94.29;0
13159;3782;108;5;11.73;0
13160;3782;113;5;85.64;0
13161;3783;109;5;14.81;0
13162;3783;111;6;34.02;0
13163;3783;102;2;16.63;0
13164;3783;105;4;86.64;0
13165;3783;116;8;31.81;5
13166;3783;106;3;93.64;0
13167;3784;112;1;11.48;0
13168;3784;110;8;87.41;0
13169;3784;113;3;85.64;0
13170;3785;117;7;94.29;0
13171;3785;111;6;34.02;0
13172;3786;115;6;21.03;0
13173;3786;112;5;11.48;0
13174;3786;109;4;14.81;3
13175;3786;103;7;93.05;4
13176;3787;114;6;31.92;0
13177;3788;107;3;77.21;0
13178;3788;113;8;85.64;0
13179;3788;115;9;21.03;0
13180;3788;108;5;11.73;0
13181;3788;109;6;14.81;0
13182;3788;106;4;93.64;0
13183;3789;101;6;44.35;0
13184;3789;104;5;4.07;0
13185;3789;114;2;31.92;0
13186;3789;107;7;77.21;0
13187;3790;101;6;44.35;0
13188;3790;117;5;94.29;0
13189;3790;111;4;34.02;0
13190;3790;104;9;4.07;0
13191;3790;103;1;93.05;0
13192;3791;111;7;34.02;0
13193;3791;117;4;94.29;0
13194;3792;110;10;87.41;0
13195;3792;113;10;85.64;0
13196;3793;109;4;14.81;0
13197;3793;116;8;31.81;0
13198;3793;115;8;21.03;0
13199;3794;113;2;85.64;0
13200;3794;105;9;86.64;0
13201;3794;116;4;31.81;0
13202;3794;109;9;14.81;4
13203;3794;112;10;11.48;0
13204;3794;103;8;93.05;0
13205;3795;103;4;93.05;0
13206;3795;109;6;14.81;0
13207;3796;118;3;11.11;1
13208;3796;106;3;93.64;0
13209;3796;101;5;44.35;0
13210;3797;104;3;4.07;0
13211;3798;117;7;94.29;0
13212;3799;105;1;86.64;0
13213;3799;117;1;94.29;0
13214;3799;107;6;77.21;0
13215;3800;111;8;34.02;0
13216;3800;114;9;31.92;0
13217;3800;115;4;21.03;0
13218;3800;110;1;87.41;0
13219;3800;105;3;86.64;0
13220;3801;118;4;11.11;0
13221;3801;112;3;11.48;0
13222;3801;106;5;93.64;0
13223;3801;107;1;77.21;0
13224;3802;116;4;31.81;0
13225;3802;105;4;86.64;0
13226;3802;115;3;21.03;0
13227;3802;110;6;87.41;0
13228;3802;103;6;93.05;0
13229;3802;108;5;11.73;0
13230;3803;115;10;21.03;0
13231;3804;103;1;93.05;0
13232;3804;116;7;31.81;0
13233;3804;101;7;44.35;0
13234;3804;107;5;77.21;0
13235;3804;115;1;21.03;0
13236;3805;101;3;44.35;0
13237;3805;103;4;93.05;0
13238;3805;116;2;31.81;0
13239;3805;104;6;4.07;0
13240;3805;117;10;94.29;0
13241;3806;106;9;93.64;0
13242;3806;113;4;85.64;0
13243;3806;116;5;31.81;0
13244;3806;117;3;94.29;0
13245;3806;108;4;11.73;0
13246;3807;117;2;94.29;0
13247;3808;104;6;4.07;0
13248;3808;111;1;34.02;0
13249;3809;118;2;11.11;0
13250;3809;114;3;31.92;0
13251;3810;105;9;86.64;0
13252;3810;107;3;77.21;0
13253;3810;106;2;93.64;0
13254;3810;102;5;16.63;0
13255;3811;116;7;31.81;6
13256;3811;102;8;16.63;0
13257;3811;104;4;4.07;0
13258;3812;117;8;94.29;0
13259;3812;104;2;4.07;0
13260;3813;107;2;77.21;0
13261;3813;113;1;85.64;0
13262;3813;112;1;11.48;0
13263;3814;116;3;31.81;0
13264;3815;101;2;44.35;0
13265;3816;110;4;87.41;0
13266;3816;102;10;16.63;0
13267;3817;104;2;4.07;2
13268;3817;114;4;31.92;0
13269;3817;107;5;77.21;0
13270;3817;111;8;34.02;0
13271;3818;112;10;11.48;0
13272;3819;111;10;34.02;0
13273;3819;104;3;4.07;0
13274;3819;107;7;77.21;0
13275;3820;111;5;34.02;0
13276;3820;109;2;14.81;0
13277;3821;107;10;77.21;0
13278;3821;110;5;87.41;0
13279;3822;106;6;93.64;0
13280;3822;112;3;11.48;0
13281;3822;114;4;31.92;0
13282;3823;116;6;31.81;4
13283;3823;115;3;21.03;0
13284;3823;109;6;14.81;0
13285;3824;102;7;16.63;0
13286;3824;107;5;77.21;0
13287;3824;114;4;31.92;0
13288;3825;114;2;31.92;0
13289;3825;111;8;34.02;0
13290;3825;112;4;11.48;0
13291;3826;101;2;44.35;0
13292;3826;117;3;94.29;0
13293;3826;113;9;85.64;0
13294;3826;118;10;11.11;0
13295;3827;102;10;16.63;0
13296;3827;111;9;34.02;0
13297;3828;118;9;11.11;0
13298;3828;111;3;34.02;0
13299;3828;117;10;94.29;0
13300;3828;113;4;85.64;0
13301;3828;104;10;4.07;0
13302;3828;110;7;87.41;0
13303;3829;118;10;11.11;0
13304;3829;103;6;93.05;0
13305;3830;104;5;4.07;3
13306;3830;108;2;11.73;0
13307;3830;106;3;93.64;0
13308;3830;105;7;86.64;0
13309;3830;118;1;11.11;0
13310;3830;111;10;34.02;0
13311;3831;113;7;85.64;0
13312;3831;111;2;34.02;0
13313;3831;110;6;87.41;3
13314;3831;102;8;16.63;0
13315;3831;115;8;21.03;0
13316;3832;108;7;11.73;0
13317;3833;104;4;4.07;0
13318;3833;111;5;34.02;0
13319;3833;106;2;93.64;0
13320;3834;103;3;93.05;0
13321;3834;106;2;93.64;0
13322;3834;105;7;86.64;0
13323;3834;117;6;94.29;2
13324;3835;109;9;14.81;0
13325;3836;106;5;93.64;0
13326;3836;102;5;16.63;0
13327;3836;105;6;86.64;0
13328;3836;115;3;21.03;0
13329;3837;103;3;93.05;0
13330;3837;113;6;85.64;0
13331;3837;102;2;16.63;0
13332;3837;111;1;34.02;0
13333;3838;113;3;85.64;0
13334;3838;116;10;31.81;0
13335;3838;108;2;11.73;0
13336;3838;103;7;93.05;0
13337;3839;103;9;93.05;0
13338;3839;105;5;86.64;3
13339;3839;118;4;11.11;0
13340;3839;113;10;85.64;0
13341;3840;102;2;16.63;0
13342;3840;114;9;31.92;0
13343;3840;109;6;14.81;0
13344;3841;106;1;93.64;0
13345;3841;116;2;31.81;0
13346;3841;109;3;14.81;0
13347;3841;111;1;34.02;0
13348;3842;105;7;86.64;0
13349;3842;109;4;14.81;0
13350;3842;101;4;44.35;0
13351;3843;115;2;21.03;0
13352;3843;101;5;44.35;0
13353;3843;113;6;85.64;0
13354;3843;107;8;77.21;0
13355;3844;108;7;11.73;0
13356;3844;117;5;94.29;0
13357;3844;118;9;11.11;0
13358;3844;112;6;11.48;0
13359;3844;109;4;14.81;0
13360;3845;113;4;85.64;0
13361;3846;109;2;14.81;2
13362;3846;105;10;86.64;0
13363;3846;104;5;4.07;0
13364;3846;117;8;94.29;0
13365;3847;108;10;11.73;0
13366;3847;102;2;16.63;0
13367;3847;105;9;86.64;0
13368;3847;103;6;93.05;0
13369;3847;112;6;11.48;0
13370;3848;110;8;87.41;0
13371;3848;115;4;21.03;0
13372;3848;114;3;31.92;0
13373;3848;118;9;11.11;0
13374;3849;109;3;14.81;0
13375;3849;116;4;31.81;0
13376;3849;106;4;93.64;0
13377;3849;101;4;44.35;0
13378;3850;107;6;77.21;0
13379;3850;106;2;93.64;0
13380;3850;105;2;86.64;0
13381;3850;103;7;93.05;0
13382;3850;115;5;21.03;0
13383;3851;104;9;4.07;0
13384;3851;105;8;86.64;0
13385;3851;114;6;31.92;0
13386;3851;111;10;34.02;0
13387;3851;115;3;21.03;0
13388;3852;117;2;94.29;2
13389;3852;103;3;93.05;0
13390;3852;113;1;85.64;0
13391;3852;114;6;31.92;0
13392;3852;112;10;11.48;0
13393;3852;109;8;14.81;0
13394;3853;116;2;31.81;0
13395;3853;112;5;11.48;0
13396;3853;106;2;93.64;0
13397;3854;118;3;11.11;0
13398;3855;107;8;77.21;0
13399;3856;116;3;31.81;0
13400;3856;114;10;31.92;0
13401;3857;106;1;93.64;0
13402;3858;107;6;77.21;0
13403;3858;116;1;31.81;0
13404;3858;113;2;85.64;0
13405;3858;115;4;21.03;0
13406;3858;112;2;11.48;0
13407;3859;102;8;16.63;0
13408;3859;110;3;87.41;0
13409;3859;108;2;11.73;1
13410;3859;117;4;94.29;0
13411;3859;106;1;93.64;0
13412;3860;107;4;77.21;0
13413;3860;113;4;85.64;0
13414;3861;109;2;14.81;0
13415;3861;103;2;93.05;0
13416;3861;112;2;11.48;0
13417;3862;112;4;11.48;0
13418;3862;115;7;21.03;0
13419;3862;104;1;4.07;0
13420;3862;110;5;87.41;0
13421;3862;101;10;44.35;0
13422;3862;118;2;11.11;0
13423;3863;115;4;21.03;0
13424;3863;116;8;31.81;0
13425;3863;109;9;14.81;0
13426;3863;118;1;11.11;0
13427;3863;104;6;4.07;0
13428;3863;112;3;11.48;0
13429;3864;116;8;31.81;0
13430;3864;106;10;93.64;0
13431;3864;103;3;93.05;0
13432;3864;115;1;21.03;0
13433;3865;102;8;16.63;0
13434;3865;111;3;34.02;0
13435;3865;109;7;14.81;0
13436;3865;116;8;31.81;0
13437;3865;108;4;11.73;0
13438;3865;105;9;86.64;0
13439;3866;109;7;14.81;2
13440;3866;101;8;44.35;0
13441;3867;107;8;77.21;0
13442;3867;114;8;31.92;0
13443;3867;106;2;93.64;0
13444;3867;110;7;87.41;0
13445;3867;112;4;11.48;0
13446;3867;118;3;11.11;0
13447;3868;113;3;85.64;0
13448;3868;105;10;86.64;0
13449;3868;118;7;11.11;0
13450;3868;108;3;11.73;0
13451;3869;111;6;34.02;0
13452;3869;115;1;21.03;0
13453;3870;110;4;87.41;0
13454;3870;101;3;44.35;0
13455;3870;106;9;93.64;0
13456;3870;107;7;77.21;7
13457;3871;113;7;85.64;0
13458;3871;107;6;77.21;0
13459;3871;101;4;44.35;0
13460;3871;117;9;94.29;0
13461;3871;108;3;11.73;0
13462;3872;111;4;34.02;0
13463;3872;103;1;93.05;0
13464;3873;109;8;14.81;0
13465;3873;112;3;11.48;0
13466;3873;116;2;31.81;0
13467;3873;117;3;94.29;0
13468;3873;105;6;86.64;0
13469;3873;107;2;77.21;1
13470;3874;116;1;31.81;0
13471;3874;113;2;85.64;0
13472;3874;102;1;16.63;0
13473;3874;112;8;11.48;0
13474;3874;106;5;93.64;5
13475;3875;113;3;85.64;0
13476;3875;102;6;16.63;0
13477;3875;109;9;14.81;0
13478;3875;115;4;21.03;0
13479;3876;106;7;93.64;0
13480;3876;111;3;34.02;0
13481;3876;103;5;93.05;0
13482;3876;107;2;77.21;0
13483;3877;107;8;77.21;0
13484;3878;114;10;31.92;0
13485;3878;113;5;85.64;0
13486;3878;106;7;93.64;0
13487;3878;103;3;93.05;0
13488;3878;116;9;31.81;0
13489;3878;101;6;44.35;0
13490;3879;106;4;93.64;0
13491;3879;108;1;11.73;0
13492;3879;116;7;31.81;0
13493;3880;118;8;11.11;2
13494;3880;111;4;34.02;0
13495;3880;107;10;77.21;0
13496;3880;101;2;44.35;0
13497;3880;115;6;21.03;0
13498;3881;112;10;11.48;0
13499;3881;116;2;31.81;0
13500;3881;105;10;86.64;0
13501;3882;102;7;16.63;0
13502;3883;103;3;93.05;0
13503;3883;118;6;11.11;0
13504;3884;111;4;34.02;3
13505;3884;101;4;44.35;0
13506;3884;109;9;14.81;0
13507;3884;107;2;77.21;0
13508;3884;108;3;11.73;0
13509;3885;113;8;85.64;0
13510;3885;112;6;11.48;0
13511;3885;102;6;16.63;0
13512;3885;110;7;87.41;0
13513;3886;108;10;11.73;0
13514;3886;110;3;87.41;0
13515;3886;102;6;16.63;0
13516;3886;117;7;94.29;0
13517;3886;115;1;21.03;0
13518;3887;110;1;87.41;0
13519;3888;104;4;4.07;0
13520;3888;110;3;87.41;0
13521;3888;113;6;85.64;0
13522;3889;102;10;16.63;0
13523;3889;113;4;85.64;0
13524;3889;114;2;31.92;0
13525;3889;109;5;14.81;3
13526;3890;102;3;16.63;0
13527;3890;112;5;11.48;0
13528;3891;117;9;94.29;0
13529;3891;106;1;93.64;1
13530;3891;109;10;14.81;0
13531;3891;113;8;85.64;0
13532;3891;108;1;11.73;0
13533;3892;104;2;4.07;0
13534;3893;107;2;77.21;0
13535;3893;103;6;93.05;0
13536;3894;117;8;94.29;0
13537;3894;105;3;86.64;0
13538;3894;113;3;85.64;0
13539;3895;103;9;93.05;0
13540;3895;118;5;11.11;0
13541;3896;102;1;16.63;1
13542;3896;105;2;86.64;0
13543;3896;118;4;11.11;0
13544;3896;107;3;77.21;0
13545;3896;116;2;31.81;0
13546;3896;104;8;4.07;0
13547;3897;110;3;87.41;0
13548;3897;106;6;93.64;0
13549;3897;107;7;77.21;0
13550;3897;112;2;11.48;0
13551;3898;104;6;4.07;0
13552;3898;103;8;93.05;2
13553;3898;111;3;34.02;0
13554;3899;103;7;93.05;0
13555;3899;109;8;14.81;0
13556;3899;106;6;93.64;0
13557;3900;103;10;93.05;0
13558;3900;106;5;93.64;0
13559;3900;114;10;31.92;0
13560;3900;104;3;4.07;0
13561;3901;101;3;44.35;0
13562;3901;118;4;11.11;1
13563;3901;111;9;34.02;0
13564;3901;104;9;4.07;0
13565;3901;110;9;87.41;0
13566;3902;108;7;11.73;0
13567;3903;111;9;34.02;0
13568;3903;115;6;21.03;0
13569;3903;102;2;16.63;0
13570;3903;106;5;93.64;0
13571;3904;106;3;93.64;0
13572;3904;104;7;4.07;0
13573;3904;116;2;31.81;0
13574;3904;113;5;85.64;0
13575;3904;109;2;14.81;0
13576;3904;101;4;44.35;0
13577;3905;102;9;16.63;0
13578;3905;117;4;94.29;0
13579;3905;111;7;34.02;0
13580;3905;113;1;85.64;0
13581;3905;107;7;77.21;0
13582;3906;103;7;93.05;0
13583;3906;115;4;21.03;0
13584;3906;116;2;31.81;0
13585;3906;118;6;11.11;0
13586;3907;110;4;87.41;0
13587;3908;116;6;31.81;0
13588;3908;108;7;11.73;0
13589;3908;109;10;14.81;0
13590;3909;102;10;16.63;0
13591;3910;116;2;31.81;0
13592;3910;110;6;87.41;0
13593;3911;110;1;87.41;0
13594;3912;114;7;31.92;0
13595;3912;113;6;85.64;0
13596;3912;108;3;11.73;0
13597;3912;106;8;93.64;0
13598;3913;109;2;14.81;0
13599;3913;101;3;44.35;0
13600;3913;102;5;16.63;0
13601;3913;108;3;11.73;0
13602;3913;118;5;11.11;0
13603;3913;103;9;93.05;9
13604;3914;113;3;85.64;0
13605;3914;101;6;44.35;1
13606;3914;108;1;11.73;0
13607;3914;117;2;94.29;0
13608;3914;109;9;14.81;0
13609;3914;102;2;16.63;0
13610;3915;102;10;16.63;0
13611;3916;105;2;86.64;0
13612;3916;109;8;14.81;0
13613;3916;106;2;93.64;0
13614;3916;107;5;77.21;0
13615;3916;108;4;11.73;0
13616;3916;102;2;16.63;0
13617;3917;106;6;93.64;0
13618;3917;111;5;34.02;0
13619;3917;105;1;86.64;0
13620;3917;116;4;31.81;0
13621;3918;112;3;11.48;0
13622;3918;102;1;16.63;0
13623;3918;114;2;31.92;0
13624;3919;117;10;94.29;0
13625;3919;106;3;93.64;0
13626;3920;103;8;93.05;0
13627;3920;113;2;85.64;0
13628;3920;106;5;93.64;0
13629;3920;105;4;86.64;0
13630;3921;105;4;86.64;0
13631;3921;108;5;11.73;0
13632;3921;113;7;85.64;0
13633;3921;116;1;31.81;0
13634;3922;117;3;94.29;0
13635;3923;102;3;16.63;0
13636;3923;118;8;11.11;0
13637;3923;107;8;77.21;0
13638;3923;101;6;44.35;0
13639;3924;103;8;93.05;0
13640;3924;112;10;11.48;0
13641;3924;105;5;86.64;0
13642;3924;102;10;16.63;0
13643;3924;117;3;94.29;0
13644;3925;115;10;21.03;0
13645;3926;116;4;31.81;0
13646;3926;112;6;11.48;0
13647;3926;108;1;11.73;0
13648;3926;102;1;16.63;0
13649;3926;114;4;31.92;0
13650;3926;109;4;14.81;0
13651;3927;117;3;94.29;0
13652;3928;106;9;93.64;0
13653;3928;103;8;93.05;0
13654;3929;118;4;11.11;0
13655;3930;108;4;11.73;0
13656;3930;111;10;34.02;0
13657;3930;101;1;44.35;0
13658;3931;109;7;14.81;0
13659;3931;112;8;11.48;1
13660;3931;107;5;77.21;0
13661;3931;106;7;93.64;0
13662;3931;101;9;44.35;0
13663;3932;111;8;34.02;0
13664;3932;118;5;11.11;2
13665;3932;104;10;4.07;0
13666;3933;115;6;21.03;0
13667;3934;111;9;34.02;0
13668;3934;118;4;11.11;0
13669;3934;115;9;21.03;0
13670;3934;113;4;85.64;0
13671;3934;102;5;16.63;0
13672;3935;104;1;4.07;0
13673;3935;107;8;77.21;0
13674;3935;109;9;14.81;0
13675;3935;117;10;94.29;0
13676;3935;102;1;16.63;0
13677;3936;113;6;85.64;0
13678;3936;114;6;31.92;5
13679;3936;111;9;34.02;0
13680;3936;101;10;44.35;0
13681;3936;112;5;11.48;0
13682;3936;104;1;4.07;0
13683;3937;116;2;31.81;0
13684;3937;114;8;31.92;0
13685;3937;113;10;85.64;0
13686;3937;117;6;94.29;0
13687;3937;111;8;34.02;0
13688;3938;118;1;11.11;0
13689;3938;102;1;16.63;1
13690;3939;103;6;93.05;6
13691;3939;101;1;44.35;0
13692;3940;104;1;4.07;0
13693;3941;101;7;44.35;0
13694;3942;105;3;86.64;0
13695;3942;116;7;31.81;0
13696;3943;115;9;21.03;0
13697;3944;106;5;93.64;0
13698;3944;111;2;34.02;0
13699;3944;116;2;31.81;0
13700;3944;117;7;94.29;0
13701;3945;104;8;4.07;0
13702;3945;114;3;31.92;0
13703;3945;117;6;94.29;0
13704;3945;116;9;31.81;0
13705;3946;117;2;94.29;0
13706;3946;106;3;93.64;0
13707;3946;108;5;11.73;0
13708;3946;111;3;34.02;0
13709;3946;105;6;86.64;0
13710;3946;104;6;4.07;0
13711;3947;116;1;31.81;0
13712;3947;118;3;11.11;0
13713;3947;102;4;16.63;4
13714;3948;110;2;87.41;0
13715;3948;106;6;93.64;0
13716;3948;102;3;16.63;1
13717;3948;108;3;11.73;0
13718;3948;113;8;85.64;0
13719;3949;118;5;11.11;0
13720;3949;114;9;31.92;0
13721;3949;106;3;93.64;0
13722;3950;109;4;14.81;0
13723;3950;105;9;86.64;0
13724;3950;115;8;21.03;0
13725;3951;105;5;86.64;0
13726;3952;115;9;21.03;0
13727;3952;111;5;34.02;0
13728;3952;113;9;85.64;0
13729;3952;118;6;11.11;0
13730;3952;103;9;93.05;9
13731;3952;117;9;94.29;0
13732;3953;113;1;85.64;0
13733;3954;102;5;16.63;0
13734;3954;113;10;85.64;0
13735;3954;117;6;94.29;0
13736;3954;104;3;4.07;0
13737;3954;116;6;31.81;0
13738;3954;109;8;14.81;0
13739;3955;101;3;44.35;0
13740;3956;115;9;21.03;0
13741;3956;104;6;4.07;0
13742;3956;111;10;34.02;0
13743;3956;117;6;94.29;5
13744;3956;101;8;44.35;5
13745;3957;104;10;4.07;0
13746;3958;108;10;11.73;0
13747;3958;106;2;93.64;0
13748;3958;105;7;86.64;0
13749;3958;101;3;44.35;0
13750;3958;114;4;31.92;0
13751;3959;113;1;85.64;1
13752;3960;111;1;34.02;0
13753;3960;102;1;16.63;0
13754;3961;108;5;11.73;0
13755;3961;102;5;16.63;0
13756;3961;114;7;31.92;0
13757;3961;101;2;44.35;0
13758;3961;103;1;93.05;0
13759;3961;113;5;85.64;0
13760;3962;112;9;11.48;0
13761;3962;117;3;94.29;0
13762;3962;105;10;86.64;0
13763;3962;104;2;4.07;0
13764;3962;110;7;87.41;0
13765;3963;116;5;31.81;0
13766;3964;105;10;86.64;0
13767;3964;103;6;93.05;0
13768;3964;107;1;77.21;0
13769;3964;110;9;87.41;0
13770;3964;106;1;93.64;0
13771;3964;101;10;44.35;0
13772;3965;101;3;44.35;3
13773;3965;105;9;86.64;0
13774;3966;107;5;77.21;0
13775;3966;114;5;31.92;0
13776;3966;101;2;44.35;0
13777;3966;117;6;94.29;0
13778;3967;112;8;11.48;0
13779;3968;114;2;31.92;0
13780;3968;111;3;34.02;0
13781;3968;102;10;16.63;0
13782;3968;103;10;93.05;0
13783;3968;112;1;11.48;0
13784;3969;110;8;87.41;0
13785;3970;113;9;85.64;0
13786;3970;109;5;14.81;0
13787;3970;116;1;31.81;0
13788;3970;118;8;11.11;0
13789;3971;113;9;85.64;0
13790;3971;110;9;87.41;0
13791;3972;101;10;44.35;0
13792;3972;107;4;77.21;0
13793;3972;109;9;14.81;0
13794;3973;113;7;85.64;0
13795;3974;116;9;31.81;0
13796;3974;115;7;21.03;0
13797;3974;117;9;94.29;0
13798;3974;111;8;34.02;0
13799;3975;112;6;11.48;0
13800;3975;104;9;4.07;0
13801;3975;117;5;94.29;0
13802;3975;116;9;31.81;0
13803;3976;117;3;94.29;0
13804;3977;101;4;44.35;0
13805;3977;103;5;93.05;0
13806;3977;115;3;21.03;3
13807;3977;109;7;14.81;0
13808;3977;104;2;4.07;0
13809;3978;118;7;11.11;0
13810;3978;112;7;11.48;0
13811;3978;116;4;31.81;0
13812;3978;102;4;16.63;0
13813;3978;115;4;21.03;0
13814;3979;108;6;11.73;0
13815;3979;113;4;85.64;0
13816;3979;116;10;31.81;0
13817;3980;109;2;14.81;0
13818;3980;106;8;93.64;3
13819;3980;117;2;94.29;0
13820;3980;107;9;77.21;0
13821;3980;115;8;21.03;0
13822;3980;108;7;11.73;0
13823;3981;104;6;4.07;0
13824;3982;104;2;4.07;0
13825;3982;117;7;94.29;0
13826;3982;114;9;31.92;0
13827;3982;101;7;44.35;0
13828;3982;118;8;11.11;0
13829;3983;111;5;34.02;0
13830;3983;118;3;11.11;0
13831;3983;116;8;31.81;0
13832;3983;107;10;77.21;0
13833;3983;102;8;16.63;0
13834;3984;111;4;34.02;0
13835;3984;112;6;11.48;0
13836;3984;105;2;86.64;0
13837;3984;109;6;14.81;0
13838;3984;101;6;44.35;0
13839;3985;104;1;4.07;0
13840;3985;109;8;14.81;0
13841;3985;103;6;93.05;0
13842;3985;107;1;77.21;0
13843;3985;105;3;86.64;0
13844;3986;115;1;21.03;0
13845;3986;113;1;85.64;0
13846;3986;112;6;11.48;0
13847;3986;109;5;14.81;0
13848;3987;111;3;34.02;0
13849;3987;113;1;85.64;0
13850;3987;112;6;11.48;0
13851;3987;117;10;94.29;0
13852;3988;109;6;14.81;0
13853;3988;103;3;93.05;0
13854;3988;107;3;77.21;0
13855;3988;114;8;31.92;0
13856;3988;116;3;31.81;0
13857;3989;115;4;21.03;0
13858;3990;105;10;86.64;0
13859;3990;111;4;34.02;0
13860;3991;118;10;11.11;0
13861;3991;112;4;11.48;0
13862;3991;101;3;44.35;0
13863;3991;104;2;4.07;0
13864;3991;106;9;93.64;0
13865;3991;115;10;21.03;0
13866;3992;118;3;11.11;0
13867;3992;108;5;11.73;0
13868;3992;105;7;86.64;0
13869;3992;111;10;34.02;0
13870;3992;106;9;93.64;0
13871;3993;111;3;34.02;0
13872;3993;117;2;94.29;0
13873;3994;115;3;21.03;0
13874;3994;118;4;11.11;0
13875;3994;114;6;31.92;0
13876;3995;110;3;87.41;0
13877;3995;112;8;11.48;0
13878;3996;113;2;85.64;0
13879;3996;114;6;31.92;0
13880;3997;112;10;11.48;0
13881;3997;111;6;34.02;0
13882;3997;110;2;87.41;0
13883;3997;114;1;31.92;0
13884;3998;113;6;85.64;0
13885;3999;109;6;14.81;0
13886;3999;107;10;77.21;0
13887;4000;108;2;11.73;0
13888;4000;110;4;87.41;0
13889;4000;107;9;77.21;0
13890;4000;103;9;93.05;6
13891;4000;102;10;16.63;0
13892;4000;113;9;85.64;0
13893;4001;103;4;93.05;0
13894;4002;111;10;34.02;0
13895;4002;112;10;11.48;0
13896;4002;101;5;44.35;0
13897;4002;103;7;93.05;0
13898;4002;108;10;11.73;0
13899;4002;116;9;31.81;0
13900;4003;106;8;93.64;0
13901;4003;103;5;93.05;0
13902;4003;117;7;94.29;0
13903;4003;105;5;86.64;0
13904;4003;115;6;21.03;0
13905;4003;109;3;14.81;0
13906;4004;118;10;11.11;0
13907;4004;113;7;85.64;0
13908;4004;110;6;87.41;0
13909;4004;103;10;93.05;0
13910;4004;104;5;4.07;0
13911;4004;111;8;34.02;0
13912;4005;103;7;93.05;0
13913;4005;111;6;34.02;0
13914;4005;105;5;86.64;0
13915;4005;106;6;93.64;0
13916;4006;103;1;93.05;0
13917;4006;106;3;93.64;0
13918;4006;118;9;11.11;0
13919;4006;105;10;86.64;0
13920;4007;111;4;34.02;0
13921;4007;113;9;85.64;0
13922;4008;105;4;86.64;0
13923;4008;113;2;85.64;0
13924;4009;115;7;21.03;0
13925;4009;114;4;31.92;0
13926;4009;108;9;11.73;0
13927;4009;113;1;85.64;0
13928;4009;107;3;77.21;0
13929;4009;105;6;86.64;0
13930;4010;112;9;11.48;0
13931;4010;102;10;16.63;0
13932;4010;109;5;14.81;0
13933;4011;117;4;94.29;0
13934;4012;106;3;93.64;0
13935;4012;105;8;86.64;0
13936;4012;102;4;16.63;0
13937;4013;108;7;11.73;0
13938;4013;113;3;85.64;0
13939;4013;112;3;11.48;0
13940;4013;103;4;93.05;0
13941;4013;102;10;16.63;0
13942;4014;103;9;93.05;0
13943;4014;116;7;31.81;4
13944;4014;110;10;87.41;0
13945;4015;104;6;4.07;0
13946;4016;117;4;94.29;0
13947;4016;112;4;11.48;0
13948;4016;103;2;93.05;0
13949;4016;110;8;87.41;0
13950;4016;108;3;11.73;0
13951;4016;109;8;14.81;0
13952;4017;118;3;11.11;0
13953;4017;105;10;86.64;0
13954;4017;101;1;44.35;0
13955;4018;118;10;11.11;0
13956;4018;114;3;31.92;3
13957;4019;104;7;4.07;0
13958;4019;107;7;77.21;0
13959;4019;110;6;87.41;0
13960;4020;112;3;11.48;0
13961;4020;111;10;34.02;0
13962;4021;103;1;93.05;0
13963;4021;105;10;86.64;0
13964;4021;101;8;44.35;0
13965;4021;114;6;31.92;0
13966;4022;110;8;87.41;0
13967;4022;105;2;86.64;0
13968;4022;104;2;4.07;0
13969;4022;113;10;85.64;0
13970;4023;109;3;14.81;0
13971;4023;104;3;4.07;0
13972;4023;118;3;11.11;0
13973;4023;107;10;77.21;0
13974;4024;111;10;34.02;0
13975;4024;103;10;93.05;0
13976;4025;118;2;11.11;2
13977;4025;110;6;87.41;0
13978;4025;107;5;77.21;0
13979;4025;109;10;14.81;0
13980;4025;117;3;94.29;0
13981;4025;102;4;16.63;0
13982;4026;116;8;31.81;0
13983;4026;102;1;16.63;0
13984;4027;117;5;94.29;0
13985;4027;115;8;21.03;0
13986;4028;106;6;93.64;0
13987;4028;105;10;86.64;0
13988;4028;117;5;94.29;0
13989;4028;118;9;11.11;0
13990;4028;109;4;14.81;0
13991;4028;114;7;31.92;0
13992;4029;114;3;31.92;0
13993;4030;111;9;34.02;0
13994;4030;113;5;85.64;0
13995;4030;115;7;21.03;0
13996;4030;114;9;31.92;0
13997;4030;101;10;44.35;0
13998;4031;110;5;87.41;0
13999;4031;103;2;93.05;0
14000;4031;107;10;77.21;0
14001;4031;118;10;11.11;0
14002;4031;117;8;94.29;0
14003;4032;104;4;4.07;0
14004;4032;113;10;85.64;0
14005;4033;111;5;34.02;0
14006;4033;108;9;11.73;0
14007;4033;105;3;86.64;0
14008;4033;118;10;11.11;0
14009;4033;117;7;94.29;0
14010;4034;107;4;77.21;0
14011;4034;101;4;44.35;0
14012;4034;114;9;31.92;0
14013;4034;103;2;93.05;0
14014;4035;102;7;16.63;0
14015;4035;115;3;21.03;0
14016;4036;101;4;44.35;0
14017;4036;102;4;16.63;0
14018;4036;104;6;4.07;0
14019;4036;118;9;11.11;0
14020;4036;114;7;31.92;0
14021;4036;107;6;77.21;0
14022;4037;115;4;21.03;0
14023;4037;101;3;44.35;0
14024;4037;107;4;77.21;0
14025;4037;103;5;93.05;3
14026;4037;114;7;31.92;0
14027;4038;113;9;85.64;0
14028;4038;102;10;16.63;0
14029;4038;115;6;21.03;0
14030;4038;105;8;86.64;0
14031;4038;109;10;14.81;0
14032;4039;102;7;16.63;0
14033;4039;107;7;77.21;0
14034;4039;115;1;21.03;0
14035;4039;110;1;87.41;0
14036;4040;117;9;94.29;0
14037;4041;108;7;11.73;0
14038;4041;118;8;11.11;0
14039;4042;106;6;93.64;0
14040;4043;110;5;87.41;0
14041;4043;113;1;85.64;0
14042;4043;107;8;77.21;0
14043;4043;103;3;93.05;0
14044;4043;105;6;86.64;0
14045;4043;108;5;11.73;0
14046;4044;102;7;16.63;0
14047;4044;114;8;31.92;0
14048;4045;109;10;14.81;0
14049;4045;112;10;11.48;0
14050;4045;110;6;87.41;0
14051;4045;101;9;44.35;0
14052;4045;118;4;11.11;0
14053;4045;103;1;93.05;0
14054;4046;115;8;21.03;0
14055;4046;112;7;11.48;0
14056;4046;110;7;87.41;0
14057;4047;110;8;87.41;0
14058;4048;108;6;11.73;0
14059;4048;104;7;4.07;0
14060;4048;112;5;11.48;0
14061;4049;105;5;86.64;0
14062;4050;108;6;11.73;0
14063;4050;101;10;44.35;0
14064;4050;111;10;34.02;0
14065;4050;112;10;11.48;0
14066;4050;109;8;14.81;0
14067;4050;116;1;31.81;0
14068;4051;102;5;16.63;0
14069;4051;116;9;31.81;0
14070;4051;107;7;77.21;0
14071;4051;111;6;34.02;0
14072;4051;110;3;87.41;0
14073;4052;105;6;86.64;0
14074;4052;112;8;11.48;0
14075;4052;117;1;94.29;0
14076;4052;110;1;87.41;0
14077;4053;101;4;44.35;0
14078;4053;109;7;14.81;0
14079;4053;113;9;85.64;0
14080;4053;112;8;11.48;0
14081;4054;117;7;94.29;0
14082;4054;107;2;77.21;0
14083;4055;104;1;4.07;0
14084;4056;102;2;16.63;0
14085;4056;114;7;31.92;0
14086;4056;111;3;34.02;0
14087;4057;101;8;44.35;0
14088;4057;115;10;21.03;0
14089;4058;104;9;4.07;0
14090;4058;106;9;93.64;0
14091;4058;114;4;31.92;0
14092;4058;113;9;85.64;0
14093;4058;103;5;93.05;0
14094;4059;116;8;31.81;0
14095;4059;105;3;86.64;0
14096;4060;115;6;21.03;0
14097;4061;113;10;85.64;0
14098;4062;106;10;93.64;0
14099;4063;117;1;94.29;0
14100;4063;113;7;85.64;0
14101;4063;107;1;77.21;0
14102;4063;102;1;16.63;0
14103;4063;103;2;93.05;0
14104;4064;116;2;31.81;1
14105;4064;108;3;11.73;0
14106;4065;117;5;94.29;0
14107;4065;112;3;11.48;0
14108;4065;104;3;4.07;0
14109;4066;118;5;11.11;0
14110;4066;109;1;14.81;0
14111;4066;114;7;31.92;0
14112;4066;103;8;93.05;0
14113;4066;116;5;31.81;0
14114;4066;102;2;16.63;0
14115;4067;107;1;77.21;0
14116;4067;117;7;94.29;0
14117;4067;104;2;4.07;0
14118;4067;114;6;31.92;0
14119;4067;101;8;44.35;0
14120;4068;114;6;31.92;0
14121;4068;117;10;94.29;0
14122;4068;110;10;87.41;0
14123;4068;115;6;21.03;0
14124;4068;108;4;11.73;0
14125;4069;110;7;87.41;0
14126;4069;114;9;31.92;0
14127;4070;102;9;16.63;0
14128;4070;107;5;77.21;0
14129;4071;106;1;93.64;0
14130;4071;102;10;16.63;0
14131;4071;107;2;77.21;0
14132;4071;116;9;31.81;0
14133;4072;111;9;34.02;0
14134;4072;107;8;77.21;0
14135;4072;104;6;4.07;0
14136;4072;105;4;86.64;0
14137;4073;117;4;94.29;0
14138;4073;113;1;85.64;0
14139;4073;109;10;14.81;0
14140;4073;116;10;31.81;0
14141;4073;106;10;93.64;0
14142;4074;110;5;87.41;0
14143;4075;115;3;21.03;0
14144;4075;116;10;31.81;0
14145;4075;111;1;34.02;1
14146;4075;114;2;31.92;0
14147;4075;109;4;14.81;0
14148;4075;108;9;11.73;0
14149;4076;107;8;77.21;0
14150;4076;102;3;16.63;3
14151;4076;117;8;94.29;0
14152;4076;109;1;14.81;0
14153;4077;117;10;94.29;0
14154;4077;110;3;87.41;0
14155;4077;107;3;77.21;0
14156;4077;108;9;11.73;0
14157;4077;111;5;34.02;0
14158;4078;104;2;4.07;0
14159;4078;109;6;14.81;0
14160;4078;110;5;87.41;0
14161;4078;101;9;44.35;8
14162;4078;105;8;86.64;0
14163;4078;117;3;94.29;0
14164;4079;102;3;16.63;0
14165;4080;105;4;86.64;0
14166;4080;118;9;11.11;1
14167;4080;107;9;77.21;0
14168;4080;104;10;4.07;0
14169;4081;102;4;16.63;1
14170;4082;104;8;4.07;0
14171;4082;108;6;11.73;4
14172;4083;112;3;11.48;0
14173;4083;103;9;93.05;0
14174;4083;116;6;31.81;0
14175;4084;102;6;16.63;0
14176;4084;112;1;11.48;0
14177;4084;103;10;93.05;0
14178;4085;113;5;85.64;0
14179;4085;116;4;31.81;0
14180;4085;118;1;11.11;0
14181;4085;102;5;16.63;0
14182;4085;101;9;44.35;0
14183;4086;114;2;31.92;0
14184;4087;113;4;85.64;0
14185;4087;116;5;31.81;0
14186;4087;112;9;11.48;0
14187;4087;114;4;31.92;0
14188;4087;105;5;86.64;0
14189;4087;102;1;16.63;0
14190;4088;110;3;87.41;0
14191;4088;102;3;16.63;0
14192;4088;116;7;31.81;0
14193;4088;114;3;31.92;0
14194;4089;101;2;44.35;0
14195;4089;116;4;31.81;0
14196;4089;112;7;11.48;0
14197;4089;109;5;14.81;0
14198;4089;115;7;21.03;0
14199;4090;108;1;11.73;0
14200;4090;105;4;86.64;0
14201;4090;115;2;21.03;0
14202;4090;101;2;44.35;0
14203;4091;105;7;86.64;0
14204;4091;114;6;31.92;0
14205;4091;102;5;16.63;0
14206;4091;103;3;93.05;0
14207;4091;113;6;85.64;0
14208;4091;117;1;94.29;0
14209;4092;104;5;4.07;0
14210;4093;108;2;11.73;0
14211;4093;116;8;31.81;0
14212;4093;112;1;11.48;1
14213;4093;105;4;86.64;0
14214;4094;117;10;94.29;0
14215;4094;105;5;86.64;0
14216;4094;104;9;4.07;0
14217;4094;103;2;93.05;0
14218;4095;111;4;34.02;0
14219;4095;107;3;77.21;0
14220;4095;108;5;11.73;0
14221;4095;101;3;44.35;0
14222;4095;103;7;93.05;0
14223;4095;105;6;86.64;0
14224;4096;115;2;21.03;0
14225;4097;111;6;34.02;0
14226;4097;117;9;94.29;4
14227;4098;118;7;11.11;0
14228;4098;110;3;87.41;0
14229;4098;115;6;21.03;0
14230;4098;111;3;34.02;3
14231;4098;103;2;93.05;0
14232;4098;101;7;44.35;0
14233;4099;103;8;93.05;0
14234;4099;101;5;44.35;0
14235;4100;108;7;11.73;0
14236;4100;113;4;85.64;0
14237;4100;110;4;87.41;0
14238;4100;115;5;21.03;0
14239;4100;106;3;93.64;0
14240;4100;116;3;31.81;0
14241;4101;111;2;34.02;0
14242;4101;101;2;44.35;0
14243;4101;107;5;77.21;0
14244;4101;106;5;93.64;0
14245;4102;118;9;11.11;0
14246;4102;113;5;85.64;0
14247;4102;117;5;94.29;0
14248;4102;112;10;11.48;0
14249;4102;108;6;11.73;0
14250;4102;109;4;14.81;0
14251;4103;102;2;16.63;1
14252;4103;113;5;85.64;0
14253;4103;115;4;21.03;3
14254;4103;103;7;93.05;0
14255;4103;105;4;86.64;0
14256;4103;117;2;94.29;0
14257;4104;101;3;44.35;0
14258;4104;105;7;86.64;0
14259;4104;110;3;87.41;0
14260;4104;108;3;11.73;0
14261;4104;114;4;31.92;0
14262;4104;117;6;94.29;0
14263;4105;107;10;77.21;0
14264;4105;103;3;93.05;0
14265;4105;104;4;4.07;0
14266;4105;116;2;31.81;0
14267;4105;105;9;86.64;0
14268;4105;114;10;31.92;0
14269;4106;107;3;77.21;0
14270;4106;118;2;11.11;0
14271;4107;116;7;31.81;0
14272;4107;117;10;94.29;0
14273;4108;113;6;85.64;0
14274;4108;115;9;21.03;0
14275;4108;112;4;11.48;0
14276;4108;114;5;31.92;0
14277;4108;107;2;77.21;0
14278;4108;105;7;86.64;0
14279;4109;117;8;94.29;0
14280;4109;105;5;86.64;0
14281;4109;101;5;44.35;0
14282;4109;110;6;87.41;0
14283;4110;107;6;77.21;0
14284;4111;118;2;11.11;0
14285;4111;112;2;11.48;0
14286;4111;105;4;86.64;0
14287;4112;102;3;16.63;0
14288;4112;101;1;44.35;0
14289;4113;105;9;86.64;0
14290;4114;114;5;31.92;0
14291;4114;111;1;34.02;0
14292;4114;113;3;85.64;0
14293;4114;105;2;86.64;0
14294;4114;103;4;93.05;0
14295;4115;111;3;34.02;0
14296;4115;101;7;44.35;0
14297;4115;103;2;93.05;0
14298;4116;112;7;11.48;0
14299;4116;102;3;16.63;0
14300;4116;106;10;93.64;0
14301;4116;107;8;77.21;0
14302;4117;107;6;77.21;0
14303;4117;113;8;85.64;0
14304;4118;113;5;85.64;0
14305;4118;103;6;93.05;5
14306;4118;112;4;11.48;4
14307;4119;107;9;77.21;0
14308;4119;115;2;21.03;0
14309;4119;105;10;86.64;0
14310;4119;111;2;34.02;0
14311;4120;101;9;44.35;0
14312;4120;117;4;94.29;0
14313;4120;112;2;11.48;0
14314;4120;105;6;86.64;0
14315;4120;102;1;16.63;0
14316;4120;111;9;34.02;0
14317;4121;105;6;86.64;0
14318;4121;101;2;44.35;0
14319;4121;112;2;11.48;0
14320;4121;102;7;16.63;0
14321;4121;113;6;85.64;0
14322;4122;108;3;11.73;0
14323;4122;109;1;14.81;0
14324;4122;107;4;77.21;0
14325;4122;112;1;11.48;0
14326;4122;103;10;93.05;0
14327;4123;112;3;11.48;0
14328;4123;103;9;93.05;0
14329;4123;114;5;31.92;0
14330;4123;106;7;93.64;0
14331;4124;102;6;16.63;0
14332;4124;109;4;14.81;0
14333;4124;110;5;87.41;0
14334;4124;114;5;31.92;0
14335;4125;115;10;21.03;0
14336;4125;106;6;93.64;0
14337;4125;110;9;87.41;0
14338;4125;105;4;86.64;0
14339;4126;105;5;86.64;0
14340;4126;118;5;11.11;3
14341;4126;108;7;11.73;0
14342;4126;113;8;85.64;0
14343;4127;116;4;31.81;0
14344;4127;107;7;77.21;0
14345;4127;106;5;93.64;0
14346;4128;116;7;31.81;0
14347;4128;102;4;16.63;0
14348;4128;103;1;93.05;0
14349;4128;106;2;93.64;0
14350;4128;104;2;4.07;0
14351;4128;108;2;11.73;0
14352;4129;113;2;85.64;0
14353;4130;101;4;44.35;0
14354;4130;105;9;86.64;0
14355;4130;118;10;11.11;0
14356;4130;108;9;11.73;0
14357;4130;107;4;77.21;0
14358;4130;103;4;93.05;0
14359;4131;112;5;11.48;0
14360;4131;118;1;11.11;0
14361;4131;116;9;31.81;0
14362;4132;113;1;85.64;1
14363;4132;109;7;14.81;0
14364;4132;108;10;11.73;0
14365;4132;115;6;21.03;0
14366;4133;114;1;31.92;0
14367;4134;106;8;93.64;0
14368;4134;103;3;93.05;0
14369;4134;115;10;21.03;0
14370;4134;113;7;85.64;0
14371;4134;101;1;44.35;0
14372;4134;114;4;31.92;0
14373;4135;109;2;14.81;0
14374;4135;113;4;85.64;0
14375;4136;103;1;93.05;0
14376;4137;101;9;44.35;0
14377;4137;113;5;85.64;0
14378;4137;118;9;11.11;0
14379;4137;108;10;11.73;0
14380;4137;116;8;31.81;0
14381;4137;110;5;87.41;0
14382;4138;118;4;11.11;0
14383;4138;108;7;11.73;0
14384;4138;101;1;44.35;0
14385;4138;110;7;87.41;0
14386;4139;113;3;85.64;0
14387;4139;104;7;4.07;0
14388;4139;106;10;93.64;0
14389;4140;110;4;87.41;0
14390;4140;118;9;11.11;0
14391;4140;112;4;11.48;0
14392;4141;114;5;31.92;0
14393;4141;102;2;16.63;0
14394;4141;117;2;94.29;0
14395;4142;118;2;11.11;0
14396;4142;114;4;31.92;0
14397;4142;102;4;16.63;0
14398;4142;117;3;94.29;0
14399;4142;105;3;86.64;0
14400;4143;102;10;16.63;10
14401;4144;101;3;44.35;0
14402;4144;117;9;94.29;0
14403;4144;103;5;93.05;0
14404;4144;114;6;31.92;0
14405;4145;115;1;21.03;0
14406;4145;110;5;87.41;0
14407;4145;105;10;86.64;0
14408;4145;101;6;44.35;0
14409;4145;113;1;85.64;0
14410;4145;108;10;11.73;0
14411;4146;110;6;87.41;0
14412;4146;113;3;85.64;0
14413;4146;118;6;11.11;0
14414;4146;115;7;21.03;3
14415;4146;102;5;16.63;0
14416;4147;116;7;31.81;0
14417;4147;111;4;34.02;0
14418;4147;106;6;93.64;0
14419;4148;106;9;93.64;0
14420;4148;117;2;94.29;0
14421;4148;111;7;34.02;0
14422;4148;105;2;86.64;0
14423;4149;107;2;77.21;0
14424;4149;109;5;14.81;0
14425;4149;113;4;85.64;0
14426;4149;108;2;11.73;0
14427;4149;104;7;4.07;0
14428;4149;105;5;86.64;0
14429;4150;117;6;94.29;0
14430;4151;112;3;11.48;0
14431;4151;101;2;44.35;0
14432;4151;109;2;14.81;0
14433;4151;114;9;31.92;0
14434;4151;117;6;94.29;0
14435;4151;104;10;4.07;0
14436;4152;109;6;14.81;0
14437;4152;103;8;93.05;0
14438;4152;105;3;86.64;0
14439;4152;116;10;31.81;0
14440;4152;117;10;94.29;0
14441;4152;111;5;34.02;0
14442;4153;106;1;93.64;0
14443;4153;114;5;31.92;0
14444;4153;111;1;34.02;0
14445;4153;118;9;11.11;0
14446;4154;110;8;87.41;0
14447;4154;113;8;85.64;0
14448;4154;104;3;4.07;0
14449;4154;109;4;14.81;0
14450;4154;115;4;21.03;0
14451;4155;109;4;14.81;0
14452;4155;107;5;77.21;0
14453;4155;112;10;11.48;0
14454;4156;104;3;4.07;0
14455;4156;113;9;85.64;0
14456;4156;114;6;31.92;0
14457;4156;105;10;86.64;0
14458;4156;112;7;11.48;0
14459;4157;105;10;86.64;0
14460;4158;102;2;16.63;0
14461;4159;101;3;44.35;0
14462;4159;113;8;85.64;0
14463;4159;111;7;34.02;0
14464;4160;102;1;16.63;0
14465;4160;114;3;31.92;0
14466;4160;110;1;87.41;1
14467;4160;113;1;85.64;0
14468;4161;103;4;93.05;0
14469;4161;107;10;77.21;0
14470;4161;104;8;4.07;0
14471;4161;101;9;44.35;0
14472;4161;114;3;31.92;0
14473;4161;118;1;11.11;0
14474;4162;116;9;31.81;0
14475;4163;103;6;93.05;0
14476;4163;116;4;31.81;0
14477;4163;114;6;31.92;0
14478;4163;118;10;11.11;0
14479;4163;104;6;4.07;0
14480;4163;117;1;94.29;0
14481;4164;102;8;16.63;0
14482;4164;106;6;93.64;0
14483;4164;104;4;4.07;0
14484;4164;109;3;14.81;0
14485;4164;117;9;94.29;0
14486;4164;116;1;31.81;0
14487;4165;110;10;87.41;0
14488;4165;106;5;93.64;0
14489;4165;117;10;94.29;0
14490;4165;103;10;93.05;0
14491;4165;101;10;44.35;0
14492;4166;110;5;87.41;0
14493;4166;117;10;94.29;0
14494;4166;106;3;93.64;0
14495;4167;107;7;77.21;0
14496;4167;110;5;87.41;0
14497;4167;102;4;16.63;0
14498;4168;117;8;94.29;0
14499;4168;114;6;31.92;0
14500;4168;104;8;4.07;0
14501;4168;115;2;21.03;0
14502;4168;108;5;11.73;0
14503;4168;109;10;14.81;2
14504;4169;116;4;31.81;0
14505;4169;108;1;11.73;0
14506;4170;107;8;77.21;0
14507;4170;110;7;87.41;0
14508;4170;109;3;14.81;0
14509;4170;105;7;86.64;0
14510;4171;111;7;34.02;0
14511;4171;105;1;86.64;0
14512;4171;118;5;11.11;0
14513;4171;103;9;93.05;0
14514;4171;109;1;14.81;0
14515;4171;110;2;87.41;0
14516;4172;104;1;4.07;0
14517;4172;105;3;86.64;0
14518;4172;115;9;21.03;0
14519;4173;104;2;4.07;0
14520;4173;114;9;31.92;0
14521;4173;117;7;94.29;0
14522;4174;113;6;85.64;0
14523;4175;113;7;85.64;0
14524;4176;117;8;94.29;0
14525;4176;111;1;34.02;0
14526;4176;106;7;93.64;0
14527;4177;106;3;93.64;0
14528;4177;109;8;14.81;0
14529;4178;116;4;31.81;0
14530;4179;115;3;21.03;0
14531;4180;112;4;11.48;0
14532;4180;117;7;94.29;0
14533;4181;115;1;21.03;0
14534;4181;102;6;16.63;0
14535;4181;110;2;87.41;0
14536;4181;101;7;44.35;0
14537;4182;106;9;93.64;0
14538;4182;104;8;4.07;0
14539;4182;116;7;31.81;0
14540;4182;115;5;21.03;0
14541;4182;118;4;11.11;2
14542;4182;117;3;94.29;0
14543;4183;107;1;77.21;0
14544;4183;115;1;21.03;0
14545;4183;103;8;93.05;0
14546;4184;112;7;11.48;5
14547;4184;118;10;11.11;0
14548;4185;110;1;87.41;0
14549;4185;101;4;44.35;0
14550;4185;116;10;31.81;0
14551;4185;105;10;86.64;0
14552;4186;103;10;93.05;0
14553;4186;106;10;93.64;0
14554;4186;108;4;11.73;0
14555;4186;118;3;11.11;0
14556;4187;113;6;85.64;0
14557;4187;110;4;87.41;0
14558;4187;104;8;4.07;0
14559;4187;109;10;14.81;0
14560;4187;106;2;93.64;0
14561;4188;101;3;44.35;0
14562;4188;115;6;21.03;0
14563;4188;117;7;94.29;0
14564;4188;102;4;16.63;0
14565;4188;114;8;31.92;5
14566;4188;116;10;31.81;0
14567;4189;116;3;31.81;0
14568;4189;104;10;4.07;0
14569;4189;112;10;11.48;0
14570;4189;103;6;93.05;0
14571;4189;110;2;87.41;0
14572;4189;101;7;44.35;0
14573;4190;102;6;16.63;0
14574;4190;101;8;44.35;0
14575;4190;114;8;31.92;0
14576;4190;110;6;87.41;0
14577;4191;107;8;77.21;0
14578;4192;108;2;11.73;0
14579;4192;113;1;85.64;0
14580;4192;104;9;4.07;0
14581;4192;109;6;14.81;0
14582;4192;117;6;94.29;0
14583;4192;114;7;31.92;0
14584;4193;104;4;4.07;0
14585;4193;105;8;86.64;0
14586;4194;113;1;85.64;0
14587;4194;106;6;93.64;0
14588;4194;103;7;93.05;0
14589;4194;116;6;31.81;0
14590;4194;112;10;11.48;0
14591;4194;114;7;31.92;2
14592;4195;104;5;4.07;0
14593;4196;113;9;85.64;0
14594;4197;104;10;4.07;3
14595;4197;115;1;21.03;0
14596;4197;118;3;11.11;0
14597;4197;103;7;93.05;0
14598;4197;107;10;77.21;0
14599;4198;105;6;86.64;0
14600;4198;104;4;4.07;0
14601;4198;118;1;11.11;1
14602;4199;107;8;77.21;0
14603;4199;109;1;14.81;0
14604;4199;115;3;21.03;0
14605;4199;117;6;94.29;0
14606;4200;105;1;86.64;0
14607;4200;114;7;31.92;0
14608;4201;105;9;86.64;0
14609;4201;103;8;93.05;0
14610;4202;111;3;34.02;0
14611;4202;101;3;44.35;0
14612;4202;112;5;11.48;0
14613;4203;111;2;34.02;0
14614;4203;115;2;21.03;0
14615;4203;114;6;31.92;1
14616;4203;102;8;16.63;0
14617;4204;110;4;87.41;0
14618;4204;105;5;86.64;2
14619;4204;114;9;31.92;0
14620;4205;105;8;86.64;7
14621;4205;114;2;31.92;0
14622;4206;101;2;44.35;0
14623;4206;112;6;11.48;0
14624;4206;104;2;4.07;0
14625;4206;102;1;16.63;0
14626;4207;110;6;87.41;0
14627;4207;107;10;77.21;0
14628;4207;102;10;16.63;0
14629;4208;105;3;86.64;0
14630;4208;114;10;31.92;0
14631;4208;106;10;93.64;0
14632;4208;118;4;11.11;0
14633;4208;107;5;77.21;0
14634;4208;103;4;93.05;0
14635;4209;105;6;86.64;0
14636;4209;101;9;44.35;0
14637;4209;118;4;11.11;0
14638;4209;113;1;85.64;0
14639;4209;107;10;77.21;0
14640;4209;102;6;16.63;0
14641;4210;114;4;31.92;0
14642;4210;111;9;34.02;0
14643;4210;103;1;93.05;0
14644;4210;104;10;4.07;0
14645;4211;110;1;87.41;0
14646;4211;117;10;94.29;0
14647;4211;112;5;11.48;0
14648;4211;113;9;85.64;0
14649;4211;106;6;93.64;0
14650;4212;101;2;44.35;0
14651;4213;108;7;11.73;0
14652;4213;115;3;21.03;0
14653;4214;105;1;86.64;0
14654;4214;107;5;77.21;0
14655;4214;117;10;94.29;0
14656;4215;111;3;34.02;0
14657;4215;102;7;16.63;4
14658;4215;103;6;93.05;1
14659;4216;114;1;31.92;0
14660;4216;113;2;85.64;0
14661;4216;101;10;44.35;0
14662;4217;109;4;14.81;0
14663;4217;116;10;31.81;0
14664;4217;117;3;94.29;0
14665;4217;104;4;4.07;0
14666;4217;105;3;86.64;0
14667;4217;106;10;93.64;0
14668;4218;114;8;31.92;0
14669;4218;107;8;77.21;0
14670;4218;116;6;31.81;0
14671;4218;113;9;85.64;0
14672;4218;102;9;16.63;0
14673;4219;112;6;11.48;0
14674;4219;102;2;16.63;0
14675;4220;101;9;44.35;0
14676;4220;106;5;93.64;0
14677;4220;118;2;11.11;0
14678;4220;103;3;93.05;0
14679;4221;110;3;87.41;0
14680;4221;113;4;85.64;0
14681;4221;116;9;31.81;0
14682;4222;101;1;44.35;1
14683;4222;105;9;86.64;0
14684;4222;114;8;31.92;0
14685;4222;111;6;34.02;0
14686;4223;107;10;77.21;0
14687;4223;109;3;14.81;0
14688;4223;118;8;11.11;0
14689;4223;104;8;4.07;0
14690;4224;102;6;16.63;0
14691;4224;110;1;87.41;0
14692;4224;111;3;34.02;0
14693;4224;103;6;93.05;0
14694;4225;110;2;87.41;0
14695;4225;117;2;94.29;0
14696;4226;116;3;31.81;0
14697;4226;115;3;21.03;0
14698;4226;109;9;14.81;0
14699;4227;109;4;14.81;0
14700;4227;102;5;16.63;0
14701;4227;107;2;77.21;0
14702;4227;110;10;87.41;0
14703;4227;113;1;85.64;0
14704;4227;117;4;94.29;0
14705;4228;104;7;4.07;0
14706;4229;105;7;86.64;0
14707;4229;102;6;16.63;0
14708;4229;108;9;11.73;0
14709;4230;118;9;11.11;0
14710;4230;102;9;16.63;0
14711;4230;112;9;11.48;0
14712;4230;111;9;34.02;0
14713;4230;106;4;93.64;0
14714;4231;103;9;93.05;0
14715;4231;114;7;31.92;0
14716;4232;110;9;87.41;0
14717;4232;111;8;34.02;0
14718;4232;118;6;11.11;0
14719;4232;107;8;77.21;0
14720;4232;108;3;11.73;0
14721;4232;106;1;93.64;0
14722;4233;104;1;4.07;0
14723;4233;116;3;31.81;0
14724;4233;101;7;44.35;0
14725;4233;107;8;77.21;0
14726;4233;114;8;31.92;0
14727;4234;101;7;44.35;0
14728;4234;117;3;94.29;2
14729;4234;115;5;21.03;0
14730;4235;106;5;93.64;0
14731;4235;111;1;34.02;0
14732;4236;104;10;4.07;0
14733;4236;101;6;44.35;0
14734;4236;107;8;77.21;0
14735;4236;111;7;34.02;0
14736;4236;105;9;86.64;6
14737;4236;118;2;11.11;0
14738;4237;108;7;11.73;0
14739;4238;109;5;14.81;0
14740;4238;114;5;31.92;0
14741;4238;116;8;31.81;0
14742;4238;117;9;94.29;0
14743;4238;105;5;86.64;0
14744;4238;118;9;11.11;0
14745;4239;118;6;11.11;0
14746;4239;111;10;34.02;0
14747;4239;115;10;21.03;0
14748;4239;102;3;16.63;2
14749;4239;117;2;94.29;0
14750;4239;107;3;77.21;0
14751;4240;108;4;11.73;0
14752;4241;116;6;31.81;0
14753;4241;101;7;44.35;0
14754;4241;110;6;87.41;0
14755;4242;118;10;11.11;0
14756;4243;113;9;85.64;0
14757;4244;105;2;86.64;0
14758;4244;117;7;94.29;0
14759;4245;104;5;4.07;0
14760;4245;113;2;85.64;0
14761;4245;117;5;94.29;0
14762;4246;111;9;34.02;0
14763;4246;115;7;21.03;0
14764;4246;106;7;93.64;0
14765;4246;108;5;11.73;0
14766;4246;112;1;11.48;0
14767;4247;107;6;77.21;0
14768;4247;115;5;21.03;0
14769;4247;108;10;11.73;0
14770;4247;101;9;44.35;0
14771;4248;110;1;87.41;0
14772;4249;105;6;86.64;6
14773;4249;107;5;77.21;0
14774;4249;104;6;4.07;0
14775;4250;111;3;34.02;0
14776;4250;109;1;14.81;0
14777;4250;110;9;87.41;0
14778;4250;115;6;21.03;0
14779;4250;103;4;93.05;0
14780;4250;106;7;93.64;0
14781;4251;106;9;93.64;0
14782;4251;105;1;86.64;0
14783;4251;107;1;77.21;0
14784;4251;110;7;87.41;0
14785;4251;116;3;31.81;0
14786;4251;102;9;16.63;0
14787;4252;113;7;85.64;0
14788;4252;105;6;86.64;0
14789;4252;111;9;34.02;0
14790;4252;110;5;87.41;0
14791;4252;114;2;31.92;0
14792;4252;109;1;14.81;0
14793;4253;101;1;44.35;0
14794;4253;118;2;11.11;0
14795;4253;103;4;93.05;0
14796;4253;111;1;34.02;0
14797;4253;107;2;77.21;0
14798;4253;102;4;16.63;3
14799;4254;112;5;11.48;0
14800;4254;102;6;16.63;0
14801;4254;103;2;93.05;0
14802;4254;105;8;86.64;0
14803;4255;110;7;87.41;0
14804;4255;102;7;16.63;0
14805;4255;116;1;31.81;0
14806;4255;101;1;44.35;0
14807;4255;117;8;94.29;0
14808;4256;110;10;87.41;0
14809;4257;111;10;34.02;0
14810;4257;112;8;11.48;0
14811;4257;105;10;86.64;0
14812;4257;109;4;14.81;0
14813;4257;113;1;85.64;0
14814;4258;112;10;11.48;0
14815;4258;117;3;94.29;0
14816;4259;110;6;87.41;0
14817;4259;103;3;93.05;0
14818;4259;101;3;44.35;0
14819;4259;105;10;86.64;0
14820;4260;104;7;4.07;0
14821;4260;112;2;11.48;0
14822;4261;108;7;11.73;0
14823;4261;112;3;11.48;0
14824;4261;103;5;93.05;0
14825;4262;116;2;31.81;0
14826;4262;102;2;16.63;0
14827;4262;114;1;31.92;0
14828;4262;110;1;87.41;0
14829;4262;108;9;11.73;0
14830;4262;112;4;11.48;0
14831;4263;107;6;77.21;0
14832;4264;108;8;11.73;0
14833;4264;116;2;31.81;0
14834;4264;105;9;86.64;0
14835;4264;113;10;85.64;0
14836;4264;101;1;44.35;0
14837;4265;112;10;11.48;8
14838;4266;111;5;34.02;0
14839;4267;117;7;94.29;0
14840;4268;109;3;14.81;0
14841;4268;117;9;94.29;0
14842;4268;102;5;16.63;0
14843;4268;107;6;77.21;0
14844;4269;108;5;11.73;0
14845;4269;104;5;4.07;0
14846;4269;113;4;85.64;0
14847;4269;114;1;31.92;0
14848;4269;105;2;86.64;0
14849;4269;101;9;44.35;0
14850;4270;116;7;31.81;0
14851;4270;102;3;16.63;0
14852;4270;108;5;11.73;0
14853;4271;115;10;21.03;0
14854;4271;117;7;94.29;0
14855;4271;118;1;11.11;0
14856;4272;116;6;31.81;0
14857;4272;111;9;34.02;0
14858;4272;118;3;11.11;0
14859;4272;107;9;77.21;0
14860;4272;106;7;93.64;0
14861;4273;116;1;31.81;0
14862;4273;112;2;11.48;0
14863;4273;105;5;86.64;0
14864;4273;115;8;21.03;0
14865;4274;118;1;11.11;0
14866;4274;102;9;16.63;0
14867;4275;109;2;14.81;0
14868;4275;117;10;94.29;0
14869;4275;111;5;34.02;0
14870;4276;110;2;87.41;0
14871;4276;105;5;86.64;0
14872;4276;109;1;14.81;0
14873;4276;116;1;31.81;0
14874;4276;114;1;31.92;0
14875;4276;108;5;11.73;0
14876;4277;118;4;11.11;0
14877;4277;106;2;93.64;0
14878;4277;114;10;31.92;0
14879;4277;109;4;14.81;0
14880;4277;108;3;11.73;0
14881;4278;106;6;93.64;0
14882;4279;112;9;11.48;0
14883;4279;117;1;94.29;0
14884;4280;107;8;77.21;0
14885;4280;112;7;11.48;0
14886;4280;116;10;31.81;0
14887;4280;115;3;21.03;0
14888;4280;101;6;44.35;0
14889;4280;103;5;93.05;0
14890;4281;113;7;85.64;0
14891;4281;103;5;93.05;0
14892;4281;112;8;11.48;0
14893;4281;116;7;31.81;0
14894;4281;104;1;4.07;0
14895;4282;116;1;31.81;0
14896;4283;103;2;93.05;0
14897;4283;111;10;34.02;0
14898;4283;107;8;77.21;0
14899;4283;118;1;11.11;0
14900;4284;105;8;86.64;0
14901;4284;115;10;21.03;0
14902;4284;108;4;11.73;0
14903;4284;107;10;77.21;0
14904;4284;101;5;44.35;0
14905;4285;109;10;14.81;0
14906;4285;101;6;44.35;0
14907;4285;108;2;11.73;0
14908;4285;110;5;87.41;0
14909;4286;118;10;11.11;0
14910;4286;106;2;93.64;0
14911;4286;116;2;31.81;0
14912;4286;115;10;21.03;0
14913;4286;113;3;85.64;0
14914;4287;105;10;86.64;0
14915;4287;110;9;87.41;0
14916;4287;107;4;77.21;0
14917;4287;111;4;34.02;0
14918;4287;118;9;11.11;0
14919;4287;114;6;31.92;0
14920;4288;111;9;34.02;0
14921;4288;113;9;85.64;0
14922;4288;114;1;31.92;1
14923;4289;105;8;86.64;0
14924;4289;115;4;21.03;0
14925;4289;112;8;11.48;0
14926;4289;107;4;77.21;0
14927;4289;117;4;94.29;0
14928;4289;114;10;31.92;0
14929;4290;105;1;86.64;0
14930;4290;108;5;11.73;0
14931;4290;106;9;93.64;0
14932;4290;113;3;85.64;0
14933;4290;104;7;4.07;0
14934;4291;108;4;11.73;0
14935;4291;117;1;94.29;0
14936;4291;105;8;86.64;0
14937;4292;117;10;94.29;0
14938;4292;102;6;16.63;0
14939;4292;110;9;87.41;0
14940;4293;114;7;31.92;0
14941;4293;110;7;87.41;0
14942;4293;108;4;11.73;0
14943;4293;107;3;77.21;0
14944;4293;103;1;93.05;0
14945;4294;102;8;16.63;0
14946;4294;111;6;34.02;0
14947;4294;118;5;11.11;0
14948;4294;113;6;85.64;0
14949;4294;110;9;87.41;0
14950;4294;104;5;4.07;0
14951;4295;116;4;31.81;0
14952;4295;115;3;21.03;0
14953;4295;102;4;16.63;0
14954;4295;112;4;11.48;0
14955;4295;109;5;14.81;0
14956;4296;116;3;31.81;0
14957;4297;106;7;93.64;0
14958;4297;107;6;77.21;0
14959;4298;114;3;31.92;0
14960;4298;103;6;93.05;0
14961;4298;111;10;34.02;0
14962;4298;112;4;11.48;0
14963;4299;118;1;11.11;0
14964;4299;114;3;31.92;0
14965;4300;116;1;31.81;0
14966;4300;114;3;31.92;0
14967;4300;105;8;86.64;0
14968;4300;111;8;34.02;0
14969;4300;118;9;11.11;0
14970;4301;104;4;4.07;0
14971;4301;115;3;21.03;0
14972;4301;107;4;77.21;0
14973;4302;107;3;77.21;0
14974;4302;114;5;31.92;0
14975;4302;101;7;44.35;0
14976;4302;104;9;4.07;0
14977;4303;104;5;4.07;0
14978;4304;104;5;4.07;0
14979;4304;107;7;77.21;0
14980;4305;101;2;44.35;0
14981;4305;110;4;87.41;0
14982;4306;105;8;86.64;0
14983;4306;116;10;31.81;0
14984;4306;118;6;11.11;0
14985;4306;108;2;11.73;0
14986;4306;102;1;16.63;0
14987;4306;101;4;44.35;0
14988;4307;106;7;93.64;0
14989;4307;101;10;44.35;0
14990;4308;105;6;86.64;0
14991;4308;112;5;11.48;0
14992;4308;113;4;85.64;0
14993;4309;101;10;44.35;0
14994;4309;110;2;87.41;0
14995;4309;106;7;93.64;0
14996;4310;108;9;11.73;0
14997;4310;117;10;94.29;0
14998;4310;105;3;86.64;0
14999;4310;103;1;93.05;0
15000;4310;114;4;31.92;0
15001;4311;113;9;85.64;0
15002;4311;115;8;21.03;1
15003;4312;111;2;34.02;2
15004;4313;101;4;44.35;0
15005;4314;115;4;21.03;0
15006;4314;101;7;44.35;0
15007;4315;102;9;16.63;1
15008;4315;113;4;85.64;0
15009;4315;108;9;11.73;0
15010;4315;115;6;21.03;0
15011;4315;112;7;11.48;0
15012;4315;110;7;87.41;0
15013;4316;116;4;31.81;0
15014;4316;108;9;11.73;0
15015;4317;103;10;93.05;0
15016;4318;104;3;4.07;0
15017;4318;116;2;31.81;0
15018;4318;103;1;93.05;0
15019;4318;117;10;94.29;0
15020;4318;106;6;93.64;0
15021;4319;101;1;44.35;0
15022;4319;111;4;34.02;1
15023;4319;103;3;93.05;0
15024;4319;109;1;14.81;0
15025;4320;118;10;11.11;0
15026;4320;106;9;93.64;0
15027;4321;118;2;11.11;0
15028;4322;103;1;93.05;0
15029;4322;118;4;11.11;2
15030;4322;111;2;34.02;0
15031;4322;110;1;87.41;0
15032;4322;101;9;44.35;0
15033;4323;111;1;34.02;0
15034;4323;116;6;31.81;0
15035;4323;102;3;16.63;0
15036;4323;108;2;11.73;0
15037;4324;114;6;31.92;0
15038;4325;106;5;93.64;0
15039;4325;105;3;86.64;0
15040;4325;113;2;85.64;0
15041;4325;115;9;21.03;0
15042;4325;102;4;16.63;0
15043;4325;116;1;31.81;0
15044;4326;117;4;94.29;0
15045;4326;110;8;87.41;0
15046;4327;116;4;31.81;0
15047;4328;106;5;93.64;0
15048;4329;105;7;86.64;0
15049;4329;117;5;94.29;0
15050;4329;118;3;11.11;0
15051;4330;102;3;16.63;1
15052;4330;115;2;21.03;0
15053;4330;118;10;11.11;0
15054;4331;118;7;11.11;1
15055;4331;116;6;31.81;0
15056;4331;107;4;77.21;0
15057;4332;114;2;31.92;0
15058;4333;108;1;11.73;0
15059;4333;109;3;14.81;0
15060;4333;110;1;87.41;0
15061;4333;117;2;94.29;0
15062;4334;114;2;31.92;0
15063;4334;111;1;34.02;1
15064;4334;103;6;93.05;0
15065;4334;108;5;11.73;0
15066;4334;107;4;77.21;0
15067;4334;102;2;16.63;0
15068;4335;109;3;14.81;0
15069;4335;107;4;77.21;0
15070;4335;113;7;85.64;0
15071;4335;102;3;16.63;0
15072;4336;111;9;34.02;0
15073;4336;105;2;86.64;0
15074;4336;109;5;14.81;0
15075;4336;108;9;11.73;0
15076;4336;106;8;93.64;0
15077;4336;117;6;94.29;2
15078;4337;116;9;31.81;0
15079;4337;112;6;11.48;0
15080;4338;101;9;44.35;0
15081;4338;114;3;31.92;0
15082;4339;112;3;11.48;0
15083;4339;102;5;16.63;0
15084;4339;107;1;77.21;1
15085;4339;103;9;93.05;0
15086;4339;116;3;31.81;0
15087;4339;114;5;31.92;0
15088;4340;118;9;11.11;0
15089;4340;116;10;31.81;0
15090;4341;108;1;11.73;0
15091;4341;105;9;86.64;0
15092;4341;102;5;16.63;0
15093;4342;118;6;11.11;0
15094;4342;107;6;77.21;0
15095;4343;117;8;94.29;0
15096;4343;112;8;11.48;0
15097;4343;101;4;44.35;0
15098;4343;106;6;93.64;0
15099;4343;114;9;31.92;0
15100;4343;104;2;4.07;0
15101;4344;101;9;44.35;0
15102;4344;116;9;31.81;0
15103;4344;106;6;93.64;4
15104;4344;118;8;11.11;0
15105;4345;111;6;34.02;0
15106;4345;110;4;87.41;0
15107;4346;118;10;11.11;0
15108;4347;101;10;44.35;0
15109;4347;112;6;11.48;0
15110;4348;114;4;31.92;0
15111;4348;118;9;11.11;0
15112;4349;106;5;93.64;0
15113;4349;104;3;4.07;0
15114;4349;109;4;14.81;0
15115;4349;102;10;16.63;0
15116;4350;115;10;21.03;0
15117;4350;113;4;85.64;1
15118;4350;108;4;11.73;0
15119;4350;110;2;87.41;0
15120;4351;109;3;14.81;0
15121;4351;118;10;11.11;0
15122;4351;117;1;94.29;0
15123;4352;110;2;87.41;0
15124;4353;104;10;4.07;0
15125;4353;105;9;86.64;0
15126;4353;106;2;93.64;0
15127;4354;112;2;11.48;0
15128;4354;114;4;31.92;0
15129;4354;110;5;87.41;3
15130;4354;118;10;11.11;0
15131;4355;102;4;16.63;0
15132;4355;112;8;11.48;0
15133;4355;114;2;31.92;0
15134;4355;117;4;94.29;0
15135;4356;115;2;21.03;0
15136;4356;105;6;86.64;0
15137;4356;114;1;31.92;0
15138;4356;116;5;31.81;0
15139;4356;107;9;77.21;0
15140;4357;118;5;11.11;0
15141;4357;112;4;11.48;0
15142;4357;110;2;87.41;0
15143;4357;101;7;44.35;0
15144;4357;103;7;93.05;0
15145;4358;118;7;11.11;4
15146;4358;114;8;31.92;0
15147;4358;102;9;16.63;0
15148;4358;108;2;11.73;0
15149;4358;105;6;86.64;0
15150;4359;105;6;86.64;0
15151;4359;111;4;34.02;0
15152;4359;112;7;11.48;0
15153;4359;106;2;93.64;0
15154;4359;108;7;11.73;0
15155;4360;108;4;11.73;0
15156;4361;105;1;86.64;0
15157;4361;112;6;11.48;0
15158;4361;116;5;31.81;0
15159;4361;104;7;4.07;0
15160;4361;110;6;87.41;0
15161;4361;108;5;11.73;0
15162;4362;115;9;21.03;0
15163;4363;116;3;31.81;0
15164;4363;113;6;85.64;0
15165;4363;110;5;87.41;0
15166;4363;106;8;93.64;0
15167;4363;105;8;86.64;0
15168;4363;117;5;94.29;0
15169;4364;106;1;93.64;0
15170;4365;109;9;14.81;0
15171;4366;117;1;94.29;0
15172;4366;115;5;21.03;0
15173;4366;102;6;16.63;0
15174;4367;111;10;34.02;0
15175;4367;105;8;86.64;0
15176;4367;103;7;93.05;0
15177;4367;116;9;31.81;0
15178;4367;102;3;16.63;0
15179;4368;108;4;11.73;0
15180;4368;103;2;93.05;0
15181;4368;118;7;11.11;0
15182;4369;109;6;14.81;0
15183;4369;104;8;4.07;0
15184;4369;107;6;77.21;0
15185;4370;109;10;14.81;0
15186;4370;114;7;31.92;0
15187;4370;108;8;11.73;0
15188;4370;105;3;86.64;0
15189;4370;115;1;21.03;0
15190;4370;107;5;77.21;0
15191;4371;116;5;31.81;0
15192;4372;103;2;93.05;0
15193;4372;101;1;44.35;0
15194;4372;114;3;31.92;0
15195;4372;110;1;87.41;0
15196;4372;106;1;93.64;0
15197;4373;107;5;77.21;0
15198;4374;114;2;31.92;0
15199;4374;107;10;77.21;0
15200;4374;116;4;31.81;0
15201;4375;109;1;14.81;0
15202;4375;103;7;93.05;0
15203;4375;113;1;85.64;0
15204;4376;104;8;4.07;0
15205;4376;112;8;11.48;0
15206;4377;113;7;85.64;0
15207;4377;107;1;77.21;0
15208;4377;105;6;86.64;0
15209;4377;118;1;11.11;0
15210;4378;116;10;31.81;0
15211;4379;113;7;85.64;0
15212;4379;104;2;4.07;0
15213;4379;111;7;34.02;0
15214;4379;108;4;11.73;3
15215;4379;109;9;14.81;0
15216;4379;110;1;87.41;0
15217;4380;115;4;21.03;0
15218;4380;114;1;31.92;0
15219;4380;103;8;93.05;5
15220;4380;117;8;94.29;0
15221;4380;113;10;85.64;0
15222;4380;107;2;77.21;0
15223;4381;114;8;31.92;0
15224;4381;102;10;16.63;0
15225;4382;118;6;11.11;0
15226;4382;109;3;14.81;0
15227;4382;108;4;11.73;0
15228;4382;110;3;87.41;0
15229;4382;102;8;16.63;0
15230;4383;107;9;77.21;0
15231;4384;102;10;16.63;0
15232;4384;108;1;11.73;0
15233;4384;112;5;11.48;0
15234;4384;118;8;11.11;0
15235;4384;111;5;34.02;0
15236;4384;117;4;94.29;4
15237;4385;101;7;44.35;0
15238;4385;111;4;34.02;0
15239;4386;106;7;93.64;0
15240;4387;103;4;93.05;2
15241;4387;108;6;11.73;0
15242;4387;112;2;11.48;0
15243;4387;110;5;87.41;0
15244;4388;112;8;11.48;0
15245;4389;102;5;16.63;0
15246;4389;115;4;21.03;0
15247;4389;105;2;86.64;0
15248;4390;114;4;31.92;0
15249;4390;112;5;11.48;0
15250;4390;107;6;77.21;0
15251;4391;115;6;21.03;0
15252;4391;108;3;11.73;0
15253;4391;101;4;44.35;0
15254;4392;108;10;11.73;0
15255;4392;116;6;31.81;0
15256;4392;111;4;34.02;0
15257;4392;118;8;11.11;0
15258;4393;101;1;44.35;0
15259;4393;110;10;87.41;0
15260;4393;116;8;31.81;0
15261;4394;116;5;31.81;0
15262;4394;101;8;44.35;0
15263;4394;114;7;31.92;0
15264;4394;117;8;94.29;0
15265;4394;103;10;93.05;0
15266;4394;113;7;85.64;0
15267;4395;112;4;11.48;0
15268;4395;103;7;93.05;0
15269;4395;115;7;21.03;0
15270;4395;117;4;94.29;0
15271;4395;106;9;93.64;0
15272;4395;107;3;77.21;0
15273;4396;110;10;87.41;0
15274;4396;109;8;14.81;0
15275;4396;101;6;44.35;0
15276;4396;115;6;21.03;0
15277;4396;118;9;11.11;0
15278;4397;105;5;86.64;0
15279;4397;109;5;14.81;0
15280;4397;106;2;93.64;0
15281;4398;105;1;86.64;0
15282;4398;117;4;94.29;0
15283;4399;102;2;16.63;0
15284;4399;103;1;93.05;0
15285;4400;101;10;44.35;0
15286;4400;111;6;34.02;0
15287;4400;108;6;11.73;0
15288;4401;113;2;85.64;0
15289;4401;118;4;11.11;0
15290;4401;106;4;93.64;0
15291;4402;102;9;16.63;0
15292;4402;104;2;4.07;0
15293;4403;108;8;11.73;0
15294;4403;103;7;93.05;0
15295;4403;101;3;44.35;0
15296;4403;118;9;11.11;0
15297;4403;112;7;11.48;0
15298;4403;105;4;86.64;0
15299;4404;117;1;94.29;0
15300;4404;105;2;86.64;0
15301;4404;112;4;11.48;1
15302;4405;109;1;14.81;0
15303;4405;118;6;11.11;0
15304;4405;111;9;34.02;0
15305;4405;115;2;21.03;0
15306;4405;106;4;93.64;0
15307;4406;111;9;34.02;0
15308;4406;105;4;86.64;0
15309;4406;108;9;11.73;0
15310;4406;110;8;87.41;0
15311;4406;116;1;31.81;0
15312;4407;101;9;44.35;0
15313;4407;117;4;94.29;0
15314;4407;106;2;93.64;0
15315;4407;116;9;31.81;0
15316;4407;111;1;34.02;0
15317;4408;114;6;31.92;0
15318;4408;105;5;86.64;0
15319;4409;115;1;21.03;0
15320;4410;111;8;34.02;7
15321;4410;113;4;85.64;0
15322;4410;102;6;16.63;5
15323;4410;117;7;94.29;0
15324;4411;113;2;85.64;0
15325;4411;114;6;31.92;0
15326;4411;118;5;11.11;0
15327;4411;112;5;11.48;0
15328;4411;108;10;11.73;0
15329;4411;107;10;77.21;0
15330;4412;103;9;93.05;0
15331;4412;101;9;44.35;0
15332;4412;110;7;87.41;0
15333;4413;103;9;93.05;0
15334;4413;101;6;44.35;0
15335;4413;114;4;31.92;0
15336;4413;115;5;21.03;0
15337;4413;113;8;85.64;0
15338;4413;118;1;11.11;0
15339;4414;101;5;44.35;0
15340;4414;116;2;31.81;0
15341;4414;104;9;4.07;0
15342;4414;106;10;93.64;0
15343;4414;103;2;93.05;0
15344;4415;113;7;85.64;6
15345;4415;105;6;86.64;0
15346;4415;112;1;11.48;0
15347;4416;105;1;86.64;0
15348;4416;108;10;11.73;0
15349;4416;113;10;85.64;0
15350;4417;101;8;44.35;0
15351;4417;104;9;4.07;0
15352;4417;103;10;93.05;0
15353;4418;108;9;11.73;0
15354;4418;104;9;4.07;0
15355;4418;113;4;85.64;0
15356;4418;110;1;87.41;0
15357;4419;102;2;16.63;0
15358;4419;108;2;11.73;0
15359;4419;101;10;44.35;0
15360;4419;117;1;94.29;0
15361;4419;103;7;93.05;0
15362;4420;106;4;93.64;0
15363;4420;105;5;86.64;0
15364;4420;113;10;85.64;0
15365;4420;108;9;11.73;0
15366;4420;117;1;94.29;0
15367;4420;109;9;14.81;0
15368;4421;102;3;16.63;0
15369;4421;106;5;93.64;0
15370;4421;101;6;44.35;0
15371;4421;110;10;87.41;0
15372;4422;101;7;44.35;0
15373;4422;106;3;93.64;0
15374;4422;115;10;21.03;0
15375;4423;113;5;85.64;0
15376;4423;112;1;11.48;0
15377;4423;110;6;87.41;0
15378;4423;109;8;14.81;0
15379;4423;108;1;11.73;0
15380;4424;113;4;85.64;0
15381;4424;104;4;4.07;0
15382;4424;105;1;86.64;0
15383;4425;110;9;87.41;0
15384;4425;114;8;31.92;0
15385;4425;104;6;4.07;0
15386;4425;118;3;11.11;0
15387;4425;102;4;16.63;0
15388;4425;108;4;11.73;2
15389;4426;118;7;11.11;0
15390;4426;101;4;44.35;3
15391;4427;114;1;31.92;0
15392;4427;109;10;14.81;0
15393;4427;112;9;11.48;0
15394;4427;103;4;93.05;0
15395;4428;103;10;93.05;0
15396;4428;114;5;31.92;0
15397;4428;105;3;86.64;0
15398;4428;115;3;21.03;0
15399;4428;108;10;11.73;0
15400;4429;103;2;93.05;0
15401;4429;107;3;77.21;0
15402;4429;102;9;16.63;0
15403;4429;111;9;34.02;0
15404;4429;108;3;11.73;0
15405;4430;101;3;44.35;0
15406;4431;104;5;4.07;0
15407;4431;112;8;11.48;0
15408;4431;108;7;11.73;0
15409;4431;114;6;31.92;0
15410;4432;101;9;44.35;0
15411;4432;112;5;11.48;0
15412;4432;111;10;34.02;0
15413;4432;106;4;93.64;0
15414;4433;114;8;31.92;0
15415;4433;118;1;11.11;0
15416;4433;106;5;93.64;0
15417;4433;115;8;21.03;0
15418;4434;115;9;21.03;0
15419;4434;102;8;16.63;2
15420;4434;101;1;44.35;1
15421;4435;101;10;44.35;0
15422;4435;106;3;93.64;0
15423;4435;102;7;16.63;0
15424;4436;106;6;93.64;0
15425;4437;116;5;31.81;0
15426;4437;109;9;14.81;0
15427;4438;112;1;11.48;0
15428;4439;106;8;93.64;0
15429;4440;101;10;44.35;0
15430;4440;110;4;87.41;0
15431;4441;111;8;34.02;0
15432;4441;112;4;11.48;0
15433;4441;107;3;77.21;0
15434;4441;110;9;87.41;0
15435;4441;115;6;21.03;0
15436;4442;105;8;86.64;0
15437;4442;110;4;87.41;0
15438;4442;114;10;31.92;0
15439;4442;104;8;4.07;0
15440;4443;108;8;11.73;0
15441;4443;103;8;93.05;0
15442;4444;106;5;93.64;0
15443;4444;118;5;11.11;0
15444;4444;116;6;31.81;0
15445;4444;109;1;14.81;0
15446;4444;103;5;93.05;3
15447;4444;112;4;11.48;0
15448;4445;113;1;85.64;0
15449;4445;101;2;44.35;0
15450;4446;104;9;4.07;0
15451;4446;109;8;14.81;0
15452;4446;101;6;44.35;0
15453;4447;116;5;31.81;0
15454;4447;109;10;14.81;0
15455;4447;105;2;86.64;0
15456;4447;112;4;11.48;0
15457;4448;109;3;14.81;0
15458;4448;112;8;11.48;0
15459;4449;107;2;77.21;0
15460;4449;112;3;11.48;0
15461;4449;106;9;93.64;0
15462;4449;105;7;86.64;0
15463;4449;115;6;21.03;0
15464;4449;108;2;11.73;0
15465;4450;106;6;93.64;0
15466;4450;104;8;4.07;0
15467;4451;101;3;44.35;0
15468;4451;102;5;16.63;0
15469;4451;112;7;11.48;0
15470;4451;108;5;11.73;0
15471;4452;117;6;94.29;0
15472;4452;111;1;34.02;0
15473;4452;108;4;11.73;0
15474;4453;102;8;16.63;0
15475;4453;116;8;31.81;0
15476;4454;114;1;31.92;0
15477;4454;113;1;85.64;0
15478;4455;105;3;86.64;3
15479;4456;108;3;11.73;0
15480;4457;115;7;21.03;0
15481;4457;118;8;11.11;0
15482;4457;109;1;14.81;0
15483;4458;111;7;34.02;0
15484;4458;108;5;11.73;0
15485;4458;105;7;86.64;0
15486;4459;115;3;21.03;0
15487;4459;114;3;31.92;0
15488;4459;112;10;11.48;0
15489;4459;110;3;87.41;0
15490;4459;106;9;93.64;0
15491;4460;115;1;21.03;0
15492;4460;109;10;14.81;0
15493;4460;105;10;86.64;0
15494;4460;114;3;31.92;0
15495;4460;108;2;11.73;0
15496;4461;112;2;11.48;0
15497;4461;118;2;11.11;0
15498;4461;103;1;93.05;1
15499;4461;108;1;11.73;0
15500;4461;110;6;87.41;0
15501;4461;117;4;94.29;0
15502;4462;101;4;44.35;0
15503;4462;113;2;85.64;0
15504;4463;112;1;11.48;0
15505;4463;105;9;86.64;0
15506;4463;116;5;31.81;0
15507;4463;107;5;77.21;0
15508;4464;106;2;93.64;0
15509;4464;116;7;31.81;0
15510;4464;108;5;11.73;0
15511;4464;103;3;93.05;0
15512;4464;104;6;4.07;0
15513;4464;112;5;11.48;0
15514;4465;118;10;11.11;0
15515;4465;113;10;85.64;0
15516;4465;106;2;93.64;0
15517;4466;115;9;21.03;0
15518;4466;101;3;44.35;0
15519;4466;113;2;85.64;0
15520;4467;113;6;85.64;0
15521;4467;111;2;34.02;0
15522;4467;114;2;31.92;0
15523;4467;118;6;11.11;0
15524;4467;101;2;44.35;0
15525;4468;108;9;11.73;0
15526;4468;107;7;77.21;0
15527;4469;104;3;4.07;0
15528;4469;113;7;85.64;0
15529;4470;105;6;86.64;0
15530;4470;118;4;11.11;0
15531;4470;116;6;31.81;0
15532;4470;108;5;11.73;0
15533;4470;103;3;93.05;0
15534;4471;114;4;31.92;0
15535;4471;116;3;31.81;0
15536;4472;114;7;31.92;0
15537;4472;102;10;16.63;0
15538;4472;116;9;31.81;5
15539;4473;118;9;11.11;0
15540;4474;114;3;31.92;0
15541;4474;116;3;31.81;0
15542;4474;117;1;94.29;0
15543;4474;118;2;11.11;0
15544;4474;112;9;11.48;5
15545;4475;115;6;21.03;3
15546;4475;103;9;93.05;0
15547;4476;117;6;94.29;0
15548;4476;114;3;31.92;0
15549;4476;103;8;93.05;0
15550;4476;108;10;11.73;0
15551;4476;115;5;21.03;0
15552;4476;111;5;34.02;0
15553;4477;112;9;11.48;0
15554;4477;111;4;34.02;0
15555;4478;102;7;16.63;0
15556;4478;115;1;21.03;0
15557;4478;111;7;34.02;0
15558;4478;108;7;11.73;0
15559;4478;116;9;31.81;4
15560;4478;106;8;93.64;0
15561;4479;116;8;31.81;0
15562;4479;109;10;14.81;0
15563;4479;114;5;31.92;0
15564;4479;118;8;11.11;0
15565;4479;105;6;86.64;0
15566;4480;113;10;85.64;0
15567;4480;118;6;11.11;0
15568;4480;101;6;44.35;0
15569;4480;116;10;31.81;0
15570;4481;109;7;14.81;7
15571;4481;112;3;11.48;0
15572;4481;113;5;85.64;0
15573;4481;104;6;4.07;0
15574;4481;111;2;34.02;0
15575;4481;107;8;77.21;0
15576;4482;110;6;87.41;0
15577;4482;118;9;11.11;0
15578;4482;117;6;94.29;0
15579;4482;106;1;93.64;0
15580;4483;112;1;11.48;0
15581;4483;114;4;31.92;0
15582;4483;115;2;21.03;0
15583;4483;118;10;11.11;0
15584;4484;112;1;11.48;0
15585;4485;106;6;93.64;0
15586;4486;106;7;93.64;0
15587;4486;110;4;87.41;0
15588;4486;111;6;34.02;0
15589;4486;102;2;16.63;0
15590;4486;114;5;31.92;0
15591;4486;115;6;21.03;0
15592;4487;114;8;31.92;0
15593;4487;106;8;93.64;0
15594;4487;109;1;14.81;0
15595;4488;105;4;86.64;0
15596;4488;101;9;44.35;0
15597;4488;103;6;93.05;0
15598;4489;115;1;21.03;0
15599;4489;118;5;11.11;0
15600;4490;118;3;11.11;0
15601;4490;109;3;14.81;0
15602;4490;107;8;77.21;0
15603;4491;108;7;11.73;0
15604;4492;104;6;4.07;0
15605;4492;112;2;11.48;1
15606;4493;107;9;77.21;0
15607;4493;111;7;34.02;0
15608;4494;106;1;93.64;0
15609;4494;112;7;11.48;0
15610;4495;108;8;11.73;0
15611;4495;109;5;14.81;0
15612;4495;116;3;31.81;0
15613;4496;105;7;86.64;0
15614;4496;115;8;21.03;0
15615;4497;104;9;4.07;0
15616;4497;112;5;11.48;0
15617;4497;111;2;34.02;0
15618;4497;118;9;11.11;0
15619;4497;105;2;86.64;0
15620;4497;102;10;16.63;0
15621;4498;108;2;11.73;0
15622;4498;118;2;11.11;0
15623;4499;111;8;34.02;0
15624;4499;107;1;77.21;0
15625;4499;102;2;16.63;0
15626;4499;101;6;44.35;0
15627;4499;103;6;93.05;0
15628;4500;107;4;77.21;0
15629;4500;102;7;16.63;0
15630;4500;113;7;85.64;0
15631;4500;103;6;93.05;0
15632;4500;101;10;44.35;0
15633;4501;109;10;14.81;0
15634;4502;104;3;4.07;0
15635;4502;109;7;14.81;0
15636;4502;105;8;86.64;0
15637;4503;104;7;4.07;0
15638;4504;102;2;16.63;0
15639;4505;101;2;44.35;0
15640;4505;118;6;11.11;0
15641;4505;104;10;4.07;0
15642;4505;108;8;11.73;0
15643;4505;112;8;11.48;0
15644;4506;112;1;11.48;0
15645;4506;104;10;4.07;0
15646;4507;105;7;86.64;0
15647;4507;107;1;77.21;0
15648;4507;101;10;44.35;0
15649;4507;118;2;11.11;0
15650;4507;117;10;94.29;0
15651;4507;106;4;93.64;0
15652;4508;111;6;34.02;0
15653;4508;109;4;14.81;0
15654;4509;118;10;11.11;0
15655;4509;115;5;21.03;0
15656;4510;114;4;31.92;0
15657;4510;117;4;94.29;0
15658;4510;105;5;86.64;0
15659;4511;108;8;11.73;0
15660;4511;107;3;77.21;0
15661;4511;113;8;85.64;0
15662;4512;104;3;4.07;0
15663;4512;105;8;86.64;0
15664;4512;117;9;94.29;0
15665;4512;101;9;44.35;0
15666;4512;109;1;14.81;0
15667;4512;102;7;16.63;0
15668;4513;116;1;31.81;0
15669;4513;117;7;94.29;0
15670;4514;109;5;14.81;0
15671;4514;105;7;86.64;0
15672;4514;112;1;11.48;0
15673;4514;108;7;11.73;0
15674;4514;118;5;11.11;0
15675;4514;107;4;77.21;0
15676;4515;104;9;4.07;0
15677;4515;102;4;16.63;0
15678;4515;108;2;11.73;0
15679;4515;109;10;14.81;0
15680;4515;115;9;21.03;0
15681;4516;118;1;11.11;0
15682;4517;118;6;11.11;0
15683;4518;103;10;93.05;0
15684;4518;117;5;94.29;0
15685;4519;103;5;93.05;1
15686;4519;113;4;85.64;0
15687;4519;102;5;16.63;0
15688;4519;104;6;4.07;0
15689;4519;108;8;11.73;0
15690;4520;118;5;11.11;0
15691;4520;101;3;44.35;0
15692;4520;109;4;14.81;0
15693;4520;104;1;4.07;0
15694;4520;115;1;21.03;0
15695;4520;110;2;87.41;0
15696;4521;114;4;31.92;0
15697;4522;117;3;94.29;0
15698;4522;104;3;4.07;0
15699;4522;107;1;77.21;0
15700;4523;111;3;34.02;0
15701;4523;103;10;93.05;6
15702;4523;101;10;44.35;0
15703;4523;105;2;86.64;0
15704;4524;109;2;14.81;0
15705;4524;105;8;86.64;0
15706;4524;108;7;11.73;0
15707;4524;112;7;11.48;0
15708;4525;102;1;16.63;0
15709;4525;118;3;11.11;0
15710;4525;103;9;93.05;0
15711;4525;111;5;34.02;1
15712;4525;113;8;85.64;0
15713;4526;103;5;93.05;0
15714;4526;107;9;77.21;0
15715;4526;102;8;16.63;0
15716;4526;113;9;85.64;2
15717;4526;101;2;44.35;1
15718;4526;118;5;11.11;0
15719;4527;108;1;11.73;0
15720;4527;101;8;44.35;0
15721;4527;117;6;94.29;0
15722;4527;107;3;77.21;0
15723;4527;104;3;4.07;0
15724;4528;105;4;86.64;0
15725;4528;106;8;93.64;0
15726;4529;111;8;34.02;0
15727;4529;117;4;94.29;0
15728;4529;105;1;86.64;0
15729;4529;106;7;93.64;0
15730;4529;107;6;77.21;4
15731;4530;111;6;34.02;0
15732;4530;113;4;85.64;0
15733;4530;112;7;11.48;0
15734;4531;117;3;94.29;0
15735;4532;107;7;77.21;0
15736;4532;112;5;11.48;0
15737;4532;110;5;87.41;0
15738;4532;101;2;44.35;0
15739;4532;118;5;11.11;0
15740;4532;109;5;14.81;0
15741;4533;106;9;93.64;0
15742;4533;102;6;16.63;0
15743;4534;111;7;34.02;0
15744;4534;110;5;87.41;0
15745;4534;117;10;94.29;0
15746;4535;118;10;11.11;0
15747;4536;108;6;11.73;0
15748;4536;110;6;87.41;0
15749;4536;115;5;21.03;0
15750;4536;118;6;11.11;0
15751;4537;111;7;34.02;0
15752;4537;110;9;87.41;0
15753;4537;106;5;93.64;0
15754;4537;114;8;31.92;0
15755;4537;115;3;21.03;2
15756;4537;108;7;11.73;0
15757;4538;111;1;34.02;0
15758;4538;110;7;87.41;0
15759;4538;112;3;11.48;0
15760;4538;107;5;77.21;0
15761;4538;115;1;21.03;0
15762;4539;109;6;14.81;1
15763;4539;101;9;44.35;0
15764;4539;114;3;31.92;0
15765;4540;102;9;16.63;0
15766;4540;111;4;34.02;0
15767;4540;118;10;11.11;0
15768;4540;116;1;31.81;0
15769;4541;115;7;21.03;0
15770;4541;103;4;93.05;0
15771;4541;116;1;31.81;0
15772;4541;104;2;4.07;0
15773;4542;106;10;93.64;0
15774;4543;113;3;85.64;0
15775;4543;111;9;34.02;0
15776;4543;105;9;86.64;0
15777;4543;112;9;11.48;0
15778;4544;114;8;31.92;0
15779;4544;112;4;11.48;0
15780;4544;105;1;86.64;0
15781;4544;113;7;85.64;0
15782;4544;116;4;31.81;0
15783;4544;109;2;14.81;0
15784;4545;114;6;31.92;0
15785;4545;113;2;85.64;0
15786;4545;110;2;87.41;0
15787;4546;110;5;87.41;0
15788;4546;117;3;94.29;0
15789;4547;111;8;34.02;0
15790;4548;112;7;11.48;0
15791;4548;108;9;11.73;0
15792;4548;109;7;14.81;0
15793;4548;102;2;16.63;0
15794;4549;112;6;11.48;0
15795;4549;105;3;86.64;0
15796;4549;101;6;44.35;0
15797;4550;108;10;11.73;0
15798;4550;112;5;11.48;0
15799;4550;118;6;11.11;0
15800;4550;117;9;94.29;0
15801;4550;101;7;44.35;0
15802;4551;106;5;93.64;0
15803;4551;104;10;4.07;0
15804;4551;113;7;85.64;0
15805;4551;110;9;87.41;0
15806;4551;105;9;86.64;0
15807;4551;101;6;44.35;0
15808;4552;103;2;93.05;0
15809;4552;118;7;11.11;0
15810;4552;102;2;16.63;0
15811;4552;111;4;34.02;0
15812;4553;115;5;21.03;0
15813;4554;110;7;87.41;0
15814;4554;107;5;77.21;0
15815;4554;116;2;31.81;0
15816;4554;115;8;21.03;0
15817;4554;105;8;86.64;0
15818;4554;114;1;31.92;0
15819;4555;108;8;11.73;0
15820;4555;115;6;21.03;0
15821;4555;105;8;86.64;0
15822;4556;114;6;31.92;0
15823;4556;101;2;44.35;0
15824;4556;107;3;77.21;0
15825;4557;109;4;14.81;0
15826;4558;111;7;34.02;0
15827;4558;106;1;93.64;0
15828;4558;115;8;21.03;0
15829;4558;107;10;77.21;0
15830;4559;117;9;94.29;0
15831;4559;115;5;21.03;0
15832;4559;108;10;11.73;0
15833;4560;107;8;77.21;0
15834;4560;112;1;11.48;0
15835;4560;101;3;44.35;0
15836;4560;103;4;93.05;0
15837;4560;118;7;11.11;0
15838;4561;107;5;77.21;0
15839;4561;102;7;16.63;0
15840;4561;110;4;87.41;0
15841;4561;101;2;44.35;0
15842;4561;114;2;31.92;0
15843;4562;110;8;87.41;0
15844;4562;111;3;34.02;0
15845;4562;103;4;93.05;0
15846;4562;112;6;11.48;0
15847;4562;104;9;4.07;0
15848;4563;111;6;34.02;0
15849;4563;108;6;11.73;0
15850;4563;106;8;93.64;0
15851;4563;110;3;87.41;0
15852;4563;109;5;14.81;0
15853;4564;106;1;93.64;0
15854;4565;113;4;85.64;0
15855;4565;116;3;31.81;0
15856;4565;106;5;93.64;5
15857;4565;105;8;86.64;0
15858;4565;101;5;44.35;0
15859;4566;103;3;93.05;1
15860;4566;106;7;93.64;0
15861;4566;101;1;44.35;0
15862;4567;115;2;21.03;0
15863;4567;118;8;11.11;0
15864;4567;104;4;4.07;0
15865;4567;107;7;77.21;0
15866;4567;117;5;94.29;0
15867;4568;104;5;4.07;0
15868;4569;102;8;16.63;0
15869;4569;117;8;94.29;4
15870;4570;101;6;44.35;0
15871;4570;118;9;11.11;0
15872;4570;109;10;14.81;0
15873;4571;101;5;44.35;0
15874;4572;107;6;77.21;6
15875;4572;111;3;34.02;0
15876;4572;109;7;14.81;0
15877;4572;116;1;31.81;0
15878;4573;104;2;4.07;0
15879;4574;117;5;94.29;0
15880;4574;109;2;14.81;0
15881;4574;115;3;21.03;0
15882;4574;101;6;44.35;0
15883;4575;116;10;31.81;0
15884;4575;105;6;86.64;0
15885;4576;103;1;93.05;0
15886;4576;105;6;86.64;0
15887;4576;115;2;21.03;0
15888;4576;106;5;93.64;0
15889;4577;115;1;21.03;0
15890;4577;102;4;16.63;0
15891;4577;113;4;85.64;0
15892;4577;104;7;4.07;0
15893;4577;112;3;11.48;0
15894;4578;113;2;85.64;0
15895;4579;105;6;86.64;0
15896;4579;115;8;21.03;0
15897;4579;118;1;11.11;0
15898;4579;109;6;14.81;0
15899;4579;113;1;85.64;0
15900;4579;107;3;77.21;0
15901;4580;101;7;44.35;0
15902;4580;118;5;11.11;0
15903;4580;112;1;11.48;0
15904;4581;105;5;86.64;0
15905;4581;116;10;31.81;0
15906;4582;104;4;4.07;0
15907;4582;113;10;85.64;0
15908;4582;106;7;93.64;2
15909;4582;105;8;86.64;0
15910;4582;118;9;11.11;0
15911;4582;110;9;87.41;0
15912;4583;112;8;11.48;0
15913;4583;109;1;14.81;0
15914;4584;104;8;4.07;8
15915;4584;103;3;93.05;0
15916;4584;109;3;14.81;0
15917;4584;118;2;11.11;0
15918;4585;107;1;77.21;0
15919;4585;117;5;94.29;0
15920;4585;115;1;21.03;0
15921;4586;116;4;31.81;0
15922;4586;115;6;21.03;0
15923;4586;108;8;11.73;0
15924;4587;109;10;14.81;0
15925;4587;110;9;87.41;0
15926;4587;102;8;16.63;6
15927;4587;106;7;93.64;0
15928;4587;111;1;34.02;0
15929;4587;116;6;31.81;0
15930;4588;112;5;11.48;0
15931;4588;104;3;4.07;0
15932;4589;111;2;34.02;0
15933;4590;118;10;11.11;0
15934;4590;109;9;14.81;0
15935;4591;109;7;14.81;0
15936;4591;116;3;31.81;0
15937;4591;114;5;31.92;0
15938;4591;110;6;87.41;0
15939;4591;113;10;85.64;0
15940;4591;106;6;93.64;0
15941;4592;116;10;31.81;0
15942;4592;117;3;94.29;0
15943;4592;105;4;86.64;0
15944;4592;108;5;11.73;0
15945;4593;102;7;16.63;0
15946;4593;116;6;31.81;0
15947;4594;118;9;11.11;0
15948;4594;103;6;93.05;0
15949;4594;113;6;85.64;0
15950;4594;111;3;34.02;0
15951;4595;111;9;34.02;0
15952;4595;103;7;93.05;0
15953;4595;108;5;11.73;0
15954;4595;107;2;77.21;0
15955;4595;118;1;11.11;0
15956;4595;101;2;44.35;0
15957;4596;109;9;14.81;0
15958;4596;112;2;11.48;0
15959;4597;108;9;11.73;0
15960;4597;101;6;44.35;0
15961;4597;105;5;86.64;0
15962;4598;102;3;16.63;0
15963;4598;106;2;93.64;0
15964;4598;107;2;77.21;0
15965;4598;116;7;31.81;0
15966;4599;112;9;11.48;0
15967;4599;106;5;93.64;0
15968;4599;103;7;93.05;0
15969;4600;111;1;34.02;0
15970;4600;115;6;21.03;0
15971;4600;101;1;44.35;0
15972;4600;103;9;93.05;0
15973;4601;102;5;16.63;0
15974;4601;106;9;93.64;0
15975;4601;118;9;11.11;0
15976;4601;113;2;85.64;0
15977;4601;103;2;93.05;1
15978;4602;113;10;85.64;0
15979;4602;118;4;11.11;0
15980;4602;112;5;11.48;0
15981;4603;109;6;14.81;0
15982;4603;113;1;85.64;0
15983;4604;113;2;85.64;0
15984;4605;107;10;77.21;0
15985;4605;112;9;11.48;0
15986;4605;113;7;85.64;1
15987;4605;104;7;4.07;0
15988;4605;109;1;14.81;0
15989;4606;115;8;21.03;0
15990;4607;113;8;85.64;0
15991;4607;118;9;11.11;0
15992;4608;114;6;31.92;0
15993;4609;107;4;77.21;0
15994;4609;101;1;44.35;1
15995;4609;102;2;16.63;0
15996;4609;117;8;94.29;0
15997;4609;110;3;87.41;0
15998;4609;105;4;86.64;0
15999;4610;102;8;16.63;0
16000;4610;117;1;94.29;0
16001;4610;109;2;14.81;0
16002;4611;118;2;11.11;0
16003;4611;103;7;93.05;0
16004;4611;116;7;31.81;0
16005;4612;111;2;34.02;0
16006;4612;105;1;86.64;0
16007;4613;114;5;31.92;0
16008;4613;109;6;14.81;0
16009;4613;105;2;86.64;0
16010;4613;108;8;11.73;0
16011;4614;111;4;34.02;0
16012;4614;107;1;77.21;0
16013;4615;116;7;31.81;0
16014;4616;108;3;11.73;0
16015;4616;114;5;31.92;0
16016;4616;118;3;11.11;0
16017;4616;101;8;44.35;0
16018;4616;102;8;16.63;8
16019;4617;107;8;77.21;0
16020;4617;113;9;85.64;0
16021;4617;112;3;11.48;0
16022;4617;102;1;16.63;0
16023;4617;118;4;11.11;0
16024;4618;108;4;11.73;0
16025;4618;109;3;14.81;0
16026;4619;107;6;77.21;0
16027;4619;101;3;44.35;0
16028;4620;105;1;86.64;1
16029;4620;108;4;11.73;0
16030;4620;114;2;31.92;0
16031;4620;113;1;85.64;0
16032;4620;107;3;77.21;0
16033;4620;115;1;21.03;0
16034;4621;104;10;4.07;0
16035;4621;105;5;86.64;0
16036;4621;109;6;14.81;0
16037;4621;114;8;31.92;1
16038;4622;117;3;94.29;0
16039;4622;104;7;4.07;0
16040;4622;102;5;16.63;0
16041;4622;110;3;87.41;0
16042;4623;113;9;85.64;0
16043;4624;103;10;93.05;0
16044;4624;117;3;94.29;0
16045;4624;109;10;14.81;0
16046;4625;110;5;87.41;0
16047;4625;107;6;77.21;0
16048;4625;101;8;44.35;0
16049;4625;111;5;34.02;0
16050;4625;117;5;94.29;0
16051;4626;115;9;21.03;0
16052;4626;101;10;44.35;0
16053;4626;102;6;16.63;0
16054;4626;107;8;77.21;0
16055;4626;109;7;14.81;0
16056;4626;114;5;31.92;0
16057;4627;113;4;85.64;0
16058;4627;104;10;4.07;0
16059;4627;110;1;87.41;0
16060;4628;117;8;94.29;0
16061;4628;115;7;21.03;1
16062;4628;102;3;16.63;0
16063;4629;117;6;94.29;0
16064;4629;114;3;31.92;0
16065;4629;116;8;31.81;0
16066;4629;111;5;34.02;0
16067;4629;102;7;16.63;0
16068;4630;109;1;14.81;0
16069;4630;106;7;93.64;0
16070;4630;102;8;16.63;0
16071;4631;118;9;11.11;0
16072;4631;114;6;31.92;0
16073;4631;107;5;77.21;1
16074;4631;113;10;85.64;0
16075;4632;108;1;11.73;0
16076;4632;114;8;31.92;0
16077;4632;110;4;87.41;3
16078;4633;115;1;21.03;0
16079;4633;118;5;11.11;0
16080;4633;112;3;11.48;0
16081;4634;115;3;21.03;0
16082;4634;110;7;87.41;0
16083;4634;107;10;77.21;0
16084;4634;102;5;16.63;0
16085;4634;106;2;93.64;0
16086;4635;109;1;14.81;0
16087;4636;114;3;31.92;0
16088;4636;118;6;11.11;0
16089;4636;102;5;16.63;0
16090;4636;110;4;87.41;0
16091;4636;103;2;93.05;0
16092;4636;107;10;77.21;0
16093;4637;102;10;16.63;0
16094;4637;105;3;86.64;0
16095;4637;112;10;11.48;0
16096;4637;108;8;11.73;0
16097;4637;117;2;94.29;0
16098;4638;112;5;11.48;0
16099;4638;106;2;93.64;0
16100;4639;105;9;86.64;0
16101;4640;101;4;44.35;0
16102;4641;106;8;93.64;0
16103;4641;101;6;44.35;0
16104;4641;108;3;11.73;0
16105;4641;116;9;31.81;0
16106;4641;104;3;4.07;0
16107;4642;108;3;11.73;0
16108;4642;101;6;44.35;0
16109;4642;116;1;31.81;0
16110;4643;117;7;94.29;0
16111;4643;109;8;14.81;0
16112;4643;116;9;31.81;0
16113;4644;112;6;11.48;0
16114;4644;114;3;31.92;3
16115;4644;109;2;14.81;0
16116;4644;115;4;21.03;0
16117;4644;113;9;85.64;0
16118;4644;117;8;94.29;0
16119;4645;117;6;94.29;0
16120;4645;102;5;16.63;0
16121;4646;108;2;11.73;0
16122;4647;101;4;44.35;0
16123;4647;106;6;93.64;0
16124;4647;105;10;86.64;0
16125;4647;110;10;87.41;0
16126;4648;104;3;4.07;0
16127;4648;110;9;87.41;0
16128;4649;106;6;93.64;0
16129;4650;117;9;94.29;0
16130;4650;107;10;77.21;0
16131;4650;105;1;86.64;0
16132;4650;116;6;31.81;0
16133;4650;109;9;14.81;2
16134;4651;112;2;11.48;0
16135;4651;117;7;94.29;0
16136;4651;111;1;34.02;0
16137;4652;107;10;77.21;0
16138;4653;116;6;31.81;0
16139;4653;106;2;93.64;0
16140;4653;117;2;94.29;0
16141;4654;110;3;87.41;0
16142;4654;111;3;34.02;0
16143;4655;112;1;11.48;0
16144;4655;103;6;93.05;0
16145;4655;106;10;93.64;0
16146;4655;108;9;11.73;0
16147;4655;104;6;4.07;0
16148;4655;102;5;16.63;0
16149;4656;109;10;14.81;0
16150;4656;115;9;21.03;0
16151;4657;117;8;94.29;0
16152;4657;101;9;44.35;0
16153;4657;118;2;11.11;0
16154;4657;112;3;11.48;0
16155;4657;113;10;85.64;0
16156;4657;106;8;93.64;0
16157;4658;105;4;86.64;0
16158;4658;103;5;93.05;0
16159;4658;110;3;87.41;0
16160;4658;115;2;21.03;0
16161;4658;117;6;94.29;0
16162;4659;107;2;77.21;0
16163;4659;117;7;94.29;0
16164;4659;101;4;44.35;0
16165;4660;102;7;16.63;1
16166;4660;103;3;93.05;1
16167;4661;112;1;11.48;0
16168;4661;103;1;93.05;0
16169;4661;110;9;87.41;0
16170;4661;108;2;11.73;0
16171;4661;109;8;14.81;0
16172;4661;118;9;11.11;0
16173;4662;101;5;44.35;0
16174;4662;109;4;14.81;0
16175;4662;116;7;31.81;0
16176;4662;115;2;21.03;0
16177;4662;103;2;93.05;0
16178;4663;111;1;34.02;0
16179;4663;118;5;11.11;0
16180;4663;112;8;11.48;0
16181;4663;105;5;86.64;0
16182;4663;114;5;31.92;0
16183;4663;115;3;21.03;0
16184;4664;109;2;14.81;0
16185;4664;103;4;93.05;0
16186;4664;108;8;11.73;6
16187;4664;115;2;21.03;0
16188;4664;112;2;11.48;0
16189;4664;107;5;77.21;0
16190;4665;106;4;93.64;0
16191;4665;111;5;34.02;0
16192;4665;101;6;44.35;0
16193;4665;110;3;87.41;0
16194;4665;113;8;85.64;0
16195;4666;106;5;93.64;0
16196;4666;118;8;11.11;0
16197;4666;114;1;31.92;1
16198;4666;117;10;94.29;0
16199;4666;104;4;4.07;0
16200;4666;107;1;77.21;0
16201;4667;102;1;16.63;0
16202;4667;111;4;34.02;0
16203;4668;113;9;85.64;0
16204;4668;117;4;94.29;0
16205;4668;111;3;34.02;0
16206;4668;114;9;31.92;0
16207;4669;109;2;14.81;0
16208;4669;113;2;85.64;0
16209;4669;117;9;94.29;0
16210;4669;112;6;11.48;0
16211;4669;101;1;44.35;0
16212;4670;107;3;77.21;0
16213;4670;104;3;4.07;0
16214;4670;103;10;93.05;0
16215;4670;113;10;85.64;0
16216;4670;102;8;16.63;0
16217;4670;114;2;31.92;0
16218;4671;114;8;31.92;0
16219;4671;112;2;11.48;0
16220;4671;115;3;21.03;0
16221;4672;115;1;21.03;0
16222;4672;113;6;85.64;0
16223;4672;109;7;14.81;0
16224;4673;117;6;94.29;0
16225;4673;115;6;21.03;6
16226;4673;104;7;4.07;0
16227;4673;101;7;44.35;0
16228;4673;109;2;14.81;0
16229;4674;114;1;31.92;0
16230;4674;104;3;4.07;0
16231;4674;102;9;16.63;0
16232;4674;105;10;86.64;0
16233;4675;109;2;14.81;0
16234;4675;103;6;93.05;0
16235;4675;105;3;86.64;0
16236;4675;113;8;85.64;0
16237;4675;101;9;44.35;0
16238;4676;103;9;93.05;2
16239;4676;107;2;77.21;0
16240;4676;110;8;87.41;0
16241;4676;108;6;11.73;0
16242;4676;106;9;93.64;0
16243;4676;116;3;31.81;0
16244;4677;105;8;86.64;0
16245;4678;105;9;86.64;0
16246;4678;112;7;11.48;0
16247;4679;113;1;85.64;0
16248;4679;114;8;31.92;0
16249;4679;103;2;93.05;0
16250;4680;106;4;93.64;0
16251;4681;111;6;34.02;0
16252;4681;106;2;93.64;0
16253;4682;111;9;34.02;0
16254;4682;118;5;11.11;0
16255;4682;114;8;31.92;6
16256;4682;107;8;77.21;0
16257;4682;109;8;14.81;0
16258;4682;110;5;87.41;0
16259;4683;112;1;11.48;0
16260;4683;114;10;31.92;3
16261;4683;117;1;94.29;0
16262;4684;118;1;11.11;0
16263;4684;102;5;16.63;0
16264;4684;101;9;44.35;0
16265;4685;107;6;77.21;0
16266;4685;108;1;11.73;0
16267;4686;103;8;93.05;0
16268;4686;117;5;94.29;0
16269;4686;108;6;11.73;0
16270;4686;104;10;4.07;0
16271;4686;115;8;21.03;0
16272;4687;108;7;11.73;0
16273;4687;118;2;11.11;0
16274;4687;106;9;93.64;0
16275;4687;117;7;94.29;0
16276;4687;109;8;14.81;0
16277;4687;101;3;44.35;0
16278;4688;115;6;21.03;0
16279;4688;101;9;44.35;0
16280;4688;117;1;94.29;0
16281;4688;103;4;93.05;0
16282;4688;110;6;87.41;0
16283;4688;105;2;86.64;1
16284;4689;109;8;14.81;0
16285;4689;111;5;34.02;0
16286;4689;101;4;44.35;0
16287;4689;108;6;11.73;0
16288;4689;115;9;21.03;0
16289;4690;113;10;85.64;0
16290;4690;101;9;44.35;0
16291;4690;109;1;14.81;0
16292;4690;106;6;93.64;0
16293;4690;107;9;77.21;0
16294;4690;105;6;86.64;0
16295;4691;101;8;44.35;0
16296;4691;118;9;11.11;0
16297;4691;117;8;94.29;0
16298;4691;105;2;86.64;0
16299;4692;103;7;93.05;0
16300;4692;107;9;77.21;0
16301;4692;104;9;4.07;0
16302;4692;102;9;16.63;0
16303;4693;113;2;85.64;0
16304;4693;102;9;16.63;0
16305;4693;101;7;44.35;0
16306;4693;109;3;14.81;0
16307;4693;114;10;31.92;0
16308;4693;108;6;11.73;0
16309;4694;112;7;11.48;0
16310;4694;109;9;14.81;0
16311;4695;116;3;31.81;3
16312;4695;104;9;4.07;0
16313;4696;115;3;21.03;0
16314;4697;117;2;94.29;0
16315;4697;102;8;16.63;0
16316;4697;104;2;4.07;0
16317;4697;116;2;31.81;0
16318;4697;112;1;11.48;0
16319;4698;113;4;85.64;0
16320;4698;110;2;87.41;0
16321;4698;117;9;94.29;0
16322;4699;115;5;21.03;0
16323;4699;116;9;31.81;0
16324;4699;102;10;16.63;0
16325;4699;108;3;11.73;0
16326;4699;111;3;34.02;0
16327;4699;112;3;11.48;0
16328;4700;114;4;31.92;0
16329;4700;115;4;21.03;3
16330;4700;101;8;44.35;0
16331;4700;108;10;11.73;0
16332;4700;117;2;94.29;0
16333;4700;107;1;77.21;0
16334;4701;109;10;14.81;0
16335;4702;115;9;21.03;0
16336;4702;112;1;11.48;0
16337;4702;114;4;31.92;0
16338;4702;105;2;86.64;0
16339;4702;113;1;85.64;0
16340;4702;106;8;93.64;0
16341;4703;107;9;77.21;6
16342;4704;109;1;14.81;0
16343;4704;103;4;93.05;0
16344;4704;102;9;16.63;0
16345;4704;118;5;11.11;0
16346;4705;112;3;11.48;0
16347;4706;107;9;77.21;0
16348;4707;114;3;31.92;0
16349;4707;106;6;93.64;0
16350;4707;113;7;85.64;0
16351;4707;111;1;34.02;0
16352;4707;117;8;94.29;0
16353;4707;102;9;16.63;0
16354;4708;104;1;4.07;0
16355;4709;101;1;44.35;1
16356;4710;115;6;21.03;0
16357;4710;111;4;34.02;0
16358;4710;118;5;11.11;0
16359;4710;113;10;85.64;0
16360;4711;102;4;16.63;0
16361;4712;110;10;87.41;0
16362;4712;117;3;94.29;0
16363;4712;116;6;31.81;4
16364;4713;113;10;85.64;0
16365;4713;103;3;93.05;0
16366;4713;104;2;4.07;0
16367;4713;106;7;93.64;1
16368;4714;101;3;44.35;0
16369;4714;115;7;21.03;4
16370;4714;116;8;31.81;0
16371;4714;114;8;31.92;0
16372;4714;118;3;11.11;0
16373;4715;108;6;11.73;0
16374;4715;102;3;16.63;0
16375;4715;116;6;31.81;5
16376;4715;105;3;86.64;0
16377;4715;109;9;14.81;0
16378;4715;117;10;94.29;0
16379;4716;112;8;11.48;0
16380;4716;117;4;94.29;0
16381;4717;111;7;34.02;0
16382;4717;105;9;86.64;0
16383;4717;101;1;44.35;1
16384;4717;103;2;93.05;0
16385;4717;110;1;87.41;0
16386;4717;106;3;93.64;0
16387;4718;102;3;16.63;0
16388;4718;103;6;93.05;0
16389;4718;111;8;34.02;0
16390;4718;108;5;11.73;0
16391;4718;107;10;77.21;0
16392;4719;106;9;93.64;0
16393;4719;107;10;77.21;0
16394;4719;108;7;11.73;0
16395;4719;112;3;11.48;0
16396;4720;117;6;94.29;0
16397;4720;107;7;77.21;0
16398;4720;113;5;85.64;0
16399;4721;104;7;4.07;0
16400;4722;108;2;11.73;0
16401;4722;114;7;31.92;0
16402;4722;109;3;14.81;0
16403;4723;106;4;93.64;0
16404;4723;104;5;4.07;0
16405;4723;111;6;34.02;0
16406;4724;117;2;94.29;0
16407;4724;115;9;21.03;0
16408;4724;112;9;11.48;0
16409;4724;103;10;93.05;0
16410;4724;104;10;4.07;0
16411;4725;110;2;87.41;0
16412;4726;106;7;93.64;0
16413;4727;101;6;44.35;0
16414;4727;114;8;31.92;0
16415;4727;113;6;85.64;0
16416;4727;105;2;86.64;0
16417;4728;113;2;85.64;0
16418;4728;103;8;93.05;0
16419;4728;109;6;14.81;0
16420;4729;111;10;34.02;0
16421;4729;103;5;93.05;0
16422;4729;102;7;16.63;0
16423;4729;110;2;87.41;0
16424;4729;115;2;21.03;0
16425;4729;104;2;4.07;0
16426;4730;110;10;87.41;0
16427;4730;112;2;11.48;0
16428;4731;109;5;14.81;0
16429;4731;115;10;21.03;8
16430;4731;108;8;11.73;0
16431;4731;103;10;93.05;0
16432;4732;113;4;85.64;0
16433;4732;103;6;93.05;0
16434;4732;117;4;94.29;0
16435;4732;114;1;31.92;0
16436;4732;110;7;87.41;0
16437;4732;101;5;44.35;0
16438;4733;114;2;31.92;0
16439;4734;105;1;86.64;0
16440;4734;111;5;34.02;0
16441;4734;112;1;11.48;0
16442;4734;110;4;87.41;0
16443;4735;106;9;93.64;0
16444;4735;113;4;85.64;0
16445;4735;117;5;94.29;0
16446;4736;118;6;11.11;5
16447;4736;102;4;16.63;0
16448;4736;111;9;34.02;0
16449;4736;103;9;93.05;0
16450;4736;114;9;31.92;0
16451;4737;113;3;85.64;0
16452;4737;110;3;87.41;0
16453;4738;116;10;31.81;0
16454;4739;110;7;87.41;0
16455;4739;113;3;85.64;0
16456;4739;111;8;34.02;0
16457;4739;102;8;16.63;0
16458;4739;108;10;11.73;0
16459;4739;114;6;31.92;0
16460;4740;115;3;21.03;0
16461;4741;105;3;86.64;0
16462;4741;103;5;93.05;0
16463;4741;110;10;87.41;0
16464;4741;111;1;34.02;0
16465;4741;116;10;31.81;0
16466;4741;104;2;4.07;0
16467;4742;115;1;21.03;0
16468;4743;112;1;11.48;0
16469;4744;107;6;77.21;0
16470;4745;102;10;16.63;0
16471;4745;116;6;31.81;0
16472;4745;106;4;93.64;0
16473;4745;108;5;11.73;0
16474;4745;107;9;77.21;9
16475;4745;117;1;94.29;0
16476;4746;108;2;11.73;0
16477;4746;116;8;31.81;0
16478;4746;110;9;87.41;0
16479;4746;112;6;11.48;0
16480;4747;116;3;31.81;0
16481;4747;113;5;85.64;0
16482;4747;118;7;11.11;0
16483;4747;108;5;11.73;0
16484;4748;112;2;11.48;0
16485;4748;114;10;31.92;0
16486;4748;102;5;16.63;0
16487;4748;108;1;11.73;0
16488;4748;110;2;87.41;0
16489;4748;103;8;93.05;0
16490;4749;106;6;93.64;0
16491;4749;118;8;11.11;0
16492;4749;109;3;14.81;0
16493;4749;110;6;87.41;2
16494;4750;111;5;34.02;0
16495;4750;102;4;16.63;0
16496;4750;101;4;44.35;0
16497;4751;113;1;85.64;0
16498;4751;104;9;4.07;0
16499;4751;109;1;14.81;0
16500;4751;102;10;16.63;0
16501;4751;103;8;93.05;0
16502;4751;114;10;31.92;0
16503;4752;112;3;11.48;0
16504;4752;106;9;93.64;0
16505;4752;111;9;34.02;0
16506;4752;103;4;93.05;0
16507;4753;106;3;93.64;0
16508;4753;107;5;77.21;0
16509;4753;112;10;11.48;0
16510;4753;102;2;16.63;0
16511;4753;117;7;94.29;0
16512;4754;103;10;93.05;0
16513;4754;117;1;94.29;0
16514;4754;102;4;16.63;0
16515;4754;104;7;4.07;0
16516;4755;103;7;93.05;0
16517;4755;105;6;86.64;0
16518;4756;114;5;31.92;0
16519;4756;117;2;94.29;0
16520;4756;108;3;11.73;0
16521;4756;112;8;11.48;0
16522;4756;107;1;77.21;0
16523;4757;115;1;21.03;0
16524;4757;104;6;4.07;0
16525;4757;102;7;16.63;0
16526;4757;111;8;34.02;0
16527;4758;103;8;93.05;0
16528;4758;101;8;44.35;0
16529;4758;105;5;86.64;0
16530;4758;109;3;14.81;0
16531;4759;111;8;34.02;0
16532;4759;113;3;85.64;0
16533;4759;107;10;77.21;0
16534;4759;118;1;11.11;0
16535;4759;103;7;93.05;0
16536;4760;117;10;94.29;0
16537;4760;113;5;85.64;0
16538;4760;114;3;31.92;0
16539;4760;109;5;14.81;0
16540;4760;116;9;31.81;0
16541;4761;113;5;85.64;0
16542;4762;106;1;93.64;0
16543;4762;104;1;4.07;0
16544;4763;103;5;93.05;0
16545;4763;115;4;21.03;0
16546;4763;102;9;16.63;0
16547;4763;116;8;31.81;0
16548;4763;104;3;4.07;0
16549;4764;114;5;31.92;0
16550;4764;102;1;16.63;0
16551;4764;112;4;11.48;0
16552;4764;109;6;14.81;0
16553;4764;107;9;77.21;0
16554;4764;118;9;11.11;0
16555;4765;112;3;11.48;0
16556;4765;113;8;85.64;0
16557;4765;116;2;31.81;0
16558;4766;112;3;11.48;0
16559;4767;114;9;31.92;3
16560;4767;103;2;93.05;0
16561;4767;104;4;4.07;0
16562;4767;106;6;93.64;0
16563;4767;115;4;21.03;0
16564;4768;110;10;87.41;0
16565;4768;117;10;94.29;0
16566;4768;107;7;77.21;2
16567;4768;114;3;31.92;0
16568;4768;108;8;11.73;0
16569;4768;104;1;4.07;0
16570;4769;111;5;34.02;1
16571;4769;110;2;87.41;0
16572;4769;116;9;31.81;0
16573;4769;107;2;77.21;0
16574;4770;114;7;31.92;0
16575;4770;116;10;31.81;0
16576;4770;118;1;11.11;0
16577;4770;112;1;11.48;0
16578;4770;109;1;14.81;0
16579;4770;105;8;86.64;0
16580;4771;110;8;87.41;0
16581;4771;106;7;93.64;0
16582;4771;115;2;21.03;0
16583;4771;104;3;4.07;0
16584;4771;116;7;31.81;0
16585;4771;111;4;34.02;0
16586;4772;110;10;87.41;0
16587;4772;113;2;85.64;0
16588;4772;118;7;11.11;0
16589;4773;112;8;11.48;0
16590;4773;115;5;21.03;0
16591;4773;105;9;86.64;0
16592;4773;113;2;85.64;0
16593;4773;103;3;93.05;0
16594;4774;109;7;14.81;0
16595;4775;114;10;31.92;0
16596;4775;101;4;44.35;0
16597;4776;116;5;31.81;0
16598;4776;110;6;87.41;0
16599;4776;115;8;21.03;0
16600;4777;110;4;87.41;0
16601;4777;108;6;11.73;0
16602;4777;111;7;34.02;0
16603;4777;113;1;85.64;0
16604;4777;107;4;77.21;0
16605;4778;115;6;21.03;0
16606;4778;111;9;34.02;0
16607;4778;101;2;44.35;0
16608;4778;113;10;85.64;0
16609;4778;105;3;86.64;0
16610;4779;111;3;34.02;0
16611;4780;105;8;86.64;0
16612;4781;113;10;85.64;0
16613;4782;113;1;85.64;0
16614;4783;115;8;21.03;0
16615;4784;104;10;4.07;0
16616;4785;109;7;14.81;0
16617;4785;118;10;11.11;0
16618;4786;114;2;31.92;0
16619;4787;116;3;31.81;0
16620;4787;113;9;85.64;0
16621;4787;110;3;87.41;0
16622;4788;103;8;93.05;0
16623;4788;108;2;11.73;0
16624;4788;110;8;87.41;0
16625;4788;101;10;44.35;0
16626;4788;107;4;77.21;0
16627;4788;112;5;11.48;0
16628;4789;114;10;31.92;0
16629;4790;107;1;77.21;0
16630;4790;105;10;86.64;0
16631;4790;104;8;4.07;0
16632;4790;102;4;16.63;0
16633;4790;103;4;93.05;1
16634;4790;101;6;44.35;0
16635;4791;104;4;4.07;0
16636;4791;112;4;11.48;0
16637;4791;118;4;11.11;0
16638;4791;105;6;86.64;0
16639;4791;109;1;14.81;0
16640;4792;104;8;4.07;0
16641;4792;114;9;31.92;0
16642;4792;106;5;93.64;2
16643;4792;103;4;93.05;0
16644;4792;107;2;77.21;0
16645;4792;105;2;86.64;0
16646;4793;102;10;16.63;0
16647;4793;103;5;93.05;1
16648;4794;112;9;11.48;0
16649;4794;115;1;21.03;0
16650;4794;110;6;87.41;0
16651;4794;111;7;34.02;0
16652;4794;109;1;14.81;0
16653;4794;114;3;31.92;0
16654;4795;118;2;11.11;0
16655;4795;102;6;16.63;0
16656;4796;105;2;86.64;0
16657;4796;110;2;87.41;0
16658;4796;104;9;4.07;0
16659;4796;113;6;85.64;0
16660;4796;101;7;44.35;0
16661;4796;109;6;14.81;0
16662;4797;101;8;44.35;7
16663;4798;116;1;31.81;0
16664;4798;103;9;93.05;0
16665;4798;105;3;86.64;0
16666;4798;101;4;44.35;0
16667;4798;106;2;93.64;0
16668;4799;111;7;34.02;0
16669;4799;103;2;93.05;0
16670;4799;107;7;77.21;0
16671;4799;116;10;31.81;0
16672;4800;104;4;4.07;0
16673;4800;102;4;16.63;0
16674;4800;115;4;21.03;2
16675;4801;112;1;11.48;0
16676;4801;115;2;21.03;0
16677;4801;111;10;34.02;0
16678;4802;105;7;86.64;0
16679;4802;102;7;16.63;0
16680;4803;104;2;4.07;0
16681;4803;110;3;87.41;0
16682;4803;102;5;16.63;0
16683;4803;103;4;93.05;0
16684;4803;111;1;34.02;0
16685;4803;105;1;86.64;0
16686;4804;101;6;44.35;0
16687;4804;116;3;31.81;0
16688;4804;111;10;34.02;0
16689;4804;109;3;14.81;0
16690;4804;115;1;21.03;0
16691;4804;118;3;11.11;0
16692;4805;107;4;77.21;0
16693;4805;102;6;16.63;0
16694;4805;114;9;31.92;0
16695;4805;118;3;11.11;0
16696;4806;108;9;11.73;0
16697;4806;107;7;77.21;0
16698;4806;104;3;4.07;0
16699;4806;101;6;44.35;0
16700;4807;101;2;44.35;0
16701;4807;117;9;94.29;0
16702;4807;102;10;16.63;0
16703;4807;114;10;31.92;0
16704;4807;105;8;86.64;0
16705;4808;102;1;16.63;0
16706;4808;101;7;44.35;0
16707;4808;116;6;31.81;0
16708;4808;117;3;94.29;0
16709;4809;105;8;86.64;0
16710;4809;109;8;14.81;0
16711;4809;102;8;16.63;0
16712;4809;111;6;34.02;0
16713;4809;110;10;87.41;0
16714;4810;115;8;21.03;0
16715;4811;101;6;44.35;0
16716;4811;117;7;94.29;0
16717;4811;118;7;11.11;0
16718;4811;110;5;87.41;0
16719;4811;113;8;85.64;0
16720;4812;105;9;86.64;0
16721;4812;113;7;85.64;0
16722;4812;101;8;44.35;0
16723;4812;110;6;87.41;0
16724;4812;115;4;21.03;0
16725;4813;107;4;77.21;0
16726;4813;106;4;93.64;0
16727;4813;111;7;34.02;0
16728;4813;118;10;11.11;0
16729;4813;116;5;31.81;0
16730;4814;116;3;31.81;0
16731;4814;107;6;77.21;0
16732;4814;118;5;11.11;0
16733;4814;111;6;34.02;0
16734;4814;112;8;11.48;0
16735;4814;114;4;31.92;0
16736;4815;105;3;86.64;0
16737;4815;118;6;11.11;0
16738;4816;118;10;11.11;0
16739;4816;115;6;21.03;3
16740;4816;106;8;93.64;0
16741;4817;112;9;11.48;0
16742;4817;104;9;4.07;0
16743;4817;105;1;86.64;0
16744;4818;111;7;34.02;3
16745;4818;114;2;31.92;0
16746;4819;111;7;34.02;0
16747;4819;102;8;16.63;0
16748;4819;115;9;21.03;0
16749;4820;116;8;31.81;0
16750;4820;106;5;93.64;0
16751;4820;117;7;94.29;0
16752;4820;110;4;87.41;0
16753;4821;102;6;16.63;0
16754;4821;112;10;11.48;0
16755;4821;103;2;93.05;0
16756;4822;117;6;94.29;0
16757;4822;118;4;11.11;0
16758;4823;106;3;93.64;0
16759;4823;114;10;31.92;0
16760;4823;107;8;77.21;0
16761;4823;105;2;86.64;0
16762;4823;108;10;11.73;0
16763;4823;113;7;85.64;0
16764;4824;101;2;44.35;0
16765;4824;105;10;86.64;0
16766;4824;108;1;11.73;0
16767;4824;116;10;31.81;0
16768;4825;114;5;31.92;0
16769;4826;114;6;31.92;0
16770;4826;113;8;85.64;0
16771;4826;104;2;4.07;0
16772;4826;107;1;77.21;0
16773;4827;115;10;21.03;0
16774;4827;106;7;93.64;0
16775;4827;113;5;85.64;0
16776;4828;108;10;11.73;0
16777;4828;112;1;11.48;0
16778;4828;104;9;4.07;0
16779;4829;103;8;93.05;0
16780;4829;114;2;31.92;0
16781;4829;115;9;21.03;0
16782;4830;112;3;11.48;0
16783;4830;106;9;93.64;0
16784;4830;111;3;34.02;0
16785;4830;101;5;44.35;0
16786;4830;107;3;77.21;0
16787;4831;113;3;85.64;0
16788;4831;104;6;4.07;0
16789;4831;111;2;34.02;1
16790;4831;114;2;31.92;0
16791;4831;105;2;86.64;0
16792;4831;118;1;11.11;0
16793;4832;106;3;93.64;0
16794;4832;104;9;4.07;0
16795;4832;116;5;31.81;0
16796;4832;112;6;11.48;0
16797;4832;111;8;34.02;0
16798;4833;106;8;93.64;0
16799;4833;113;4;85.64;0
16800;4833;116;9;31.81;0
16801;4833;104;2;4.07;0
16802;4833;101;9;44.35;0
16803;4833;109;8;14.81;0
16804;4834;110;5;87.41;0
16805;4835;105;2;86.64;0
16806;4835;109;2;14.81;0
16807;4835;114;10;31.92;0
16808;4836;118;4;11.11;0
16809;4836;115;8;21.03;0
16810;4837;109;2;14.81;0
16811;4838;108;4;11.73;0
16812;4838;113;6;85.64;0
16813;4838;110;7;87.41;0
16814;4838;118;2;11.11;0
16815;4838;117;8;94.29;0
16816;4839;117;9;94.29;6
16817;4839;107;5;77.21;0
16818;4839;115;7;21.03;0
16819;4840;109;4;14.81;0
16820;4840;101;4;44.35;0
16821;4841;114;9;31.92;0
16822;4841;115;7;21.03;0
16823;4841;101;6;44.35;0
16824;4841;117;5;94.29;0
16825;4841;116;2;31.81;0
16826;4841;102;4;16.63;0
16827;4842;102;4;16.63;0
16828;4842;111;3;34.02;0
16829;4843;112;7;11.48;0
16830;4843;116;10;31.81;0
16831;4843;101;5;44.35;0
16832;4844;103;5;93.05;0
16833;4844;106;3;93.64;0
16834;4845;105;2;86.64;0
16835;4845;113;2;85.64;0
16836;4845;115;1;21.03;0
16837;4845;109;2;14.81;0
16838;4845;106;4;93.64;0
16839;4845;104;5;4.07;0
16840;4846;105;8;86.64;0
16841;4846;108;2;11.73;0
16842;4846;102;1;16.63;0
16843;4847;118;3;11.11;0
16844;4847;114;7;31.92;0
16845;4847;104;5;4.07;0
16846;4847;110;4;87.41;0
16847;4847;105;2;86.64;0
16848;4848;103;6;93.05;0
16849;4848;106;10;93.64;0
16850;4849;106;4;93.64;0
16851;4849;115;3;21.03;0
16852;4849;103;9;93.05;0
16853;4850;110;9;87.41;0
16854;4851;110;7;87.41;0
16855;4851;108;3;11.73;0
16856;4852;113;6;85.64;0
16857;4852;104;5;4.07;0
16858;4853;112;4;11.48;0
16859;4854;116;10;31.81;0
16860;4854;110;4;87.41;0
16861;4854;104;4;4.07;0
16862;4854;117;5;94.29;0
16863;4854;111;9;34.02;0
16864;4855;114;3;31.92;0
16865;4856;110;7;87.41;0
16866;4856;106;9;93.64;0
16867;4857;116;10;31.81;0
16868;4858;103;2;93.05;0
16869;4858;105;4;86.64;0
16870;4858;116;1;31.81;0
16871;4859;116;9;31.81;0
16872;4859;106;3;93.64;0
16873;4859;105;3;86.64;0
16874;4859;114;9;31.92;0
16875;4859;113;10;85.64;0
16876;4859;102;9;16.63;0
16877;4860;106;4;93.64;0
16878;4860;107;9;77.21;0
16879;4860;104;4;4.07;0
16880;4860;115;10;21.03;0
16881;4861;107;5;77.21;0
16882;4861;104;5;4.07;0
16883;4862;102;4;16.63;0
16884;4862;112;4;11.48;0
16885;4863;106;9;93.64;0
16886;4864;115;7;21.03;0
16887;4864;112;9;11.48;0
16888;4864;114;5;31.92;0
16889;4864;101;7;44.35;0
16890;4865;107;5;77.21;0
16891;4866;105;8;86.64;0
16892;4866;118;4;11.11;0
16893;4866;111;7;34.02;0
16894;4866;117;9;94.29;0
16895;4866;115;7;21.03;0
16896;4866;103;3;93.05;0
16897;4867;112;1;11.48;0
16898;4867;101;2;44.35;0
16899;4867;103;3;93.05;2
16900;4867;110;2;87.41;0
16901;4868;101;7;44.35;0
16902;4868;115;9;21.03;0
16903;4869;102;4;16.63;3
16904;4869;109;10;14.81;0
16905;4869;115;1;21.03;0
16906;4869;117;8;94.29;0
16907;4869;114;8;31.92;0
16908;4869;107;5;77.21;0
16909;4870;114;4;31.92;0
16910;4870;104;9;4.07;0
16911;4870;112;4;11.48;0
16912;4870;118;9;11.11;0
16913;4871;112;1;11.48;0
16914;4871;115;2;21.03;0
16915;4871;106;6;93.64;0
16916;4871;117;7;94.29;0
16917;4871;102;7;16.63;3
16918;4872;118;2;11.11;0
16919;4872;103;10;93.05;0
16920;4872;109;8;14.81;0
16921;4872;106;7;93.64;0
16922;4872;117;3;94.29;0
16923;4873;114;7;31.92;0
16924;4873;107;2;77.21;0
16925;4873;110;10;87.41;0
16926;4873;111;6;34.02;0
16927;4873;108;2;11.73;0
16928;4873;103;3;93.05;0
16929;4874;116;5;31.81;0
16930;4874;102;1;16.63;0
16931;4875;114;8;31.92;0
16932;4875;104;6;4.07;0
16933;4875;118;6;11.11;0
16934;4875;101;10;44.35;0
16935;4875;115;1;21.03;0
16936;4876;116;10;31.81;0
16937;4876;109;7;14.81;0
16938;4876;110;4;87.41;0
16939;4876;102;2;16.63;0
16940;4876;114;1;31.92;0
16941;4877;115;5;21.03;0
16942;4877;109;6;14.81;0
16943;4878;103;7;93.05;0
16944;4878;112;7;11.48;0
16945;4878;106;2;93.64;0
16946;4878;118;2;11.11;0
16947;4878;115;8;21.03;0
16948;4878;105;3;86.64;0
16949;4879;109;1;14.81;0
16950;4879;102;7;16.63;0
16951;4880;102;8;16.63;0
16952;4880;113;1;85.64;0
16953;4880;104;6;4.07;0
16954;4880;103;9;93.05;0
16955;4880;105;4;86.64;0
16956;4881;109;6;14.81;0
16957;4881;118;10;11.11;0
16958;4881;111;9;34.02;0
16959;4881;108;3;11.73;0
16960;4881;116;5;31.81;5
16961;4882;110;3;87.41;0
16962;4882;102;8;16.63;0
16963;4882;111;10;34.02;0
16964;4882;112;8;11.48;0
16965;4882;117;1;94.29;0
16966;4883;113;9;85.64;0
16967;4883;112;2;11.48;0
16968;4884;113;10;85.64;0
16969;4884;109;7;14.81;0
16970;4884;116;6;31.81;0
16971;4885;108;6;11.73;0
16972;4885;105;8;86.64;0
16973;4886;116;6;31.81;0
16974;4887;118;6;11.11;0
16975;4887;105;1;86.64;0
16976;4887;107;5;77.21;0
16977;4887;101;9;44.35;0
16978;4888;115;4;21.03;0
16979;4888;117;5;94.29;0
16980;4888;109;6;14.81;0
16981;4888;110;7;87.41;0
16982;4888;118;4;11.11;0
16983;4889;101;9;44.35;0
16984;4889;113;2;85.64;0
16985;4890;109;3;14.81;0
16986;4890;117;8;94.29;0
16987;4890;102;9;16.63;0
16988;4890;116;5;31.81;0
16989;4890;112;2;11.48;0
16990;4891;106;3;93.64;0
16991;4891;114;8;31.92;0
16992;4891;101;3;44.35;0
16993;4891;116;10;31.81;0
16994;4892;109;8;14.81;0
16995;4892;110;3;87.41;0
16996;4892;112;4;11.48;0
16997;4892;108;1;11.73;0
16998;4893;110;4;87.41;0
16999;4893;116;3;31.81;0
17000;4893;105;3;86.64;0
17001;4893;111;6;34.02;0
17002;4893;104;9;4.07;0
17003;4894;102;7;16.63;0
17004;4894;104;9;4.07;0
17005;4894;101;9;44.35;0
17006;4894;107;7;77.21;0
17007;4894;114;1;31.92;0
17008;4894;109;4;14.81;0
17009;4895;101;4;44.35;0
17010;4895;117;3;94.29;0
17011;4895;109;9;14.81;0
17012;4895;104;10;4.07;0
17013;4895;112;6;11.48;0
17014;4896;118;8;11.11;0
17015;4896;111;9;34.02;0
17016;4896;105;7;86.64;0
17017;4897;113;6;85.64;0
17018;4897;106;1;93.64;0
17019;4897;102;1;16.63;1
17020;4897;118;4;11.11;0
17021;4897;103;2;93.05;0
17022;4898;110;4;87.41;0
17023;4898;118;9;11.11;0
17024;4898;116;10;31.81;0
17025;4898;106;4;93.64;0
17026;4898;117;1;94.29;0
17027;4898;102;1;16.63;0
17028;4899;102;8;16.63;0
17029;4900;108;7;11.73;0
17030;4900;110;10;87.41;0
17031;4900;107;7;77.21;0
17032;4901;112;9;11.48;0
17033;4901;110;4;87.41;0
17034;4902;118;7;11.11;0
17035;4902;109;3;14.81;0
17036;4903;106;9;93.64;0
17037;4904;110;4;87.41;0
17038;4904;102;3;16.63;0
17039;4905;115;7;21.03;0
17040;4905;112;6;11.48;0
17041;4905;101;1;44.35;0
17042;4905;118;7;11.11;0
17043;4905;104;5;4.07;0
17044;4906;116;8;31.81;0
17045;4906;118;10;11.11;0
17046;4906;104;2;4.07;0
17047;4907;106;7;93.64;0
17048;4907;115;6;21.03;0
17049;4907;110;6;87.41;0
17050;4907;107;9;77.21;0
17051;4907;102;4;16.63;0
17052;4908;116;1;31.81;1
17053;4908;106;2;93.64;0
17054;4908;110;5;87.41;0
17055;4908;112;3;11.48;0
17056;4908;104;9;4.07;9
17057;4908;115;8;21.03;0
17058;4909;114;6;31.92;0
17059;4909;107;6;77.21;0
17060;4909;102;2;16.63;0
17061;4909;101;8;44.35;0
17062;4910;111;8;34.02;0
17063;4910;103;7;93.05;0
17064;4910;112;6;11.48;0
17065;4910;106;10;93.64;0
17066;4910;104;8;4.07;0
17067;4910;115;6;21.03;0
17068;4911;105;6;86.64;0
17069;4911;110;9;87.41;0
17070;4911;108;2;11.73;0
17071;4911;106;5;93.64;0
17072;4912;109;10;14.81;0
17073;4913;102;9;16.63;0
17074;4913;113;1;85.64;0
17075;4914;111;1;34.02;0
17076;4914;115;1;21.03;0
17077;4914;113;7;85.64;0
17078;4914;110;6;87.41;1
17079;4915;110;2;87.41;0
17080;4915;102;5;16.63;0
17081;4915;103;4;93.05;0
17082;4916;115;2;21.03;0
17083;4916;118;8;11.11;0
17084;4916;104;1;4.07;0
17085;4917;106;9;93.64;0
17086;4917;101;1;44.35;0
17087;4918;115;8;21.03;0
17088;4918;108;4;11.73;0
17089;4918;102;8;16.63;2
17090;4918;116;10;31.81;0
17091;4918;109;10;14.81;0
17092;4919;105;6;86.64;0
17093;4919;113;3;85.64;2
17094;4919;116;10;31.81;0
17095;4919;104;8;4.07;0
17096;4920;117;6;94.29;0
17097;4920;103;8;93.05;0
17098;4920;105;3;86.64;0
17099;4921;117;10;94.29;0
17100;4921;102;6;16.63;3
17101;4921;109;10;14.81;0
17102;4921;118;2;11.11;0
17103;4922;118;1;11.11;0
17104;4922;104;7;4.07;0
17105;4922;108;2;11.73;0
17106;4922;105;2;86.64;0
17107;4922;103;1;93.05;0
17108;4922;112;4;11.48;0
17109;4923;104;3;4.07;0
17110;4923;118;4;11.11;0
17111;4923;109;6;14.81;0
17112;4924;110;9;87.41;6
17113;4924;115;10;21.03;0
17114;4924;109;2;14.81;1
17115;4924;116;4;31.81;0
17116;4925;105;8;86.64;0
17117;4926;106;10;93.64;0
17118;4926;118;5;11.11;0
17119;4926;104;7;4.07;0
17120;4926;116;2;31.81;0
17121;4926;114;5;31.92;0
17122;4927;118;6;11.11;0
17123;4928;114;10;31.92;0
17124;4928;113;7;85.64;0
17125;4928;104;1;4.07;0
17126;4928;118;9;11.11;0
17127;4929;111;8;34.02;0
17128;4929;117;6;94.29;0
17129;4929;115;7;21.03;0
17130;4930;112;7;11.48;0
17131;4931;108;1;11.73;0
17132;4931;112;5;11.48;0
17133;4932;102;6;16.63;2
17134;4932;114;7;31.92;0
17135;4932;118;1;11.11;0
17136;4932;106;2;93.64;0
17137;4933;112;1;11.48;0
17138;4934;102;5;16.63;5
17139;4934;116;6;31.81;0
17140;4934;113;2;85.64;0
17141;4934;117;4;94.29;0
17142;4934;106;10;93.64;0
17143;4934;110;5;87.41;0
17144;4935;114;5;31.92;0
17145;4935;116;6;31.81;0
17146;4936;118;7;11.11;0
17147;4937;111;6;34.02;0
17148;4937;103;2;93.05;0
17149;4937;113;3;85.64;0
17150;4937;117;3;94.29;0
17151;4937;108;7;11.73;0
17152;4937;115;2;21.03;0
17153;4938;115;7;21.03;0
17154;4938;113;4;85.64;0
17155;4938;104;6;4.07;0
17156;4938;102;1;16.63;0
17157;4939;116;10;31.81;0
17158;4939;105;4;86.64;0
17159;4939;112;5;11.48;0
17160;4939;107;2;77.21;0
17161;4940;111;1;34.02;0
17162;4940;107;7;77.21;0
17163;4940;115;8;21.03;0
17164;4940;112;10;11.48;0
17165;4940;113;10;85.64;0
17166;4941;112;6;11.48;0
17167;4941;101;8;44.35;0
17168;4941;111;9;34.02;0
17169;4942;111;7;34.02;0
17170;4942;109;3;14.81;0
17171;4943;105;6;86.64;0
17172;4944;108;2;11.73;0
17173;4944;102;4;16.63;0
17174;4944;116;7;31.81;0
17175;4945;102;3;16.63;0
17176;4945;117;7;94.29;0
17177;4945;108;3;11.73;1
17178;4946;113;8;85.64;7
17179;4947;102;2;16.63;0
17180;4947;113;7;85.64;0
17181;4948;101;8;44.35;0
17182;4948;118;3;11.11;3
17183;4948;109;5;14.81;0
17184;4948;106;8;93.64;0
17185;4948;107;4;77.21;0
17186;4949;103;8;93.05;0
17187;4949;110;6;87.41;0
17188;4949;115;2;21.03;0
17189;4949;112;10;11.48;0
17190;4949;105;3;86.64;0
17191;4950;118;6;11.11;0
17192;4950;115;7;21.03;0
17193;4951;107;4;77.21;0
17194;4952;118;2;11.11;0
17195;4952;117;8;94.29;0
17196;4952;106;4;93.64;0
17197;4952;104;4;4.07;0
17198;4953;116;7;31.81;0
17199;4954;112;6;11.48;0
17200;4954;111;1;34.02;0
17201;4954;102;10;16.63;0
17202;4954;113;4;85.64;0
17203;4955;106;10;93.64;0
17204;4955;102;6;16.63;0
17205;4955;117;2;94.29;0
17206;4956;113;10;85.64;0
17207;4957;102;3;16.63;0
17208;4957;107;5;77.21;0
17209;4957;110;8;87.41;0
17210;4957;118;10;11.11;0
17211;4958;113;6;85.64;0
17212;4958;105;3;86.64;2
17213;4959;105;8;86.64;0
17214;4959;118;7;11.11;0
17215;4959;108;8;11.73;0
17216;4959;116;2;31.81;0
17217;4959;106;10;93.64;0
17218;4960;112;4;11.48;0
17219;4960;118;2;11.11;1
17220;4961;106;2;93.64;0
17221;4961;113;3;85.64;0
17222;4961;117;9;94.29;0
17223;4961;114;7;31.92;0
17224;4961;101;9;44.35;0
17225;4961;105;7;86.64;0
17226;4962;102;6;16.63;0
17227;4962;101;10;44.35;0
17228;4962;112;4;11.48;0
17229;4962;111;6;34.02;0
17230;4963;113;1;85.64;0
17231;4964;114;1;31.92;0
17232;4964;101;9;44.35;0
17233;4964;106;9;93.64;0
17234;4964;117;9;94.29;0
17235;4964;109;10;14.81;0
17236;4964;107;10;77.21;0
17237;4965;112;5;11.48;0
17238;4965;109;9;14.81;0
17239;4965;103;1;93.05;0
17240;4965;115;3;21.03;0
17241;4966;115;9;21.03;0
17242;4967;117;5;94.29;0
17243;4967;108;1;11.73;0
17244;4967;104;2;4.07;0
17245;4967;106;10;93.64;0
17246;4967;114;6;31.92;0
17247;4967;115;10;21.03;0
17248;4968;113;10;85.64;0
17249;4969;110;2;87.41;0
17250;4969;108;2;11.73;0
17251;4969;115;10;21.03;0
17252;4969;102;9;16.63;0
17253;4969;105;9;86.64;0
17254;4970;109;10;14.81;1
17255;4970;102;9;16.63;0
17256;4970;108;2;11.73;0
17257;4970;104;9;4.07;0
17258;4971;111;9;34.02;0
17259;4971;105;2;86.64;0
17260;4971;112;8;11.48;0
17261;4971;117;6;94.29;0
17262;4971;103;5;93.05;0
17263;4972;105;9;86.64;0
17264;4972;113;10;85.64;0
17265;4972;112;2;11.48;0
17266;4972;116;1;31.81;0
17267;4973;105;7;86.64;0
17268;4973;113;4;85.64;0
17269;4973;102;8;16.63;0
17270;4973;106;7;93.64;0
17271;4973;104;10;4.07;0
17272;4973;101;4;44.35;0
17273;4974;117;2;94.29;0
17274;4974;116;3;31.81;0
17275;4974;118;4;11.11;0
17276;4974;110;9;87.41;0
17277;4974;114;1;31.92;0
17278;4974;101;3;44.35;0
17279;4975;115;6;21.03;0
17280;4975;111;2;34.02;0
17281;4976;103;3;93.05;0
17282;4977;108;1;11.73;0
17283;4977;111;10;34.02;0
17284;4978;105;6;86.64;0
17285;4978;103;9;93.05;0
17286;4978;102;4;16.63;0
17287;4978;114;9;31.92;0
17288;4978;118;1;11.11;1
17289;4979;116;6;31.81;0
17290;4979;118;1;11.11;0
17291;4980;117;5;94.29;0
17292;4981;102;1;16.63;0
17293;4981;108;5;11.73;0
17294;4981;107;2;77.21;0
17295;4981;111;7;34.02;0
17296;4981;109;10;14.81;0
17297;4982;110;3;87.41;0
17298;4983;102;1;16.63;0
17299;4983;115;5;21.03;0
17300;4983;109;2;14.81;0
17301;4983;105;5;86.64;0
17302;4983;118;5;11.11;0
17303;4983;106;5;93.64;0
17304;4984;112;5;11.48;0
17305;4984;111;5;34.02;0
17306;4984;117;10;94.29;0
17307;4984;104;2;4.07;0
17308;4984;118;5;11.11;0
17309;4985;117;9;94.29;0
17310;4985;108;4;11.73;0
17311;4985;114;3;31.92;0
17312;4986;116;9;31.81;4
17313;4986;115;3;21.03;0
17314;4986;106;4;93.64;0
17315;4986;105;4;86.64;0
17316;4986;102;10;16.63;0
17317;4986;112;4;11.48;0
17318;4987;114;5;31.92;0
17319;4987;103;5;93.05;0
17320;4987;109;6;14.81;0
17321;4987;118;10;11.11;0
17322;4987;116;8;31.81;0
17323;4988;113;8;85.64;0
17324;4988;102;4;16.63;0
17325;4988;116;5;31.81;0
17326;4988;106;6;93.64;0
17327;4988;109;4;14.81;0
17328;4988;110;8;87.41;0
17329;4989;101;1;44.35;0
17330;4989;103;9;93.05;0
17331;4990;118;1;11.11;0
17332;4990;102;10;16.63;0
17333;4991;118;8;11.11;0
17334;4991;103;2;93.05;0
17335;4991;111;5;34.02;0
17336;4991;106;4;93.64;0
17337;4992;111;4;34.02;0
17338;4992;107;6;77.21;0
17339;4993;106;8;93.64;0
17340;4993;113;2;85.64;0
17341;4993;103;2;93.05;0
17342;4993;117;6;94.29;0
17343;4993;112;9;11.48;5
17344;4994;114;4;31.92;0
17345;4994;118;1;11.11;0
17346;4994;112;5;11.48;0
17347;4995;116;7;31.81;0
17348;4996;108;4;11.73;0
17349;4996;117;2;94.29;0
17350;4996;115;9;21.03;0
17351;4997;116;5;31.81;0
17352;4997;115;5;21.03;0
17353;4997;102;2;16.63;2
17354;4997;114;4;31.92;0
17355;4997;101;6;44.35;0
17356;4998;106;3;93.64;0
17357;4998;111;7;34.02;0
17358;4998;108;4;11.73;0
17359;4998;114;7;31.92;7
17360;4998;116;10;31.81;0
17361;4998;112;3;11.48;0
17362;4999;107;1;77.21;0
17363;4999;117;3;94.29;0
17364;4999;113;7;85.64;0
17365;4999;111;5;34.02;0
17366;4999;114;10;31.92;0
17367;4999;104;6;4.07;0
17368;5000;109;6;14.81;0
17369;5000;117;9;94.29;0
17370;5000;115;3;21.03;0
17371;5000;106;7;93.64;0
17372;5000;111;3;34.02;0
17373;5000;108;5;11.73;5
17374;5001;117;1;94.29;0
17375;5002;112;4;11.48;0
17376;5003;116;2;31.81;0
17377;5003;117;2;94.29;0
17378;5003;118;3;11.11;0
17379;5004;104;9;4.07;0
17380;5004;108;8;11.73;0
17381;5004;117;5;94.29;0
17382;5004;103;4;93.05;0
17383;5005;109;1;14.81;0
17384;5005;103;9;93.05;0
17385;5005;112;7;11.48;0
17386;5006;102;4;16.63;0
17387;5006;114;8;31.92;0
17388;5007;112;3;11.48;3
17389;5007;115;2;21.03;0
17390;5007;117;4;94.29;0
17391;5008;117;3;94.29;0
17392;5008;115;4;21.03;0
17393;5008;106;8;93.64;0
17394;5008;112;7;11.48;0
17395;5008;116;2;31.81;0
17396;5009;107;3;77.21;0
17397;5010;109;1;14.81;0
17398;5011;117;5;94.29;0
17399;5011;115;9;21.03;0
17400;5011;118;2;11.11;1
17401;5011;107;7;77.21;0
17402;5011;113;2;85.64;0
17403;5011;105;3;86.64;0
17404;5012;102;6;16.63;0
17405;5012;114;8;31.92;0
17406;5012;109;6;14.81;0
17407;5013;105;3;86.64;0
17408;5013;101;2;44.35;0
17409;5013;116;2;31.81;0
17410;5013;104;6;4.07;0
17411;5013;108;2;11.73;0
17412;5014;118;2;11.11;0
17413;5014;103;2;93.05;0
17414;5015;102;9;16.63;0
17415;5015;118;9;11.11;0
17416;5015;105;8;86.64;0
17417;5015;116;9;31.81;0
17418;5015;117;7;94.29;0
17419;5016;111;10;34.02;0
17420;5016;114;2;31.92;0
17421;5016;108;10;11.73;0
17422;5016;110;6;87.41;0
17423;5016;101;1;44.35;0
17424;5016;107;3;77.21;0
17425;5017;110;2;87.41;0
17426;5017;101;4;44.35;0
17427;5017;109;8;14.81;0
17428;5017;106;2;93.64;0
17429;5017;118;5;11.11;0
17430;5018;118;3;11.11;0
17431;5018;106;1;93.64;0
17432;5018;105;7;86.64;0
17433;5018;117;9;94.29;0
17434;5019;107;4;77.21;0
17435;5019;117;6;94.29;0
17436;5019;105;6;86.64;0
17437;5019;104;6;4.07;0
17438;5020;105;9;86.64;0
17439;5020;109;1;14.81;0
17440;5020;114;5;31.92;0
17441;5021;116;1;31.81;1
17442;5022;117;5;94.29;0
17443;5022;108;7;11.73;0
17444;5022;111;7;34.02;0
17445;5022;116;7;31.81;0
17446;5022;114;10;31.92;0
17447;5022;109;1;14.81;0
17448;5023;107;6;77.21;0
17449;5023;118;7;11.11;4
17450;5023;112;2;11.48;0
17451;5023;115;3;21.03;0
17452;5023;104;3;4.07;0
17453;5023;105;6;86.64;0
17454;5024;111;7;34.02;0
17455;5025;109;10;14.81;0
17456;5026;118;2;11.11;0
17457;5026;108;9;11.73;0
17458;5026;113;6;85.64;0
17459;5026;112;4;11.48;0
17460;5026;111;5;34.02;0
17461;5027;117;4;94.29;0
17462;5027;103;9;93.05;0
17463;5027;107;5;77.21;0
17464;5027;114;8;31.92;0
17465;5028;116;4;31.81;0
17466;5028;113;8;85.64;0
17467;5028;104;5;4.07;0
17468;5028;111;2;34.02;0
17469;5028;118;1;11.11;1
17470;5028;117;6;94.29;0
17471;5029;109;9;14.81;0
17472;5029;114;6;31.92;0
17473;5029;112;9;11.48;0
17474;5029;107;3;77.21;0
17475;5029;108;10;11.73;0
17476;5030;103;5;93.05;0
17477;5030;106;1;93.64;0
17478;5030;105;2;86.64;0
17479;5030;110;4;87.41;0
17480;5030;109;5;14.81;0
17481;5031;109;10;14.81;0
17482;5031;113;7;85.64;0
17483;5031;116;6;31.81;0
17484;5032;103;2;93.05;0
17485;5032;101;10;44.35;1
17486;5032;106;8;93.64;0
17487;5032;104;1;4.07;0
17488;5033;117;3;94.29;0
17489;5033;108;10;11.73;0
17490;5033;101;6;44.35;0
17491;5034;115;8;21.03;0
17492;5034;112;1;11.48;0
17493;5034;105;4;86.64;0
17494;5034;109;1;14.81;0
17495;5034;104;3;4.07;0
17496;5035;101;10;44.35;0
17497;5035;110;3;87.41;0
17498;5035;112;1;11.48;0
17499;5035;113;1;85.64;0
17500;5036;116;5;31.81;0
17501;5036;114;7;31.92;0
17502;5036;108;8;11.73;2
17503;5036;106;6;93.64;0
17504;5036;101;1;44.35;0
17505;5036;110;6;87.41;0
17506;5037;117;10;94.29;0
17507;5037;104;6;4.07;0
17508;5037;112;9;11.48;0
17509;5038;107;3;77.21;0
17510;5039;102;8;16.63;4
17511;5039;116;9;31.81;0
17512;5040;101;9;44.35;0
17513;5040;112;4;11.48;0
17514;5040;106;1;93.64;1
17515;5040;115;2;21.03;0
17516;5040;114;2;31.92;0
17517;5041;115;3;21.03;0
17518;5041;103;1;93.05;0
17519;5042;115;4;21.03;0
17520;5042;103;2;93.05;0
17521;5042;108;9;11.73;0
17522;5042;116;7;31.81;0
17523;5042;111;6;34.02;0
17524;5042;114;6;31.92;0
17525;5043;112;9;11.48;0
17526;5043;105;4;86.64;0
17527;5044;111;6;34.02;0
17528;5045;105;9;86.64;0
17529;5045;116;9;31.81;0
17530;5045;111;8;34.02;0
17531;5045;109;6;14.81;0
17532;5046;107;9;77.21;0
17533;5046;101;8;44.35;0
17534;5046;115;8;21.03;1
17535;5046;108;2;11.73;0
17536;5046;112;7;11.48;0
17537;5047;110;8;87.41;0
17538;5047;117;7;94.29;0
17539;5047;113;3;85.64;0
17540;5047;112;5;11.48;0
17541;5047;111;5;34.02;0
17542;5048;109;9;14.81;0
17543;5048;103;10;93.05;0
17544;5049;117;10;94.29;0
17545;5049;101;1;44.35;0
17546;5050;113;2;85.64;0
17547;5050;114;1;31.92;0
17548;5050;111;1;34.02;0
17549;5050;104;9;4.07;0
17550;5050;107;10;77.21;0
17551;5051;113;2;85.64;0
17552;5051;110;8;87.41;0
17553;5051;114;2;31.92;0
17554;5051;105;5;86.64;0
17555;5052;101;9;44.35;0
17556;5052;106;6;93.64;0
17557;5052;104;1;4.07;0
17558;5052;112;6;11.48;0
17559;5052;105;7;86.64;0
17560;5052;107;6;77.21;0
17561;5053;117;7;94.29;0
17562;5053;102;1;16.63;0
17563;5053;114;9;31.92;0
17564;5053;103;3;93.05;0
17565;5053;111;10;34.02;0
17566;5053;118;10;11.11;0
17567;5054;104;9;4.07;0
17568;5054;107;5;77.21;0
17569;5054;111;6;34.02;0
17570;5054;108;1;11.73;0
17571;5055;114;10;31.92;0
17572;5055;107;5;77.21;0
17573;5055;101;9;44.35;0
17574;5055;112;1;11.48;0
17575;5055;104;2;4.07;0
17576;5056;103;3;93.05;0
17577;5056;101;1;44.35;0
17578;5056;104;8;4.07;0
17579;5057;110;7;87.41;0
17580;5057;114;10;31.92;0
17581;5057;104;2;4.07;0
17582;5057;116;8;31.81;0
17583;5058;115;7;21.03;0
17584;5058;118;1;11.11;0
17585;5059;106;1;93.64;0
17586;5059;113;10;85.64;0
17587;5059;111;9;34.02;0
17588;5059;102;10;16.63;0
17589;5059;110;2;87.41;0
17590;5059;105;3;86.64;0
17591;5060;113;10;85.64;6
17592;5060;102;10;16.63;0
17593;5061;110;7;87.41;4
17594;5061;117;6;94.29;0
17595;5061;106;1;93.64;0
17596;5062;118;8;11.11;0
17597;5062;113;4;85.64;0
17598;5062;111;1;34.02;0
17599;5062;117;4;94.29;0
17600;5063;108;10;11.73;0
17601;5063;115;5;21.03;0
17602;5063;102;2;16.63;0
17603;5063;107;4;77.21;0
17604;5064;102;10;16.63;0
17605;5064;101;3;44.35;0
17606;5064;112;1;11.48;0
17607;5064;111;5;34.02;0
17608;5065;110;2;87.41;0
17609;5065;116;7;31.81;0
17610;5065;106;4;93.64;0
17611;5065;101;7;44.35;0
17612;5065;105;6;86.64;0
17613;5066;108;9;11.73;0
17614;5066;113;5;85.64;0
17615;5066;105;6;86.64;0
17616;5066;101;9;44.35;0
17617;5066;107;7;77.21;0
17618;5067;111;8;34.02;0
17619;5067;102;6;16.63;0
17620;5067;107;8;77.21;0
17621;5067;109;3;14.81;0
17622;5068;107;5;77.21;0
17623;5069;104;7;4.07;0
17624;5070;108;7;11.73;0
17625;5070;115;3;21.03;0
17626;5071;110;1;87.41;0
17627;5071;102;5;16.63;0
17628;5071;103;10;93.05;0
17629;5071;118;9;11.11;0
17630;5072;117;10;94.29;0
17631;5072;107;4;77.21;0
17632;5072;110;9;87.41;0
17633;5073;113;2;85.64;0
17634;5073;105;6;86.64;0
17635;5073;104;1;4.07;0
17636;5073;111;10;34.02;0
17637;5073;112;10;11.48;0
17638;5074;114;3;31.92;0
17639;5074;101;7;44.35;0
17640;5074;109;5;14.81;0
17641;5074;106;4;93.64;0
17642;5075;113;8;85.64;0
17643;5075;114;2;31.92;0
17644;5076;110;7;87.41;0
17645;5076;101;9;44.35;0
17646;5077;105;3;86.64;2
17647;5077;113;9;85.64;0
17648;5077;104;8;4.07;0
17649;5077;110;10;87.41;0
17650;5078;118;4;11.11;0
17651;5078;113;6;85.64;0
17652;5078;104;5;4.07;0
17653;5078;107;1;77.21;0
17654;5078;112;6;11.48;0
17655;5079;109;5;14.81;0
17656;5079;113;7;85.64;0
17657;5080;101;1;44.35;0
17658;5080;118;10;11.11;0
17659;5080;111;2;34.02;0
17660;5081;103;6;93.05;0
17661;5081;113;2;85.64;0
17662;5081;111;2;34.02;0
17663;5081;118;2;11.11;0
17664;5081;109;2;14.81;0
17665;5082;102;4;16.63;0
17666;5082;117;4;94.29;0
17667;5083;107;1;77.21;0
17668;5083;102;8;16.63;0
17669;5084;101;9;44.35;0
17670;5084;107;9;77.21;0
17671;5085;113;4;85.64;1
17672;5086;107;10;77.21;0
17673;5087;114;6;31.92;0
17674;5087;118;7;11.11;0
17675;5087;107;3;77.21;0
17676;5087;102;3;16.63;0
17677;5087;111;10;34.02;0
17678;5087;109;8;14.81;0
17679;5088;110;3;87.41;2
17680;5088;107;10;77.21;0
17681;5088;117;10;94.29;2
17682;5088;104;1;4.07;0
17683;5088;114;6;31.92;3
17684;5088;102;7;16.63;0
17685;5089;112;2;11.48;0
17686;5089;103;10;93.05;0
17687;5089;108;4;11.73;0
17688;5090;103;6;93.05;0
17689;5090;101;7;44.35;0
17690;5090;117;2;94.29;0
17691;5091;101;5;44.35;0
17692;5092;109;7;14.81;0
17693;5092;104;6;4.07;0
17694;5092;102;2;16.63;0
17695;5093;108;8;11.73;0
17696;5093;117;5;94.29;0
17697;5093;104;5;4.07;0
17698;5093;114;2;31.92;0
17699;5094;117;8;94.29;0
17700;5094;105;4;86.64;0
17701;5094;107;5;77.21;0
17702;5094;115;6;21.03;0
17703;5094;103;8;93.05;0
17704;5095;101;9;44.35;0
17705;5095;118;10;11.11;0
17706;5095;116;2;31.81;0
17707;5095;105;4;86.64;4
17708;5095;108;2;11.73;0
17709;5095;115;7;21.03;0
17710;5096;111;3;34.02;0
17711;5096;107;4;77.21;0
17712;5096;116;3;31.81;2
17713;5096;105;7;86.64;0
17714;5097;107;5;77.21;0
17715;5097;110;10;87.41;0
17716;5097;106;8;93.64;0
17717;5097;104;2;4.07;0
17718;5098;114;2;31.92;0
17719;5099;110;5;87.41;0
17720;5099;115;7;21.03;0
17721;5099;105;6;86.64;0
17722;5099;111;6;34.02;0
17723;5100;101;7;44.35;0
17724;5101;109;4;14.81;0
17725;5102;113;1;85.64;0
17726;5102;109;7;14.81;0
17727;5102;118;8;11.11;0
17728;5102;112;8;11.48;0
17729;5102;117;9;94.29;0
17730;5102;107;7;77.21;0
17731;5103;117;2;94.29;0
17732;5104;118;10;11.11;0
17733;5104;103;2;93.05;0
17734;5104;107;7;77.21;0
17735;5104;113;6;85.64;0
17736;5105;113;3;85.64;0
17737;5105;111;8;34.02;0
17738;5105;116;8;31.81;0
17739;5105;104;3;4.07;0
17740;5106;104;9;4.07;0
17741;5106;107;1;77.21;0
17742;5106;116;3;31.81;0
17743;5106;102;4;16.63;0
17744;5106;110;7;87.41;0
17745;5107;101;1;44.35;0
17746;5107;104;3;4.07;0
17747;5108;106;6;93.64;0
17748;5108;116;1;31.81;0
17749;5108;108;10;11.73;0
17750;5109;111;6;34.02;0
17751;5109;105;5;86.64;0
17752;5110;104;7;4.07;0
17753;5111;110;5;87.41;4
17754;5111;102;6;16.63;0
17755;5111;114;3;31.92;0
17756;5111;113;6;85.64;0
17757;5111;109;7;14.81;0
17758;5111;112;10;11.48;0
17759;5112;116;1;31.81;0
17760;5112;114;1;31.92;0
17761;5113;116;9;31.81;8
17762;5113;103;5;93.05;0
17763;5114;110;5;87.41;4
17764;5115;112;4;11.48;4
17765;5116;108;4;11.73;0
17766;5116;110;10;87.41;0
17767;5116;117;4;94.29;0
17768;5116;115;7;21.03;0
17769;5116;116;8;31.81;0
17770;5117;118;5;11.11;0
17771;5117;113;5;85.64;0
17772;5118;104;4;4.07;0
17773;5118;112;4;11.48;0
17774;5118;103;3;93.05;0
17775;5119;112;3;11.48;0
17776;5119;101;7;44.35;0
17777;5119;105;4;86.64;3
17778;5120;107;7;77.21;0
17779;5120;105;10;86.64;0
17780;5120;102;1;16.63;0
17781;5121;113;2;85.64;0
17782;5121;106;9;93.64;0
17783;5122;114;3;31.92;0
17784;5122;118;9;11.11;0
17785;5122;106;5;93.64;0
17786;5122;111;3;34.02;0
17787;5122;110;8;87.41;0
17788;5122;115;8;21.03;0
17789;5123;118;8;11.11;5
17790;5123;109;2;14.81;0
17791;5123;112;5;11.48;0
17792;5124;107;7;77.21;0
17793;5124;115;6;21.03;0
17794;5124;110;1;87.41;0
17795;5124;105;3;86.64;0
17796;5124;104;8;4.07;0
17797;5124;113;3;85.64;0
17798;5125;101;8;44.35;0
17799;5125;113;3;85.64;0
17800;5125;115;5;21.03;0
17801;5125;114;7;31.92;0
17802;5125;110;1;87.41;0
17803;5126;108;5;11.73;0
17804;5126;111;3;34.02;0
17805;5126;104;10;4.07;0
17806;5126;114;7;31.92;0
17807;5126;118;9;11.11;0
17808;5126;103;2;93.05;0
17809;5127;116;2;31.81;0
17810;5127;110;5;87.41;0
17811;5127;117;7;94.29;0
17812;5128;107;4;77.21;0
17813;5128;106;6;93.64;0
17814;5128;105;3;86.64;0
17815;5128;111;8;34.02;8
17816;5129;106;10;93.64;0
17817;5129;104;7;4.07;0
17818;5129;118;1;11.11;0
17819;5129;105;9;86.64;0
17820;5129;113;9;85.64;0
17821;5130;118;7;11.11;0
17822;5130;101;7;44.35;0
17823;5131;110;4;87.41;0
17824;5131;115;8;21.03;0
17825;5131;107;1;77.21;0
17826;5132;116;5;31.81;0
17827;5132;106;7;93.64;0
17828;5132;104;7;4.07;0
17829;5132;111;8;34.02;0
17830;5132;102;9;16.63;0
17831;5132;117;8;94.29;0
17832;5133;112;4;11.48;0
17833;5133;102;2;16.63;0
17834;5133;101;8;44.35;0
17835;5133;110;5;87.41;0
17836;5133;114;5;31.92;0
17837;5134;107;9;77.21;0
17838;5134;117;8;94.29;0
17839;5134;115;10;21.03;0
17840;5134;113;9;85.64;0
17841;5135;106;4;93.64;3
17842;5135;115;4;21.03;0
17843;5135;116;5;31.81;0
17844;5136;118;8;11.11;0
17845;5136;102;2;16.63;0
17846;5136;107;5;77.21;0
17847;5136;116;3;31.81;0
17848;5136;112;4;11.48;0
17849;5136;114;2;31.92;0
17850;5137;115;8;21.03;0
17851;5137;108;7;11.73;0
17852;5137;106;4;93.64;0
17853;5137;117;9;94.29;0
17854;5137;110;2;87.41;0
17855;5137;113;10;85.64;0
17856;5138;118;7;11.11;0
17857;5139;106;5;93.64;0
17858;5140;116;3;31.81;2
17859;5140;103;10;93.05;0
17860;5140;118;2;11.11;0
17861;5140;114;6;31.92;0
17862;5140;108;4;11.73;0
17863;5140;117;3;94.29;0
17864;5141;108;5;11.73;0
17865;5141;105;4;86.64;0
17866;5141;103;1;93.05;0
17867;5141;116;1;31.81;0
17868;5142;106;10;93.64;0
17869;5142;107;4;77.21;0
17870;5142;115;1;21.03;0
17871;5142;113;5;85.64;0
17872;5143;102;5;16.63;0
17873;5144;113;1;85.64;0
17874;5145;112;2;11.48;0
17875;5145;111;10;34.02;0
17876;5146;115;6;21.03;0
17877;5146;107;3;77.21;0
17878;5146;112;6;11.48;6
17879;5146;116;5;31.81;0
17880;5146;110;9;87.41;0
17881;5147;104;8;4.07;0
17882;5147;110;6;87.41;0
17883;5147;117;5;94.29;0
17884;5147;109;2;14.81;0
17885;5148;118;2;11.11;0
17886;5148;101;3;44.35;0
17887;5148;109;7;14.81;0
17888;5148;104;8;4.07;0
17889;5149;118;10;11.11;0
17890;5150;114;8;31.92;0
17891;5151;105;3;86.64;0
17892;5151;114;7;31.92;0
17893;5151;116;6;31.81;0
17894;5151;108;1;11.73;0
17895;5152;107;1;77.21;0
17896;5153;117;1;94.29;0
17897;5153;107;8;77.21;0
17898;5153;104;6;4.07;0
17899;5153;110;8;87.41;0
17900;5153;116;7;31.81;0
17901;5154;113;5;85.64;2
17902;5155;116;10;31.81;0
17903;5155;113;7;85.64;0
17904;5156;108;1;11.73;0
17905;5156;102;10;16.63;0
17906;5156;114;8;31.92;0
17907;5156;111;3;34.02;0
17908;5157;118;6;11.11;0
17909;5157;109;6;14.81;0
17910;5157;112;6;11.48;0
17911;5157;110;2;87.41;0
17912;5157;103;9;93.05;0
17913;5158;115;8;21.03;0
17914;5158;102;10;16.63;0
17915;5158;117;4;94.29;0
17916;5158;116;10;31.81;0
17917;5159;110;8;87.41;0
17918;5159;104;7;4.07;0
17919;5160;104;5;4.07;0
17920;5160;117;4;94.29;4
17921;5160;111;8;34.02;0
17922;5161;116;1;31.81;0
17923;5161;104;6;4.07;0
17924;5161;112;1;11.48;0
17925;5162;101;9;44.35;0
17926;5163;101;6;44.35;4
17927;5163;111;8;34.02;0
17928;5163;115;8;21.03;0
17929;5163;106;6;93.64;0
17930;5164;104;3;4.07;0
17931;5164;116;1;31.81;0
17932;5165;103;5;93.05;0
17933;5165;109;1;14.81;0
17934;5166;118;8;11.11;0
17935;5166;116;6;31.81;0
17936;5166;110;9;87.41;0
17937;5166;109;1;14.81;0
17938;5166;113;9;85.64;0
17939;5166;102;5;16.63;0
17940;5167;117;9;94.29;0
17941;5167;111;5;34.02;0
17942;5167;113;5;85.64;0
17943;5167;102;4;16.63;0
17944;5167;118;2;11.11;0
17945;5167;109;8;14.81;0
17946;5168;104;9;4.07;0
17947;5168;108;3;11.73;0
17948;5168;102;2;16.63;0
17949;5168;112;9;11.48;0
17950;5168;103;8;93.05;0
17951;5169;110;10;87.41;0
17952;5169;115;9;21.03;0
17953;5170;118;5;11.11;3
17954;5170;116;1;31.81;0
17955;5171;103;8;93.05;0
17956;5171;106;9;93.64;0
17957;5171;114;10;31.92;0
17958;5171;108;6;11.73;0
17959;5171;111;3;34.02;0
17960;5172;116;3;31.81;2
17961;5172;109;8;14.81;0
17962;5173;110;10;87.41;0
17963;5173;105;7;86.64;0
17964;5173;101;3;44.35;0
17965;5174;110;9;87.41;0
17966;5175;102;5;16.63;0
17967;5175;118;10;11.11;0
17968;5175;110;9;87.41;0
17969;5175;112;4;11.48;0
17970;5175;113;2;85.64;0
17971;5176;104;5;4.07;0
17972;5176;103;6;93.05;0
17973;5176;118;9;11.11;0
17974;5176;111;8;34.02;0
17975;5176;110;6;87.41;0
17976;5177;109;10;14.81;0
17977;5177;112;6;11.48;0
17978;5178;106;8;93.64;0
17979;5179;118;2;11.11;0
17980;5179;107;1;77.21;0
17981;5179;105;3;86.64;0
17982;5179;117;3;94.29;0
17983;5180;114;3;31.92;0
17984;5180;106;3;93.64;0
17985;5180;107;6;77.21;0
17986;5180;108;9;11.73;0
17987;5181;107;9;77.21;0
17988;5181;102;1;16.63;0
17989;5182;104;7;4.07;0
17990;5183;105;7;86.64;0
17991;5183;113;7;85.64;0
17992;5183;112;9;11.48;0
17993;5184;102;6;16.63;0
17994;5184;113;2;85.64;0
17995;5184;106;1;93.64;0
17996;5184;101;10;44.35;0
17997;5184;111;6;34.02;0
17998;5184;107;4;77.21;0
17999;5185;104;5;4.07;0
18000;5185;109;1;14.81;0
18001;5185;105;2;86.64;0
18002;5186;104;5;4.07;0
18003;5186;118;5;11.11;0
18004;5187;101;9;44.35;4
18005;5187;118;10;11.11;0
18006;5188;116;2;31.81;0
18007;5188;110;9;87.41;0
18008;5189;116;1;31.81;0
18009;5189;107;3;77.21;0
18010;5189;108;7;11.73;0
18011;5189;115;4;21.03;0
18012;5189;101;4;44.35;0
18013;5190;113;2;85.64;0
18014;5191;106;2;93.64;0
18015;5191;114;6;31.92;0
18016;5191;107;7;77.21;0
18017;5192;114;9;31.92;0
18018;5192;109;8;14.81;0
18019;5192;107;8;77.21;0
18020;5192;106;7;93.64;0
18021;5193;111;3;34.02;0
18022;5193;104;8;4.07;0
18023;5194;114;4;31.92;0
18024;5194;105;3;86.64;0
18025;5194;101;2;44.35;0
18026;5195;105;10;86.64;0
18027;5195;108;1;11.73;0
18028;5195;110;1;87.41;0
18029;5196;102;4;16.63;1
18030;5196;101;8;44.35;0
18031;5196;112;9;11.48;0
18032;5196;109;1;14.81;0
18033;5196;103;3;93.05;0
18034;5197;111;8;34.02;0
18035;5197;113;5;85.64;0
18036;5197;109;9;14.81;0
18037;5197;106;10;93.64;0
18038;5197;118;5;11.11;0
18039;5198;112;2;11.48;2
18040;5199;106;5;93.64;0
18041;5199;117;7;94.29;0
18042;5199;101;4;44.35;0
18043;5199;116;6;31.81;0
18044;5199;113;2;85.64;0
18045;5199;114;5;31.92;0
18046;5200;116;1;31.81;0
18047;5200;101;2;44.35;0
18048;5200;115;4;21.03;0
18049;5200;118;6;11.11;0
18050;5200;114;5;31.92;0
18051;5201;108;5;11.73;0
18052;5201;105;5;86.64;0
18053;5201;115;2;21.03;0
18054;5201;110;6;87.41;0
18055;5201;106;10;93.64;0
18056;5202;117;6;94.29;0
18057;5202;102;5;16.63;0
18058;5202;110;1;87.41;1
18059;5203;101;4;44.35;0
18060;5203;115;2;21.03;0
18061;5203;109;9;14.81;0
18062;5204;110;10;87.41;0
18063;5204;108;3;11.73;0
18064;5204;106;5;93.64;0
18065;5205;105;6;86.64;0
18066;5205;116;4;31.81;0
18067;5205;118;9;11.11;0
18068;5205;101;1;44.35;0
18069;5205;114;1;31.92;0
18070;5206;113;3;85.64;0
18071;5206;116;4;31.81;0
18072;5206;117;10;94.29;0
18073;5207;116;5;31.81;0
18074;5207;103;1;93.05;0
18075;5208;111;7;34.02;0
18076;5208;115;4;21.03;0
18077;5208;104;8;4.07;0
18078;5208;108;9;11.73;0
18079;5208;110;10;87.41;0
18080;5208;106;4;93.64;0
18081;5209;112;6;11.48;0
18082;5209;114;5;31.92;0
18083;5209;118;3;11.11;0
18084;5210;101;9;44.35;0
18085;5210;106;9;93.64;0
18086;5210;102;9;16.63;0
18087;5210;105;1;86.64;0
18088;5210;112;3;11.48;0
18089;5211;106;7;93.64;0
18090;5211;115;6;21.03;0
18091;5211;111;10;34.02;0
18092;5211;103;7;93.05;0
18093;5212;115;5;21.03;0
18094;5213;108;6;11.73;0
18095;5213;113;1;85.64;0
18096;5213;114;3;31.92;0
18097;5213;116;10;31.81;0
18098;5214;117;4;94.29;0
18099;5214;116;7;31.81;0
18100;5214;114;5;31.92;0
18101;5215;114;2;31.92;0
18102;5215;113;2;85.64;0
18103;5215;108;4;11.73;0
18104;5215;112;8;11.48;0
18105;5216;111;4;34.02;0
18106;5216;116;5;31.81;0
18107;5216;109;5;14.81;0
18108;5217;102;8;16.63;0
18109;5217;116;5;31.81;0
18110;5218;116;8;31.81;0
18111;5219;114;9;31.92;0
18112;5219;104;1;4.07;0
18113;5220;110;10;87.41;0
18114;5221;115;1;21.03;0
18115;5221;111;4;34.02;0
18116;5221;107;6;77.21;0
18117;5221;110;1;87.41;0
18118;5221;117;10;94.29;0
18119;5222;108;1;11.73;0
18120;5222;111;1;34.02;0
18121;5223;109;9;14.81;0
18122;5223;106;4;93.64;0
18123;5224;110;5;87.41;0
18124;5224;114;5;31.92;0
18125;5225;111;1;34.02;0
18126;5225;108;4;11.73;0
18127;5225;104;1;4.07;0
18128;5225;102;7;16.63;4
18129;5225;109;2;14.81;0
18130;5225;101;10;44.35;0
18131;5226;106;10;93.64;0
18132;5227;114;4;31.92;0
18133;5227;103;10;93.05;0
18134;5227;107;7;77.21;0
18135;5227;115;4;21.03;0
18136;5227;105;3;86.64;0
18137;5228;108;4;11.73;0
18138;5228;105;5;86.64;0
18139;5229;111;2;34.02;2
18140;5230;111;4;34.02;0
18141;5230;106;3;93.64;0
18142;5230;102;3;16.63;0
18143;5230;116;9;31.81;0
18144;5230;117;10;94.29;0
18145;5231;114;4;31.92;0
18146;5231;104;10;4.07;0
18147;5231;108;8;11.73;0
18148;5232;109;8;14.81;0
18149;5232;106;4;93.64;0
18150;5232;107;5;77.21;0
18151;5232;111;1;34.02;0
18152;5233;115;6;21.03;0
18153;5233;113;8;85.64;0
18154;5233;118;2;11.11;0
18155;5233;117;9;94.29;0
18156;5233;101;6;44.35;0
18157;5233;110;5;87.41;0
18158;5234;117;3;94.29;0
18159;5234;103;6;93.05;0
18160;5234;110;4;87.41;0
18161;5235;115;3;21.03;0
18162;5235;112;9;11.48;0
18163;5235;102;3;16.63;0
18164;5235;111;4;34.02;0
18165;5236;112;6;11.48;0
18166;5236;115;6;21.03;0
18167;5237;117;6;94.29;0
18168;5237;107;1;77.21;0
18169;5237;116;10;31.81;0
18170;5238;115;5;21.03;0
18171;5238;118;5;11.11;0
18172;5239;103;6;93.05;0
18173;5239;102;5;16.63;0
18174;5239;108;9;11.73;0
18175;5240;101;3;44.35;0
18176;5240;110;7;87.41;0
18177;5240;116;7;31.81;0
18178;5240;103;5;93.05;0
18179;5240;106;9;93.64;0
18180;5241;118;8;11.11;3
18181;5241;101;4;44.35;0
18182;5241;104;10;4.07;0
18183;5241;116;8;31.81;0
18184;5241;105;4;86.64;0
18185;5241;106;2;93.64;0
18186;5242;114;9;31.92;0
18187;5242;111;9;34.02;0
18188;5242;107;7;77.21;0
18189;5242;108;4;11.73;0
18190;5243;116;8;31.81;0
18191;5243;114;2;31.92;0
18192;5243;108;10;11.73;7
18193;5243;107;1;77.21;0
18194;5243;113;1;85.64;0
18195;5243;115;7;21.03;0
18196;5244;109;4;14.81;0
18197;5244;114;8;31.92;0
18198;5244;103;5;93.05;0
18199;5244;112;8;11.48;0
18200;5245;116;2;31.81;0
18201;5245;101;6;44.35;0
18202;5245;105;10;86.64;0
18203;5245;118;9;11.11;0
18204;5245;115;2;21.03;0
18205;5246;105;7;86.64;0
18206;5246;117;6;94.29;0
18207;5246;116;8;31.81;0
18208;5246;115;2;21.03;0
18209;5246;113;4;85.64;0
18210;5246;111;5;34.02;0
18211;5247;107;2;77.21;0
18212;5248;106;1;93.64;0
18213;5248;112;1;11.48;0
18214;5248;107;7;77.21;0
18215;5249;111;6;34.02;0
18216;5249;118;3;11.11;0
18217;5250;104;9;4.07;0
18218;5251;117;7;94.29;0
18219;5251;111;8;34.02;0
18220;5251;112;3;11.48;0
18221;5251;114;6;31.92;0
18222;5251;116;10;31.81;0
18223;5251;103;4;93.05;0
18224;5252;110;3;87.41;0
18225;5252;117;5;94.29;0
18226;5252;103;2;93.05;0
18227;5252;108;3;11.73;0
18228;5252;112;8;11.48;0
18229;5253;104;5;4.07;1
18230;5253;102;5;16.63;0
18231;5253;110;2;87.41;0
18232;5253;116;5;31.81;0
18233;5253;106;5;93.64;0
18234;5253;115;7;21.03;0
18235;5254;107;2;77.21;0
18236;5255;117;6;94.29;0
18237;5256;116;1;31.81;0
18238;5256;114;4;31.92;0
18239;5256;111;8;34.02;0
18240;5256;108;8;11.73;0
18241;5256;105;8;86.64;0
18242;5256;103;2;93.05;0
18243;5257;104;9;4.07;0
18244;5257;101;6;44.35;0
18245;5258;110;10;87.41;0
18246;5258;107;9;77.21;0
18247;5258;105;6;86.64;0
18248;5258;101;2;44.35;0
18249;5258;114;6;31.92;0
18250;5258;111;8;34.02;0
18251;5259;112;6;11.48;0
18252;5259;104;8;4.07;0
18253;5259;117;2;94.29;0
18254;5259;118;8;11.11;0
18255;5259;114;9;31.92;0
18256;5260;111;8;34.02;0
18257;5260;110;3;87.41;0
18258;5261;109;3;14.81;0
18259;5262;108;10;11.73;0
18260;5262;115;4;21.03;0
18261;5262;117;7;94.29;0
18262;5263;111;6;34.02;0
18263;5263;116;5;31.81;0
18264;5264;102;10;16.63;0
18265;5264;106;2;93.64;1
18266;5264;103;5;93.05;0
18267;5265;110;5;87.41;0
18268;5265;107;6;77.21;0
18269;5265;115;7;21.03;0
18270;5265;103;7;93.05;0
18271;5265;106;1;93.64;0
18272;5266;109;1;14.81;0
18273;5267;111;2;34.02;0
18274;5267;105;10;86.64;0
18275;5267;104;3;4.07;0
18276;5268;109;8;14.81;0
18277;5268;104;10;4.07;0
18278;5268;107;6;77.21;0
18279;5268;112;5;11.48;0
18280;5268;116;9;31.81;0
18281;5269;106;4;93.64;0
18282;5269;105;9;86.64;0
18283;5269;112;6;11.48;0
18284;5269;107;1;77.21;0
18285;5270;110;8;87.41;0
18286;5270;109;1;14.81;0
18287;5270;108;8;11.73;0
18288;5270;102;1;16.63;0
18289;5270;113;2;85.64;0
18290;5270;114;8;31.92;0
18291;5271;118;1;11.11;0
18292;5271;102;9;16.63;0
18293;5271;103;4;93.05;0
18294;5271;106;10;93.64;0
18295;5272;115;7;21.03;0
18296;5273;109;10;14.81;0
18297;5273;101;4;44.35;0
18298;5273;117;7;94.29;0
18299;5273;103;10;93.05;0
18300;5273;108;8;11.73;0
18301;5274;107;10;77.21;0
18302;5274;108;7;11.73;0
18303;5274;110;9;87.41;0
18304;5274;115;3;21.03;0
18305;5274;113;7;85.64;0
18306;5275;107;8;77.21;0
18307;5275;106;8;93.64;0
18308;5275;104;5;4.07;0
18309;5275;111;2;34.02;0
18310;5276;109;3;14.81;0
18311;5276;117;1;94.29;0
18312;5277;112;3;11.48;0
18313;5277;108;9;11.73;0
18314;5278;116;7;31.81;0
18315;5278;110;8;87.41;0
18316;5278;115;10;21.03;0
18317;5279;106;4;93.64;0
18318;5279;114;7;31.92;5
18319;5279;102;5;16.63;0
18320;5279;107;9;77.21;0
18321;5280;103;2;93.05;0
18322;5281;113;1;85.64;0
18323;5281;101;1;44.35;1
18324;5281;116;8;31.81;0
18325;5281;106;4;93.64;0
18326;5281;108;10;11.73;6
18327;5281;102;2;16.63;0
18328;5282;101;8;44.35;0
18329;5282;106;10;93.64;0
18330;5282;105;1;86.64;0
18331;5282;109;10;14.81;0
18332;5283;113;3;85.64;0
18333;5284;107;6;77.21;0
18334;5284;110;4;87.41;0
18335;5284;108;9;11.73;0
18336;5285;105;3;86.64;0
18337;5285;109;8;14.81;0
18338;5285;112;3;11.48;0
18339;5285;103;3;93.05;0
18340;5285;101;5;44.35;0
18341;5286;102;10;16.63;0
18342;5286;103;8;93.05;0
18343;5287;117;8;94.29;0
18344;5287;118;1;11.11;0
18345;5287;105;4;86.64;0
18346;5287;112;1;11.48;0
18347;5287;109;7;14.81;0
18348;5288;115;7;21.03;0
18349;5288;113;8;85.64;0
18350;5288;112;1;11.48;0
18351;5288;101;6;44.35;0
18352;5288;118;10;11.11;0
18353;5288;106;5;93.64;0
18354;5289;111;4;34.02;0
18355;5289;117;7;94.29;0
18356;5289;108;1;11.73;0
18357;5289;102;10;16.63;0
18358;5289;107;4;77.21;0
18359;5289;118;3;11.11;0
18360;5290;102;3;16.63;0
18361;5290;118;7;11.11;0
18362;5290;107;7;77.21;0
18363;5291;107;4;77.21;1
18364;5291;116;4;31.81;0
18365;5291;101;2;44.35;0
18366;5292;107;9;77.21;0
18367;5292;112;6;11.48;0
18368;5292;110;3;87.41;0
18369;5292;115;4;21.03;0
18370;5292;109;10;14.81;0
18371;5293;111;10;34.02;0
18372;5293;107;3;77.21;0
18373;5293;108;5;11.73;0
18374;5293;115;1;21.03;0
18375;5294;117;9;94.29;0
18376;5294;115;5;21.03;0
18377;5295;103;8;93.05;0
18378;5296;115;7;21.03;0
18379;5296;107;8;77.21;0
18380;5296;114;3;31.92;0
18381;5296;104;4;4.07;0
18382;5297;117;4;94.29;0
18383;5298;111;1;34.02;0
18384;5298;106;10;93.64;0
18385;5298;103;4;93.05;3
18386;5298;118;8;11.11;0
18387;5298;104;1;4.07;0
18388;5299;110;2;87.41;0
18389;5299;118;9;11.11;0
18390;5299;108;3;11.73;0
18391;5299;105;5;86.64;0
18392;5300;111;5;34.02;0
18393;5300;118;4;11.11;0
18394;5301;102;8;16.63;0
18395;5301;113;9;85.64;4
18396;5301;110;8;87.41;0
18397;5302;118;9;11.11;0
18398;5302;108;7;11.73;0
18399;5302;111;10;34.02;0
18400;5302;113;5;85.64;0
18401;5302;101;10;44.35;0
18402;5303;101;3;44.35;0
18403;5303;109;3;14.81;0
18404;5303;110;5;87.41;0
18405;5303;107;3;77.21;0
18406;5304;106;5;93.64;0
18407;5304;103;2;93.05;0
18408;5304;113;7;85.64;0
18409;5304;111;3;34.02;0
18410;5305;118;3;11.11;0
18411;5305;110;6;87.41;0
18412;5305;105;9;86.64;0
18413;5305;102;2;16.63;0
18414;5306;101;5;44.35;0
18415;5307;109;2;14.81;0
18416;5307;113;6;85.64;0
18417;5307;117;8;94.29;0
18418;5307;118;1;11.11;0
18419;5307;114;9;31.92;8
18420;5307;104;5;4.07;0
18421;5308;108;2;11.73;0
18422;5308;117;9;94.29;0
18423;5308;103;3;93.05;0
18424;5308;111;3;34.02;0
18425;5308;113;9;85.64;0
18426;5309;102;9;16.63;0
18427;5309;109;5;14.81;0
18428;5309;114;1;31.92;0
18429;5309;106;10;93.64;0
18430;5309;117;7;94.29;0
18431;5310;118;8;11.11;0
18432;5310;103;8;93.05;0
18433;5311;111;5;34.02;0
18434;5311;109;9;14.81;0
18435;5311;116;10;31.81;0
18436;5311;105;9;86.64;0
18437;5312;112;2;11.48;0
18438;5312;102;3;16.63;1
18439;5312;104;1;4.07;0
18440;5312;116;1;31.81;0
18441;5312;117;5;94.29;0
18442;5313;111;4;34.02;0
18443;5313;110;1;87.41;0
18444;5313;108;10;11.73;0
18445;5313;113;5;85.64;0
18446;5313;112;3;11.48;0
18447;5314;117;3;94.29;0
18448;5315;103;5;93.05;0
18449;5315;115;4;21.03;0
18450;5315;116;7;31.81;0
18451;5316;109;7;14.81;0
18452;5316;116;9;31.81;8
18453;5316;106;10;93.64;0
18454;5316;104;2;4.07;0
18455;5317;117;1;94.29;0
18456;5317;116;3;31.81;0
18457;5317;102;10;16.63;0
18458;5317;103;7;93.05;4
18459;5317;114;10;31.92;0
18460;5317;113;1;85.64;0
18461;5318;117;5;94.29;0
18462;5319;110;8;87.41;0
18463;5319;107;4;77.21;0
18464;5320;101;8;44.35;0
18465;5320;115;4;21.03;0
18466;5321;116;3;31.81;0
18467;5321;107;6;77.21;0
18468;5321;104;8;4.07;0
18469;5321;108;2;11.73;0
18470;5321;105;2;86.64;0
18471;5322;112;7;11.48;0
18472;5322;118;6;11.11;0
18473;5322;103;1;93.05;0
18474;5323;104;5;4.07;0
18475;5323;106;5;93.64;0
18476;5323;110;3;87.41;0
18477;5323;105;10;86.64;0
18478;5323;111;8;34.02;0
18479;5323;109;5;14.81;5
18480;5324;101;1;44.35;0
18481;5324;104;3;4.07;0
18482;5325;111;3;34.02;0
18483;5325;105;6;86.64;0
18484;5325;114;1;31.92;0
18485;5325;113;2;85.64;0
18486;5326;108;4;11.73;3
18487;5326;118;8;11.11;0
18488;5326;116;9;31.81;0
18489;5326;110;4;87.41;0
18490;5326;112;4;11.48;0
18491;5326;113;6;85.64;3
18492;5327;106;10;93.64;0
18493;5328;113;4;85.64;0
18494;5328;105;9;86.64;0
18495;5328;111;7;34.02;0
18496;5328;106;1;93.64;0
18497;5328;118;8;11.11;0
18498;5329;106;6;93.64;0
18499;5329;112;8;11.48;0
18500;5329;107;8;77.21;0
18501;5329;103;3;93.05;0
18502;5329;116;8;31.81;0
18503;5329;104;9;4.07;0
18504;5330;112;1;11.48;0
18505;5330;102;4;16.63;0
18506;5330;106;10;93.64;3
18507;5330;117;3;94.29;0
18508;5330;118;10;11.11;0
18509;5331;104;4;4.07;0
18510;5331;101;1;44.35;0
18511;5331;117;9;94.29;0
18512;5331;112;5;11.48;0
18513;5331;106;10;93.64;0
18514;5332;108;1;11.73;0
18515;5332;107;6;77.21;0
18516;5333;103;4;93.05;0
18517;5334;109;9;14.81;0
18518;5334;108;7;11.73;0
18519;5334;106;8;93.64;0
18520;5334;103;5;93.05;0
18521;5334;101;8;44.35;0
18522;5335;101;5;44.35;0
18523;5335;112;5;11.48;4
18524;5335;108;4;11.73;0
18525;5335;110;9;87.41;0
18526;5336;114;1;31.92;0
18527;5336;111;8;34.02;0
18528;5336;113;9;85.64;0
18529;5336;115;10;21.03;0
18530;5337;101;4;44.35;0
18531;5337;102;9;16.63;0
18532;5337;106;5;93.64;0
18533;5337;105;9;86.64;0
18534;5337;117;8;94.29;0
18535;5337;103;3;93.05;0
18536;5338;114;7;31.92;0
18537;5338;111;9;34.02;0
18538;5338;104;8;4.07;0
18539;5338;105;7;86.64;0
18540;5338;103;4;93.05;3
18541;5339;116;3;31.81;0
18542;5339;111;5;34.02;0
18543;5340;111;8;34.02;0
18544;5340;104;4;4.07;0
18545;5340;115;3;21.03;0
18546;5340;102;7;16.63;0
18547;5340;118;5;11.11;0
18548;5340;103;9;93.05;0
18549;5341;112;9;11.48;0
18550;5341;105;9;86.64;0
18551;5341;117;8;94.29;0
18552;5342;102;3;16.63;0
18553;5342;110;4;87.41;0
18554;5342;107;3;77.21;0
18555;5342;106;10;93.64;0
18556;5342;105;7;86.64;0
18557;5343;117;2;94.29;0
18558;5343;104;10;4.07;0
18559;5344;113;8;85.64;1
18560;5344;108;2;11.73;0
18561;5345;101;1;44.35;0
18562;5345;116;4;31.81;0
18563;5346;109;9;14.81;0
18564;5347;114;10;31.92;0
18565;5347;118;5;11.11;0
18566;5348;116;1;31.81;0
18567;5348;110;7;87.41;0
18568;5349;107;6;77.21;0
18569;5349;106;3;93.64;0
18570;5349;110;5;87.41;0
18571;5349;111;3;34.02;0
18572;5350;115;8;21.03;0
18573;5350;101;4;44.35;0
18574;5350;104;2;4.07;0
18575;5351;103;7;93.05;0
18576;5351;118;2;11.11;0
18577;5351;111;8;34.02;0
18578;5351;113;10;85.64;0
18579;5352;105;10;86.64;0
18580;5352;102;9;16.63;0
18581;5353;103;2;93.05;0
18582;5353;115;6;21.03;0
18583;5353;107;10;77.21;0
18584;5353;117;6;94.29;0
18585;5353;109;9;14.81;0
18586;5353;113;10;85.64;0
18587;5354;105;5;86.64;0
18588;5354;106;2;93.64;0
18589;5354;116;2;31.81;0
18590;5354;112;8;11.48;0
18591;5354;113;4;85.64;0
18592;5355;115;8;21.03;0
18593;5355;108;1;11.73;0
18594;5355;113;4;85.64;0
18595;5355;106;8;93.64;0
18596;5355;105;8;86.64;0
18597;5355;111;5;34.02;0
18598;5356;102;10;16.63;0
18599;5356;107;4;77.21;0
18600;5356;114;7;31.92;0
18601;5356;106;1;93.64;0
18602;5356;116;1;31.81;0
18603;5356;117;2;94.29;0
18604;5357;104;10;4.07;0
18605;5357;107;6;77.21;0
18606;5357;112;4;11.48;0
18607;5357;111;4;34.02;0
18608;5358;109;8;14.81;0
18609;5358;110;10;87.41;0
18610;5359;108;7;11.73;0
18611;5359;117;5;94.29;0
18612;5360;111;10;34.02;4
18613;5360;102;4;16.63;0
18614;5360;113;3;85.64;0
18615;5361;115;1;21.03;0
18616;5362;102;9;16.63;0
18617;5362;105;1;86.64;0
18618;5363;115;1;21.03;0
18619;5363;111;5;34.02;0
18620;5363;113;1;85.64;0
18621;5363;114;3;31.92;0
18622;5363;112;7;11.48;0
18623;5364;113;10;85.64;0
18624;5364;101;7;44.35;0
18625;5364;104;5;4.07;0
18626;5365;108;3;11.73;0
18627;5365;104;1;4.07;0
18628;5365;115;4;21.03;0
18629;5365;110;5;87.41;0
18630;5365;102;5;16.63;0
18631;5366;108;8;11.73;0
18632;5366;116;3;31.81;0
18633;5366;115;4;21.03;0
18634;5366;111;3;34.02;0
18635;5367;110;3;87.41;0
18636;5367;114;10;31.92;0
18637;5367;116;8;31.81;0
18638;5367;115;7;21.03;0
18639;5368;116;1;31.81;0
18640;5369;104;7;4.07;0
18641;5369;101;3;44.35;0
18642;5369;114;1;31.92;0
18643;5369;110;6;87.41;0
18644;5369;111;9;34.02;0
18645;5369;102;1;16.63;0
18646;5370;118;10;11.11;0
18647;5370;111;9;34.02;0
18648;5370;104;8;4.07;0
18649;5370;110;1;87.41;0
18650;5370;102;9;16.63;0
18651;5370;113;3;85.64;0
18652;5371;110;3;87.41;0
18653;5371;102;9;16.63;2
18654;5371;109;4;14.81;0
18655;5371;114;9;31.92;0
18656;5371;113;8;85.64;0
18657;5371;118;2;11.11;0
18658;5372;110;9;87.41;0
18659;5372;104;3;4.07;0
18660;5372;101;10;44.35;9
18661;5372;112;8;11.48;0
18662;5372;111;1;34.02;0
18663;5372;118;7;11.11;0
18664;5373;118;4;11.11;0
18665;5373;108;4;11.73;0
18666;5374;101;4;44.35;0
18667;5374;117;6;94.29;0
18668;5375;102;10;16.63;0
18669;5375;104;6;4.07;0
18670;5375;105;4;86.64;0
18671;5375;111;8;34.02;0
18672;5375;118;6;11.11;0
18673;5376;113;2;85.64;0
18674;5377;113;2;85.64;0
18675;5377;108;9;11.73;0
18676;5377;109;8;14.81;0
18677;5377;117;6;94.29;0
18678;5377;102;7;16.63;4
18679;5377;104;1;4.07;0
18680;5378;111;9;34.02;0
18681;5379;108;1;11.73;0
18682;5380;117;10;94.29;0
18683;5380;113;3;85.64;0
18684;5380;111;1;34.02;0
18685;5381;103;5;93.05;0
18686;5382;116;3;31.81;0
18687;5382;115;6;21.03;0
18688;5382;117;9;94.29;0
18689;5383;105;7;86.64;0
18690;5383;106;8;93.64;0
18691;5383;111;7;34.02;0
18692;5383;117;8;94.29;0
18693;5383;102;4;16.63;3
18694;5384;107;5;77.21;0
18695;5385;111;2;34.02;0
18696;5386;105;5;86.64;0
18697;5387;112;1;11.48;0
18698;5388;109;6;14.81;0
18699;5388;115;7;21.03;0
18700;5388;105;7;86.64;0
18701;5388;107;5;77.21;0
18702;5388;113;5;85.64;0
18703;5389;105;8;86.64;3
18704;5389;118;10;11.11;0
18705;5390;102;5;16.63;0
18706;5391;102;1;16.63;0
18707;5392;102;5;16.63;0
18708;5392;111;8;34.02;0
18709;5393;116;3;31.81;0
18710;5394;102;10;16.63;0
18711;5394;117;5;94.29;0
18712;5394;103;6;93.05;0
18713;5394;113;7;85.64;1
18714;5395;114;1;31.92;0
18715;5395;105;8;86.64;0
18716;5395;115;10;21.03;0
18717;5395;116;5;31.81;0
18718;5395;108;2;11.73;0
18719;5395;113;7;85.64;0
18720;5396;116;8;31.81;0
18721;5396;117;9;94.29;0
18722;5396;115;2;21.03;0
18723;5396;118;1;11.11;0
18724;5397;115;2;21.03;0
18725;5397;113;2;85.64;0
18726;5397;117;8;94.29;0
18727;5397;102;6;16.63;0
18728;5397;109;7;14.81;0
18729;5398;106;1;93.64;0
18730;5399;104;1;4.07;0
18731;5400;117;7;94.29;0
18732;5400;105;7;86.64;0
18733;5400;113;6;85.64;0
18734;5400;114;10;31.92;0
18735;5401;101;7;44.35;0
18736;5401;115;3;21.03;0
18737;5401;106;9;93.64;0
18738;5401;116;2;31.81;0
18739;5402;111;5;34.02;0
18740;5403;117;3;94.29;0
18741;5403;101;4;44.35;0
18742;5403;111;5;34.02;0
18743;5403;102;6;16.63;0
18744;5403;103;1;93.05;1
18745;5403;110;9;87.41;0
18746;5404;103;9;93.05;0
18747;5404;118;2;11.11;0
18748;5404;109;3;14.81;0
18749;5404;106;1;93.64;0
18750;5405;113;5;85.64;0
18751;5405;102;8;16.63;0
18752;5406;103;9;93.05;0
18753;5406;118;2;11.11;0
18754;5406;108;9;11.73;0
18755;5406;116;9;31.81;0
18756;5407;106;6;93.64;0
18757;5408;107;9;77.21;0
18758;5409;106;3;93.64;0
18759;5410;107;1;77.21;0
18760;5410;106;5;93.64;0
18761;5410;114;5;31.92;0
18762;5410;116;6;31.81;0
18763;5410;118;1;11.11;0
18764;5410;109;1;14.81;0
18765;5411;116;5;31.81;0
18766;5411;110;10;87.41;0
18767;5411;101;3;44.35;0
18768;5411;112;9;11.48;0
18769;5411;115;2;21.03;0
18770;5412;116;6;31.81;4
18771;5412;112;3;11.48;0
18772;5412;113;5;85.64;0
18773;5412;118;7;11.11;0
18774;5412;115;2;21.03;0
18775;5413;113;1;85.64;0
18776;5413;108;10;11.73;0
18777;5413;101;5;44.35;0
18778;5414;109;1;14.81;0
18779;5414;110;7;87.41;0
18780;5415;112;8;11.48;0
18781;5416;111;5;34.02;0
18782;5416;107;10;77.21;0
18783;5417;104;3;4.07;0
18784;5417;101;7;44.35;0
18785;5417;102;1;16.63;0
18786;5417;107;9;77.21;0
18787;5417;105;6;86.64;0
18788;5418;106;2;93.64;1
18789;5418;101;4;44.35;0
18790;5419;105;5;86.64;0
18791;5419;108;9;11.73;1
18792;5419;113;2;85.64;0
18793;5419;107;1;77.21;0
18794;5419;106;6;93.64;0
18795;5420;112;8;11.48;0
18796;5420;114;2;31.92;0
18797;5420;102;6;16.63;0
18798;5420;106;1;93.64;1
18799;5420;116;5;31.81;0
18800;5421;105;8;86.64;8
18801;5421;116;9;31.81;0
18802;5422;109;6;14.81;0
18803;5422;113;9;85.64;0
18804;5423;105;5;86.64;0
18805;5423;115;5;21.03;0
18806;5423;114;6;31.92;0
18807;5423;104;1;4.07;0
18808;5423;111;6;34.02;0
18809;5424;112;3;11.48;0
18810;5424;117;8;94.29;0
18811;5424;106;10;93.64;0
18812;5425;114;6;31.92;0
18813;5426;116;9;31.81;0
18814;5427;117;9;94.29;0
18815;5427;110;10;87.41;0
18816;5427;111;5;34.02;0
18817;5427;115;2;21.03;0
18818;5428;106;9;93.64;0
18819;5428;104;6;4.07;0
18820;5428;110;1;87.41;0
18821;5428;111;4;34.02;0
18822;5429;108;10;11.73;0
18823;5430;117;6;94.29;0
18824;5431;109;7;14.81;0
18825;5431;113;9;85.64;0
18826;5431;114;3;31.92;0
18827;5431;104;9;4.07;0
18828;5431;110;9;87.41;0
18829;5431;101;8;44.35;0
18830;5432;114;9;31.92;0
18831;5432;103;7;93.05;0
18832;5432;110;8;87.41;0
18833;5432;112;1;11.48;0
18834;5432;113;9;85.64;0
18835;5433;113;4;85.64;0
18836;5433;102;9;16.63;2
18837;5433;107;4;77.21;0
18838;5433;118;10;11.11;0
18839;5433;109;4;14.81;0
18840;5434;114;6;31.92;0
18841;5434;118;2;11.11;0
18842;5434;109;9;14.81;0
18843;5435;113;4;85.64;0
18844;5435;101;7;44.35;0
18845;5435;117;6;94.29;0
18846;5435;110;9;87.41;0
18847;5436;109;4;14.81;0
18848;5436;114;6;31.92;0
18849;5436;113;7;85.64;0
18850;5436;106;4;93.64;0
18851;5436;116;1;31.81;0
18852;5437;107;5;77.21;0
18853;5437;111;1;34.02;0
18854;5437;112;5;11.48;0
18855;5437;102;7;16.63;0
18856;5437;113;2;85.64;0
18857;5438;115;5;21.03;0
18858;5438;108;2;11.73;0
18859;5438;112;5;11.48;0
18860;5439;111;6;34.02;0
18861;5440;113;4;85.64;0
18862;5440;103;6;93.05;0
18863;5440;116;7;31.81;0
18864;5440;104;1;4.07;0
18865;5441;112;6;11.48;0
18866;5441;106;8;93.64;0
18867;5441;114;3;31.92;0
18868;5442;117;3;94.29;0
18869;5442;106;10;93.64;0
18870;5442;104;1;4.07;0
18871;5443;112;1;11.48;0
18872;5443;110;2;87.41;0
18873;5443;101;2;44.35;0
18874;5444;118;8;11.11;0
18875;5444;107;6;77.21;0
18876;5445;105;7;86.64;0
18877;5445;107;6;77.21;0
18878;5445;112;3;11.48;0
18879;5445;104;8;4.07;0
18880;5445;101;2;44.35;0
18881;5445;110;4;87.41;0
18882;5446;101;9;44.35;0
18883;5446;105;3;86.64;0
18884;5446;115;8;21.03;0
18885;5446;106;2;93.64;0
18886;5446;118;8;11.11;0
18887;5446;107;9;77.21;0
18888;5447;108;1;11.73;0
18889;5447;116;4;31.81;0
18890;5448;104;4;4.07;0
18891;5448;113;3;85.64;0
18892;5448;110;3;87.41;0
18893;5448;109;8;14.81;0
18894;5448;116;1;31.81;1
18895;5449;116;10;31.81;0
18896;5449;112;4;11.48;0
18897;5449;109;10;14.81;0
18898;5449;111;7;34.02;0
18899;5449;106;3;93.64;0
18900;5449;117;3;94.29;0
18901;5450;101;2;44.35;0
18902;5450;113;5;85.64;0
18903;5451;118;3;11.11;2
18904;5451;107;2;77.21;0
18905;5452;110;10;87.41;0
18906;5453;104;9;4.07;0
18907;5453;112;6;11.48;0
18908;5453;102;4;16.63;0
18909;5454;104;9;4.07;0
18910;5454;106;9;93.64;0
18911;5454;111;9;34.02;0
18912;5454;112;3;11.48;0
18913;5454;116;6;31.81;0
18914;5455;116;8;31.81;0
18915;5455;105;1;86.64;0
18916;5455;113;5;85.64;0
18917;5455;110;1;87.41;0
18918;5455;115;10;21.03;0
18919;5455;118;3;11.11;0
18920;5456;108;6;11.73;0
18921;5456;111;4;34.02;0
18922;5457;114;10;31.92;0
18923;5458;115;8;21.03;0
18924;5458;117;4;94.29;0
18925;5458;105;2;86.64;0
18926;5458;113;2;85.64;0
18927;5458;116;5;31.81;0
18928;5458;102;4;16.63;0
18929;5459;109;9;14.81;0
18930;5459;110;4;87.41;0
18931;5459;118;6;11.11;0
18932;5460;102;1;16.63;0
18933;5460;113;2;85.64;0
18934;5460;117;8;94.29;0
18935;5460;115;4;21.03;0
18936;5460;109;4;14.81;0
18937;5461;111;10;34.02;0
18938;5462;108;8;11.73;0
18939;5462;117;1;94.29;0
18940;5462;101;2;44.35;0
18941;5462;104;2;4.07;0
18942;5462;103;9;93.05;0
18943;5462;107;10;77.21;0
18944;5463;109;4;14.81;0
18945;5463;103;3;93.05;0
18946;5463;111;2;34.02;0
18947;5463;108;9;11.73;0
18948;5463;114;10;31.92;0
18949;5464;116;6;31.81;0
18950;5464;117;4;94.29;0
18951;5464;113;7;85.64;0
18952;5464;107;2;77.21;0
18953;5464;112;5;11.48;0
18954;5464;118;8;11.11;0
18955;5465;111;8;34.02;0
18956;5466;108;4;11.73;0
18957;5466;101;1;44.35;0
18958;5466;105;9;86.64;0
18959;5466;114;4;31.92;0
18960;5466;109;7;14.81;0
18961;5466;103;7;93.05;0
18962;5467;104;3;4.07;0
18963;5467;105;5;86.64;0
18964;5468;111;8;34.02;0
18965;5468;105;9;86.64;0
18966;5468;101;3;44.35;0
18967;5468;118;4;11.11;0
18968;5468;108;7;11.73;0
18969;5468;115;1;21.03;0
18970;5469;113;8;85.64;0
18971;5469;105;6;86.64;2
18972;5469;118;5;11.11;0
18973;5469;115;6;21.03;0
18974;5470;117;4;94.29;0
18975;5471;109;2;14.81;0
18976;5471;116;4;31.81;0
18977;5472;105;2;86.64;0
18978;5472;114;1;31.92;0
18979;5472;115;7;21.03;0
18980;5472;106;2;93.64;0
18981;5473;116;1;31.81;0
18982;5473;104;7;4.07;0
18983;5473;103;10;93.05;0
18984;5473;113;2;85.64;0
18985;5474;110;6;87.41;0
18986;5474;108;1;11.73;0
18987;5474;107;10;77.21;0
18988;5475;102;9;16.63;0
18989;5475;115;7;21.03;0
18990;5476;118;9;11.11;0
18991;5476;116;8;31.81;0
18992;5476;106;5;93.64;0
18993;5476;102;3;16.63;0
18994;5477;108;10;11.73;0
18995;5477;118;9;11.11;0
18996;5478;117;9;94.29;0
18997;5479;116;6;31.81;0
18998;5479;112;10;11.48;0
18999;5480;110;7;87.41;0
19000;5480;116;1;31.81;0
19001;5480;114;3;31.92;0
19002;5480;112;6;11.48;1
19003;5480;104;1;4.07;0
19004;5480;107;6;77.21;0
19005;5481;106;3;93.64;0
19006;5481;117;8;94.29;0
19007;5481;113;7;85.64;0
19008;5481;105;1;86.64;0
19009;5482;115;5;21.03;0
19010;5482;118;3;11.11;0
19011;5482;105;4;86.64;0
19012;5482;107;9;77.21;0
19013;5482;111;7;34.02;0
19014;5482;103;6;93.05;0
19015;5483;114;10;31.92;0
19016;5483;105;5;86.64;0
19017;5483;117;9;94.29;0
19018;5484;105;1;86.64;0
19019;5484;109;3;14.81;0
19020;5484;116;5;31.81;0
19021;5484;107;8;77.21;0
19022;5485;116;10;31.81;0
19023;5486;104;7;4.07;0
19024;5486;113;10;85.64;0
19025;5486;112;4;11.48;0
19026;5486;108;1;11.73;0
19027;5486;115;7;21.03;0
19028;5486;103;8;93.05;0
19029;5487;111;5;34.02;0
19030;5487;106;3;93.64;0
19031;5488;115;6;21.03;0
19032;5488;102;4;16.63;2
19033;5488;101;4;44.35;0
19034;5488;111;2;34.02;0
19035;5489;104;6;4.07;0
19036;5489;105;3;86.64;0
19037;5489;114;9;31.92;0
19038;5490;111;7;34.02;0
19039;5490;103;6;93.05;0
19040;5490;109;3;14.81;0
19041;5490;114;2;31.92;0
19042;5490;112;8;11.48;0
19043;5491;113;2;85.64;0
19044;5491;118;4;11.11;0
19045;5491;103;3;93.05;0
19046;5491;105;6;86.64;0
19047;5491;109;4;14.81;0
19048;5491;110;2;87.41;0
19049;5492;107;10;77.21;0
19050;5492;115;10;21.03;0
19051;5492;116;1;31.81;0
19052;5493;112;7;11.48;0
19053;5493;104;6;4.07;0
19054;5493;106;9;93.64;0
19055;5494;114;10;31.92;0
19056;5494;103;3;93.05;0
19057;5494;102;9;16.63;0
19058;5494;101;9;44.35;0
19059;5495;102;4;16.63;0
19060;5495;111;4;34.02;0
19061;5495;103;3;93.05;0
19062;5496;109;1;14.81;0
19063;5496;117;7;94.29;0
19064;5497;115;10;21.03;0
19065;5497;104;5;4.07;0
19066;5498;117;10;94.29;0
19067;5499;113;7;85.64;0
19068;5500;108;2;11.73;0
19069;5500;105;7;86.64;0
19070;5500;113;7;85.64;7
19071;5500;106;4;93.64;0
19072;5500;102;3;16.63;0
19073;5500;103;7;93.05;0
19074;5501;110;2;87.41;0
19075;5501;108;10;11.73;0
19076;5501;112;10;11.48;0
19077;5501;106;3;93.64;0
19078;5501;111;3;34.02;0
19079;5502;109;7;14.81;0
19080;5503;111;4;34.02;2
19081;5504;118;5;11.11;0
19082;5505;107;9;77.21;0
19083;5505;117;4;94.29;0
19084;5506;102;5;16.63;1
19085;5506;116;2;31.81;0
19086;5506;115;6;21.03;0
19087;5506;114;7;31.92;0
19088;5506;109;3;14.81;0
19089;5506;108;4;11.73;0
19090;5507;116;9;31.81;0
19091;5507;107;7;77.21;0
19092;5507;111;3;34.02;0
19093;5507;102;7;16.63;0
19094;5507;109;8;14.81;0
19095;5508;107;6;77.21;0
19096;5508;105;8;86.64;0
19097;5508;110;5;87.41;0
19098;5509;102;3;16.63;0
19099;5509;116;8;31.81;0
19100;5509;110;2;87.41;0
19101;5509;108;3;11.73;0
19102;5510;118;10;11.11;0
19103;5511;110;3;87.41;0
19104;5511;114;2;31.92;0
19105;5512;109;7;14.81;0
19106;5512;102;8;16.63;0
19107;5512;108;5;11.73;0
19108;5512;101;9;44.35;0
19109;5512;111;10;34.02;0
19110;5513;117;5;94.29;0
19111;5514;114;8;31.92;0
19112;5514;109;4;14.81;0
19113;5514;107;1;77.21;0
19114;5514;116;2;31.81;0
19115;5514;111;7;34.02;0
19116;5515;118;4;11.11;0
19117;5515;103;9;93.05;0
19118;5515;116;3;31.81;0
19119;5515;117;3;94.29;0
19120;5515;105;2;86.64;0
19121;5515;109;9;14.81;0
19122;5516;101;9;44.35;0
19123;5516;110;5;87.41;0
19124;5516;114;3;31.92;0
19125;5517;117;10;94.29;0
19126;5517;111;3;34.02;0
19127;5518;110;10;87.41;0
19128;5518;109;8;14.81;0
19129;5519;110;6;87.41;0
19130;5519;115;9;21.03;0
19131;5519;116;7;31.81;0
19132;5519;102;1;16.63;0
19133;5519;104;5;4.07;0
19134;5519;114;1;31.92;0
19135;5520;102;7;16.63;0
19136;5520;117;3;94.29;2
19137;5521;117;6;94.29;0
19138;5521;107;8;77.21;0
19139;5521;105;10;86.64;0
19140;5521;118;7;11.11;1
19141;5521;113;8;85.64;2
19142;5522;101;4;44.35;0
19143;5522;114;7;31.92;6
19144;5522;103;6;93.05;0
19145;5522;112;2;11.48;0
19146;5522;110;10;87.41;0
19147;5523;116;1;31.81;0
19148;5523;102;7;16.63;0
19149;5523;118;2;11.11;0
19150;5523;107;6;77.21;0
19151;5524;108;1;11.73;0
19152;5524;113;10;85.64;0
19153;5524;101;5;44.35;0
19154;5525;117;2;94.29;0
19155;5525;118;5;11.11;0
19156;5525;114;3;31.92;0
19157;5525;110;10;87.41;0
19158;5525;113;7;85.64;0
19159;5525;109;1;14.81;0
19160;5526;117;2;94.29;2
19161;5526;102;3;16.63;0
19162;5526;109;2;14.81;0
19163;5526;104;2;4.07;2
19164;5527;102;3;16.63;0
19165;5527;118;3;11.11;0
19166;5527;114;10;31.92;0
19167;5527;116;10;31.81;0
19168;5527;117;7;94.29;0
19169;5527;107;10;77.21;0
19170;5528;103;3;93.05;0
19171;5528;108;3;11.73;0
19172;5528;101;3;44.35;0
19173;5529;104;2;4.07;0
19174;5529;109;1;14.81;0
19175;5530;114;3;31.92;0
19176;5531;112;5;11.48;0
19177;5531;107;3;77.21;0
19178;5531;116;4;31.81;0
19179;5531;110;1;87.41;0
19180;5532;105;3;86.64;0
19181;5532;106;8;93.64;0
19182;5532;102;8;16.63;0
19183;5533;103;9;93.05;0
19184;5533;101;1;44.35;0
19185;5533;105;4;86.64;0
19186;5534;109;2;14.81;0
19187;5534;116;2;31.81;0
19188;5535;108;6;11.73;0
19189;5535;101;10;44.35;0
19190;5535;105;8;86.64;0
19191;5535;104;7;4.07;0
19192;5535;117;3;94.29;0
19193;5536;112;5;11.48;2
19194;5536;118;6;11.11;0
19195;5536;113;8;85.64;0
19196;5536;107;3;77.21;0
19197;5536;110;7;87.41;0
19198;5536;103;6;93.05;0
19199;5537;112;8;11.48;0
19200;5537;106;6;93.64;0
19201;5538;101;5;44.35;0
19202;5539;102;7;16.63;0
19203;5539;110;4;87.41;0
19204;5539;117;1;94.29;0
19205;5539;112;9;11.48;0
19206;5539;103;4;93.05;0
19207;5540;102;1;16.63;0
19208;5540;104;6;4.07;0
19209;5540;114;5;31.92;0
19210;5541;109;7;14.81;0
19211;5541;112;4;11.48;0
19212;5541;116;7;31.81;0
19213;5541;111;10;34.02;0
19214;5541;110;8;87.41;0
19215;5541;105;6;86.64;0
19216;5542;114;1;31.92;1
19217;5542;117;7;94.29;0
19218;5542;115;3;21.03;0
19219;5542;109;3;14.81;0
19220;5542;111;1;34.02;0
19221;5542;110;3;87.41;0
19222;5543;115;4;21.03;0
19223;5544;111;10;34.02;0
19224;5545;104;1;4.07;0
19225;5545;113;8;85.64;7
19226;5545;102;7;16.63;0
19227;5546;103;7;93.05;0
19228;5546;109;1;14.81;0
19229;5547;109;1;14.81;0
19230;5547;106;5;93.64;0
19231;5547;111;1;34.02;0
19232;5547;102;8;16.63;0
19233;5547;118;3;11.11;0
19234;5548;105;1;86.64;0
19235;5548;104;9;4.07;0
19236;5548;106;10;93.64;0
19237;5548;113;1;85.64;0
19238;5549;118;9;11.11;0
19239;5550;112;3;11.48;0
19240;5550;109;5;14.81;0
19241;5550;114;4;31.92;0
19242;5550;104;1;4.07;0
19243;5550;103;6;93.05;0
19244;5550;108;2;11.73;0
19245;5551;116;7;31.81;0
19246;5551;110;9;87.41;4
19247;5552;112;3;11.48;0
19248;5552;104;6;4.07;0
19249;5552;107;9;77.21;3
19250;5552;116;6;31.81;3
19251;5553;102;5;16.63;0
19252;5553;116;3;31.81;0
19253;5553;112;6;11.48;0
19254;5554;102;6;16.63;0
19255;5554;103;4;93.05;0
19256;5555;110;2;87.41;2
19257;5555;103;5;93.05;1
19258;5555;105;1;86.64;0
19259;5555;118;2;11.11;0
19260;5555;111;10;34.02;0
19261;5555;112;2;11.48;0
19262;5556;109;9;14.81;0
19263;5556;102;10;16.63;0
19264;5556;118;3;11.11;0
19265;5556;105;3;86.64;0
19266;5556;108;3;11.73;1
19267;5556;106;9;93.64;0
19268;5557;118;9;11.11;0
19269;5557;104;10;4.07;0
19270;5557;114;5;31.92;0
19271;5557;106;9;93.64;0
19272;5557;115;10;21.03;0
19273;5557;103;1;93.05;0
19274;5558;109;4;14.81;0
19275;5558;106;1;93.64;0
19276;5559;116;8;31.81;0
19277;5559;115;4;21.03;0
19278;5560;107;6;77.21;0
19279;5561;111;1;34.02;0
19280;5561;107;10;77.21;0
19281;5562;113;9;85.64;0
19282;5562;117;9;94.29;0
19283;5562;101;2;44.35;0
19284;5562;118;10;11.11;0
19285;5562;111;9;34.02;0
19286;5562;107;3;77.21;0
19287;5563;102;4;16.63;0
19288;5563;114;2;31.92;0
19289;5564;115;6;21.03;0
19290;5564;104;10;4.07;0
19291;5564;105;4;86.64;0
19292;5564;109;8;14.81;0
19293;5565;105;2;86.64;0
19294;5566;104;5;4.07;0
19295;5566;117;8;94.29;0
19296;5566;105;10;86.64;0
19297;5566;110;4;87.41;0
19298;5566;116;7;31.81;0
19299;5567;108;9;11.73;0
19300;5567;106;10;93.64;0
19301;5567;118;7;11.11;3
19302;5568;110;6;87.41;0
19303;5568;104;2;4.07;1
19304;5568;112;1;11.48;0
19305;5568;102;5;16.63;0
19306;5568;114;2;31.92;0
19307;5568;106;10;93.64;0
19308;5569;104;8;4.07;0
19309;5569;114;7;31.92;6
19310;5569;105;7;86.64;0
19311;5569;117;6;94.29;0
19312;5569;102;3;16.63;0
19313;5569;111;4;34.02;0
19314;5570;108;6;11.73;3
19315;5571;101;3;44.35;0
19316;5571;106;6;93.64;0
19317;5571;110;7;87.41;0
19318;5571;102;10;16.63;9
19319;5571;116;7;31.81;0
19320;5571;108;4;11.73;0
19321;5572;116;5;31.81;0
19322;5572;114;2;31.92;0
19323;5573;102;2;16.63;0
19324;5573;106;7;93.64;0
19325;5573;107;5;77.21;0
19326;5573;118;8;11.11;0
19327;5573;109;9;14.81;0
19328;5573;114;9;31.92;0
19329;5574;108;8;11.73;0
19330;5575;111;2;34.02;0
19331;5575;104;3;4.07;3
19332;5575;116;5;31.81;0
19333;5576;115;2;21.03;0
19334;5576;107;7;77.21;0
19335;5576;111;4;34.02;0
19336;5576;102;8;16.63;0
19337;5577;116;4;31.81;0
19338;5577;113;6;85.64;0
19339;5578;103;4;93.05;0
19340;5578;114;8;31.92;0
19341;5578;109;6;14.81;0
19342;5579;105;7;86.64;0
19343;5579;108;9;11.73;0
19344;5579;107;3;77.21;0
19345;5579;111;9;34.02;0
19346;5579;112;1;11.48;0
19347;5579;110;5;87.41;0
19348;5580;105;2;86.64;0
19349;5580;106;1;93.64;0
19350;5581;105;3;86.64;0
19351;5581;114;8;31.92;0
19352;5581;109;3;14.81;0
19353;5581;102;6;16.63;0
19354;5581;111;4;34.02;0
19355;5582;102;5;16.63;0
19356;5583;115;1;21.03;0
19357;5583;108;6;11.73;0
19358;5583;110;10;87.41;0
19359;5583;113;1;85.64;0
19360;5583;101;9;44.35;0
19361;5583;114;1;31.92;0
19362;5584;112;4;11.48;0
19363;5584;108;10;11.73;0
19364;5584;116;8;31.81;0
19365;5584;117;2;94.29;0
19366;5585;117;10;94.29;0
19367;5585;103;2;93.05;0
19368;5585;107;5;77.21;0
19369;5585;118;5;11.11;0
19370;5585;116;7;31.81;0
19371;5585;114;10;31.92;0
19372;5586;102;6;16.63;0
19373;5586;101;9;44.35;0
19374;5586;108;9;11.73;0
19375;5586;111;8;34.02;0
19376;5587;107;9;77.21;0
19377;5588;115;8;21.03;0
19378;5589;106;7;93.64;0
19379;5589;117;7;94.29;0
19380;5589;102;8;16.63;0
19381;5589;118;4;11.11;0
19382;5589;109;1;14.81;0
19383;5589;116;8;31.81;0
19384;5590;109;7;14.81;0
19385;5590;112;8;11.48;0
19386;5591;112;7;11.48;0
19387;5592;112;9;11.48;0
19388;5592;108;7;11.73;0
19389;5592;115;7;21.03;0
19390;5592;111;10;34.02;0
19391;5592;113;10;85.64;0
19392;5592;118;9;11.11;0
19393;5593;117;6;94.29;0
19394;5593;111;7;34.02;0
19395;5593;112;10;11.48;0
19396;5593;104;1;4.07;0
19397;5594;107;4;77.21;0
19398;5595;102;5;16.63;0
19399;5595;104;1;4.07;0
19400;5596;111;9;34.02;0
19401;5596;109;4;14.81;0
19402;5596;115;2;21.03;0
19403;5596;117;6;94.29;0
19404;5596;110;7;87.41;5
19405;5596;103;8;93.05;0
19406;5597;102;2;16.63;0
19407;5597;113;6;85.64;0
19408;5598;118;10;11.11;0
19409;5598;102;9;16.63;0
19410;5598;106;3;93.64;0
19411;5598;105;2;86.64;1
19412;5598;113;3;85.64;0
19413;5599;117;6;94.29;0
19414;5600;106;5;93.64;0
19415;5600;115;5;21.03;0
19416;5600;107;4;77.21;0
19417;5600;117;7;94.29;0
19418;5600;110;8;87.41;0
19419;5600;104;1;4.07;0
19420;5601;105;3;86.64;0
19421;5601;101;3;44.35;0
19422;5601;110;3;87.41;0
19423;5601;109;3;14.81;0
19424;5602;114;10;31.92;0
19425;5603;115;10;21.03;0
19426;5603;104;5;4.07;0
19427;5603;111;4;34.02;0
19428;5603;106;9;93.64;0
19429;5603;109;6;14.81;0
19430;5604;106;7;93.64;0
19431;5604;101;7;44.35;0
19432;5604;103;6;93.05;0
19433;5604;102;3;16.63;0
19434;5605;102;10;16.63;0
19435;5605;106;8;93.64;0
19436;5605;105;7;86.64;0
19437;5605;101;6;44.35;0
19438;5606;107;5;77.21;0
19439;5606;108;10;11.73;0
19440;5606;112;3;11.48;0
19441;5606;103;8;93.05;0
19442;5607;111;8;34.02;0
19443;5607;114;1;31.92;0
19444;5607;103;8;93.05;0
19445;5608;108;7;11.73;0
19446;5608;109;9;14.81;3
19447;5608;112;3;11.48;0
19448;5608;106;9;93.64;0
19449;5608;111;4;34.02;0
19450;5609;114;6;31.92;0
19451;5609;118;5;11.11;0
19452;5609;109;10;14.81;0
19453;5609;115;2;21.03;0
19454;5609;116;7;31.81;0
19455;5610;102;1;16.63;0
19456;5610;107;8;77.21;0
19457;5610;114;2;31.92;0
19458;5611;115;4;21.03;0
19459;5611;103;7;93.05;0
19460;5611;118;3;11.11;0
19461;5611;107;1;77.21;0
19462;5611;109;1;14.81;0
19463;5611;116;9;31.81;0
19464;5612;101;5;44.35;0
19465;5612;103;9;93.05;0
19466;5612;118;4;11.11;0
19467;5613;103;5;93.05;0
19468;5614;113;4;85.64;0
19469;5615;111;7;34.02;0
19470;5616;106;1;93.64;0
19471;5616;110;1;87.41;0
19472;5616;115;6;21.03;0
19473;5616;117;3;94.29;0
19474;5617;112;4;11.48;1
19475;5618;115;4;21.03;0
19476;5618;101;1;44.35;0
19477;5618;102;3;16.63;0
19478;5619;108;6;11.73;0
19479;5619;102;9;16.63;0
19480;5620;110;2;87.41;0
19481;5620;104;7;4.07;0
19482;5620;107;10;77.21;0
19483;5620;116;8;31.81;0
19484;5620;112;5;11.48;0
19485;5621;116;7;31.81;0
19486;5621;107;9;77.21;0
19487;5622;113;3;85.64;0
19488;5622;107;10;77.21;0
19489;5622;115;9;21.03;0
19490;5622;101;9;44.35;0
19491;5622;114;6;31.92;0
19492;5623;113;4;85.64;0
19493;5623;118;8;11.11;0
19494;5624;105;4;86.64;0
19495;5624;106;1;93.64;0
19496;5624;112;4;11.48;0
19497;5624;110;7;87.41;0
19498;5624;113;7;85.64;6
19499;5625;105;2;86.64;0
19500;5625;113;3;85.64;0
19501;5625;114;2;31.92;0
19502;5626;108;7;11.73;0
19503;5627;105;7;86.64;0
19504;5627;114;3;31.92;0
19505;5627;104;3;4.07;3
19506;5627;106;3;93.64;0
19507;5627;118;5;11.11;4
19508;5627;108;7;11.73;0
19509;5628;111;3;34.02;0
19510;5628;103;8;93.05;0
19511;5628;117;3;94.29;0
19512;5629;105;8;86.64;0
19513;5630;115;9;21.03;0
19514;5630;104;3;4.07;0
19515;5631;110;10;87.41;0
19516;5631;109;6;14.81;0
19517;5631;106;1;93.64;0
19518;5631;112;5;11.48;0
19519;5631;104;6;4.07;0
19520;5632;113;9;85.64;0
19521;5633;105;7;86.64;0
19522;5633;118;8;11.11;0
19523;5633;101;3;44.35;0
19524;5633;102;9;16.63;0
19525;5634;113;2;85.64;0
19526;5634;110;2;87.41;0
19527;5634;107;1;77.21;0
19528;5634;104;6;4.07;0
19529;5634;111;7;34.02;0
19530;5635;102;6;16.63;0
19531;5635;103;10;93.05;0
19532;5635;106;8;93.64;0
19533;5635;115;10;21.03;0
19534;5635;118;2;11.11;0
19535;5636;115;10;21.03;0
19536;5636;117;1;94.29;0
19537;5636;118;2;11.11;0
19538;5636;111;3;34.02;0
19539;5637;101;3;44.35;0
19540;5637;111;10;34.02;0
19541;5637;117;3;94.29;3
19542;5637;103;9;93.05;0
19543;5638;103;4;93.05;0
19544;5639;115;3;21.03;0
19545;5639;106;6;93.64;0
19546;5639;108;10;11.73;0
19547;5639;118;7;11.11;0
19548;5639;102;3;16.63;0
19549;5639;116;7;31.81;0
19550;5640;118;2;11.11;0
19551;5640;113;5;85.64;0
19552;5640;110;5;87.41;0
19553;5641;108;7;11.73;0
19554;5641;113;8;85.64;0
19555;5641;106;1;93.64;0
19556;5641;111;5;34.02;0
19557;5642;102;8;16.63;0
19558;5642;112;3;11.48;0
19559;5642;107;3;77.21;0
19560;5642;108;6;11.73;0
19561;5643;106;6;93.64;0
19562;5643;101;3;44.35;0
19563;5643;118;5;11.11;0
19564;5643;105;8;86.64;0
19565;5643;104;2;4.07;0
19566;5643;117;8;94.29;7
19567;5644;103;9;93.05;0
19568;5644;114;5;31.92;0
19569;5644;115;8;21.03;0
19570;5644;110;9;87.41;0
19571;5645;111;3;34.02;0
19572;5645;118;6;11.11;0
19573;5645;109;1;14.81;0
19574;5645;117;2;94.29;0
19575;5645;104;9;4.07;0
19576;5645;114;1;31.92;0
19577;5646;111;8;34.02;0
19578;5646;102;8;16.63;0
19579;5647;118;4;11.11;0
19580;5647;114;9;31.92;0
19581;5647;112;10;11.48;0
19582;5647;115;2;21.03;0
19583;5647;105;10;86.64;0
19584;5647;109;7;14.81;0
19585;5648;102;1;16.63;0
19586;5648;113;9;85.64;0
19587;5648;115;8;21.03;0
19588;5648;104;2;4.07;0
19589;5648;118;8;11.11;0
19590;5648;112;7;11.48;0
19591;5649;110;8;87.41;0
19592;5649;112;9;11.48;0
19593;5650;109;3;14.81;0
19594;5650;104;4;4.07;0
19595;5650;118;10;11.11;0
19596;5650;108;7;11.73;0
19597;5650;111;7;34.02;0
19598;5651;106;5;93.64;0
19599;5651;111;3;34.02;0
19600;5652;113;1;85.64;0
19601;5652;111;7;34.02;0
19602;5653;115;5;21.03;0
19603;5653;117;4;94.29;0
19604;5653;107;10;77.21;0
19605;5654;112;2;11.48;0
19606;5654;104;2;4.07;0
19607;5654;108;1;11.73;0
19608;5654;115;2;21.03;0
19609;5655;106;2;93.64;0
19610;5655;111;1;34.02;0
19611;5655;114;8;31.92;0
19612;5655;113;5;85.64;0
19613;5656;115;5;21.03;0
19614;5656;110;3;87.41;0
19615;5656;113;4;85.64;0
19616;5656;104;5;4.07;0
19617;5656;114;5;31.92;0
19618;5656;116;5;31.81;0
19619;5657;109;10;14.81;0
19620;5657;107;3;77.21;0
19621;5658;112;5;11.48;0
19622;5659;108;10;11.73;0
19623;5659;115;4;21.03;0
19624;5660;111;9;34.02;0
19625;5660;108;5;11.73;0
19626;5660;118;4;11.11;0
19627;5661;109;6;14.81;0
19628;5661;112;3;11.48;0
19629;5661;105;5;86.64;0
19630;5661;117;6;94.29;0
19631;5661;103;1;93.05;0
19632;5661;115;3;21.03;0
19633;5662;110;3;87.41;0
19634;5662;112;4;11.48;0
19635;5662;101;10;44.35;0
19636;5663;117;3;94.29;1
19637;5663;115;6;21.03;0
19638;5663;118;3;11.11;0
19639;5663;109;9;14.81;0
19640;5663;111;8;34.02;0
19641;5664;101;7;44.35;0
19642;5664;109;6;14.81;2
19643;5665;112;10;11.48;0
19644;5665;105;7;86.64;0
19645;5665;115;6;21.03;0
19646;5665;107;4;77.21;0
19647;5666;109;2;14.81;0
19648;5666;112;6;11.48;0
19649;5666;117;4;94.29;0
19650;5666;111;4;34.02;0
19651;5666;107;3;77.21;0
19652;5667;115;9;21.03;0
19653;5667;104;10;4.07;0
19654;5668;115;8;21.03;0
19655;5668;113;3;85.64;0
19656;5668;117;1;94.29;0
19657;5668;116;6;31.81;0
19658;5668;114;7;31.92;0
19659;5669;116;5;31.81;0
19660;5670;106;1;93.64;1
19661;5671;102;7;16.63;0
19662;5671;118;4;11.11;0
19663;5671;105;4;86.64;0
19664;5672;114;6;31.92;2
19665;5672;107;7;77.21;0
19666;5673;113;8;85.64;0
19667;5673;116;6;31.81;0
19668;5673;104;9;4.07;0
19669;5674;106;3;93.64;0
19670;5674;117;1;94.29;0
19671;5674;110;2;87.41;0
19672;5674;115;3;21.03;0
19673;5674;108;1;11.73;0
19674;5674;101;2;44.35;0
19675;5675;109;6;14.81;0
19676;5676;108;8;11.73;0
19677;5676;101;3;44.35;0
19678;5676;118;3;11.11;0
19679;5677;109;4;14.81;0
19680;5678;108;2;11.73;0
19681;5678;105;6;86.64;0
19682;5679;108;5;11.73;0
19683;5679;118;7;11.11;0
19684;5679;116;9;31.81;0
19685;5679;107;3;77.21;0
19686;5680;109;4;14.81;0
19687;5680;112;10;11.48;0
19688;5680;104;9;4.07;0
19689;5680;107;9;77.21;0
19690;5680;105;10;86.64;0
19691;5681;114;8;31.92;0
19692;5681;104;1;4.07;1
19693;5682;111;1;34.02;0
19694;5682;116;5;31.81;0
19695;5682;105;5;86.64;0
19696;5682;118;4;11.11;0
19697;5682;109;6;14.81;5
19698;5682;106;9;93.64;0
19699;5683;118;1;11.11;1
19700;5683;104;4;4.07;0
19701;5684;104;8;4.07;0
19702;5684;106;6;93.64;0
19703;5684;117;7;94.29;0
19704;5685;118;8;11.11;0
19705;5685;101;6;44.35;0
19706;5685;114;3;31.92;0
19707;5685;107;9;77.21;0
19708;5686;103;7;93.05;0
19709;5687;112;4;11.48;2
19710;5687;114;8;31.92;0
19711;5687;116;2;31.81;0
19712;5687;103;4;93.05;0
19713;5688;103;8;93.05;0
19714;5688;106;4;93.64;0
19715;5688;114;5;31.92;0
19716;5689;104;9;4.07;0
19717;5689;110;5;87.41;0
19718;5689;106;2;93.64;0
19719;5689;105;8;86.64;0
19720;5690;105;3;86.64;0
19721;5690;117;1;94.29;0
19722;5690;107;7;77.21;0
19723;5690;108;6;11.73;0
19724;5690;103;4;93.05;0
19725;5690;104;2;4.07;0
19726;5691;115;6;21.03;0
19727;5691;109;8;14.81;0
19728;5691;102;9;16.63;0
19729;5692;106;5;93.64;0
19730;5692;116;8;31.81;0
19731;5692;115;3;21.03;0
19732;5693;111;8;34.02;0
19733;5694;108;8;11.73;0
19734;5694;105;2;86.64;0
19735;5695;111;9;34.02;0
19736;5695;102;3;16.63;0
19737;5695;116;2;31.81;0
19738;5696;108;1;11.73;0
19739;5696;109;3;14.81;0
19740;5696;105;4;86.64;0
19741;5696;101;1;44.35;0
19742;5696;115;3;21.03;0
19743;5697;117;8;94.29;0
19744;5697;107;9;77.21;0
19745;5697;104;8;4.07;0
19746;5697;118;2;11.11;0
19747;5697;116;6;31.81;0
19748;5697;109;3;14.81;0
19749;5698;111;8;34.02;0
19750;5698;106;1;93.64;0
19751;5698;116;8;31.81;0
19752;5699;107;8;77.21;0
19753;5700;108;7;11.73;0
19754;5700;103;6;93.05;0
19755;5701;102;6;16.63;0
19756;5701;113;3;85.64;0
19757;5701;107;1;77.21;0
19758;5701;115;2;21.03;0
19759;5702;118;2;11.11;0
19760;5702;109;3;14.81;0
19761;5702;114;10;31.92;0
19762;5702;102;9;16.63;0
19763;5702;106;5;93.64;0
19764;5702;104;7;4.07;0
19765;5703;104;2;4.07;0
19766;5704;109;7;14.81;0
19767;5705;109;5;14.81;0
19768;5705;104;7;4.07;0
19769;5705;111;1;34.02;0
19770;5705;112;9;11.48;0
19771;5706;103;3;93.05;0
19772;5706;109;10;14.81;0
19773;5706;112;4;11.48;0
19774;5706;102;2;16.63;0
19775;5706;110;8;87.41;0
19776;5706;118;8;11.11;4
19777;5707;102;6;16.63;0
19778;5707;112;5;11.48;0
19779;5707;115;4;21.03;0
19780;5708;104;9;4.07;0
19781;5709;113;8;85.64;0
19782;5709;109;3;14.81;0
19783;5709;108;3;11.73;0
19784;5709;116;2;31.81;0
19785;5709;112;6;11.48;2
19786;5709;110;8;87.41;0
19787;5710;108;9;11.73;0
19788;5710;107;10;77.21;0
19789;5710;116;2;31.81;0
19790;5711;101;3;44.35;0
19791;5711;114;5;31.92;0
19792;5711;117;4;94.29;0
19793;5711;112;1;11.48;0
19794;5712;102;5;16.63;0
19795;5712;116;5;31.81;0
19796;5712;105;7;86.64;0
19797;5712;107;7;77.21;0
19798;5713;113;8;85.64;0
19799;5713;107;6;77.21;0
19800;5713;118;1;11.11;0
19801;5713;114;8;31.92;0
19802;5714;112;5;11.48;0
19803;5714;117;4;94.29;0
19804;5715;106;10;93.64;0
19805;5715;112;1;11.48;0
19806;5716;112;5;11.48;0
19807;5716;117;10;94.29;0
19808;5716;110;2;87.41;0
19809;5716;114;10;31.92;0
19810;5717;111;2;34.02;0
19811;5717;103;4;93.05;0
19812;5717;106;9;93.64;0
19813;5717;105;9;86.64;0
19814;5717;113;4;85.64;0
19815;5718;115;9;21.03;0
19816;5719;106;10;93.64;0
19817;5719;103;9;93.05;0
19818;5719;109;7;14.81;0
19819;5719;105;5;86.64;0
19820;5719;116;1;31.81;0
19821;5719;112;3;11.48;0
19822;5720;116;7;31.81;0
19823;5720;102;1;16.63;0
19824;5721;104;4;4.07;0
19825;5721;108;9;11.73;0
19826;5721;109;3;14.81;0
19827;5721;111;6;34.02;0
19828;5721;103;8;93.05;0
19829;5721;115;8;21.03;0
19830;5722;114;8;31.92;0
19831;5722;116;1;31.81;0
19832;5723;102;6;16.63;0
19833;5723;117;3;94.29;0
19834;5723;115;8;21.03;0
19835;5724;101;6;44.35;0
19836;5724;110;8;87.41;8
19837;5724;102;4;16.63;0
19838;5724;112;7;11.48;0
19839;5724;113;3;85.64;0
19840;5724;107;2;77.21;0
19841;5725;114;5;31.92;0
19842;5725;117;8;94.29;0
19843;5725;115;7;21.03;0
19844;5726;115;3;21.03;0
19845;5726;114;9;31.92;0
19846;5726;116;2;31.81;0
19847;5726;110;6;87.41;0
19848;5727;106;3;93.64;0
19849;5727;105;2;86.64;0
19850;5727;110;1;87.41;1
19851;5728;111;5;34.02;0
19852;5729;113;4;85.64;0
19853;5729;108;10;11.73;0
19854;5729;118;9;11.11;0
19855;5729;107;10;77.21;0
19856;5729;111;3;34.02;0
19857;5729;103;5;93.05;0
19858;5730;111;10;34.02;0
19859;5730;113;6;85.64;0
19860;5731;106;5;93.64;0
19861;5731;118;4;11.11;0
19862;5731;116;3;31.81;0
19863;5731;101;2;44.35;0
19864;5731;117;8;94.29;0
19865;5731;103;3;93.05;0
19866;5732;102;2;16.63;0
19867;5732;107;7;77.21;0
19868;5732;114;6;31.92;0
19869;5732;118;9;11.11;0
19870;5732;112;1;11.48;0
19871;5732;116;1;31.81;0
19872;5733;115;1;21.03;0
19873;5733;102;10;16.63;0
19874;5733;101;9;44.35;0
19875;5733;112;6;11.48;0
19876;5733;110;3;87.41;0
19877;5733;116;3;31.81;0
19878;5734;105;2;86.64;0
19879;5734;112;8;11.48;0
19880;5734;106;3;93.64;0
19881;5734;114;2;31.92;0
19882;5734;102;5;16.63;0
19883;5734;117;5;94.29;0
19884;5735;117;6;94.29;0
19885;5736;111;2;34.02;0
19886;5736;116;10;31.81;0
19887;5736;110;3;87.41;0
19888;5736;113;7;85.64;0
19889;5736;107;1;77.21;0
19890;5736;108;1;11.73;0
19891;5737;112;8;11.48;0
19892;5738;117;2;94.29;2
19893;5738;109;6;14.81;0
19894;5738;101;2;44.35;0
19895;5738;105;5;86.64;0
19896;5739;115;7;21.03;1
19897;5739;117;4;94.29;0
19898;5739;106;3;93.64;0
19899;5739;112;5;11.48;0
19900;5739;103;7;93.05;0
19901;5739;105;4;86.64;0
19902;5740;107;7;77.21;5
19903;5740;111;4;34.02;0
19904;5741;107;1;77.21;0
19905;5741;113;2;85.64;0
19906;5741;109;2;14.81;0
19907;5741;114;4;31.92;0
19908;5741;117;7;94.29;0
19909;5741;106;4;93.64;0
19910;5742;110;3;87.41;0
19911;5742;105;1;86.64;0
19912;5742;118;7;11.11;0
19913;5742;103;4;93.05;0
19914;5743;106;7;93.64;0
19915;5743;116;1;31.81;0
19916;5743;102;2;16.63;0
19917;5743;112;9;11.48;0
19918;5743;101;7;44.35;0
19919;5743;107;7;77.21;0
19920;5744;113;1;85.64;0
19921;5744;102;5;16.63;0
19922;5744;118;1;11.11;0
19923;5745;113;1;85.64;0
19924;5745;105;5;86.64;0
19925;5745;104;5;4.07;0
19926;5745;106;9;93.64;0
19927;5745;111;10;34.02;0
19928;5745;107;8;77.21;0
19929;5746;109;2;14.81;0
19930;5746;105;4;86.64;0
19931;5746;104;1;4.07;0
19932;5747;113;2;85.64;0
19933;5747;115;3;21.03;0
19934;5747;116;7;31.81;0
19935;5747;105;8;86.64;0
19936;5747;103;6;93.05;0
19937;5747;108;3;11.73;0
19938;5748;114;9;31.92;0
19939;5748;113;1;85.64;0
19940;5748;104;8;4.07;5
19941;5748;102;10;16.63;0
19942;5749;106;8;93.64;0
19943;5749;118;1;11.11;0
19944;5749;111;6;34.02;0
19945;5749;112;2;11.48;0
19946;5749;116;2;31.81;0
19947;5750;111;4;34.02;0
19948;5750;109;1;14.81;0
19949;5750;108;10;11.73;0
19950;5750;116;8;31.81;0
19951;5750;105;6;86.64;0
19952;5751;112;2;11.48;0
19953;5752;106;2;93.64;0
19954;5753;114;4;31.92;4
19955;5753;112;4;11.48;0
19956;5753;102;3;16.63;0
19957;5753;109;8;14.81;0
19958;5753;118;2;11.11;0
19959;5754;106;4;93.64;0
19960;5755;104;7;4.07;0
19961;5755;116;9;31.81;0
19962;5755;102;10;16.63;0
19963;5755;103;4;93.05;0
19964;5756;105;7;86.64;0
19965;5756;113;1;85.64;0
19966;5756;112;9;11.48;0
19967;5756;109;4;14.81;0
19968;5757;108;6;11.73;0
19969;5757;103;7;93.05;0
19970;5757;107;10;77.21;0
19971;5757;115;3;21.03;0
19972;5757;116;4;31.81;0
19973;5758;105;9;86.64;0
19974;5759;108;7;11.73;0
19975;5759;111;3;34.02;0
19976;5760;115;9;21.03;0
19977;5760;113;9;85.64;0
19978;5761;117;4;94.29;0
19979;5761;115;4;21.03;0
19980;5761;111;8;34.02;0
19981;5761;104;4;4.07;0
19982;5762;111;7;34.02;0
19983;5762;115;9;21.03;0
19984;5762;112;7;11.48;0
19985;5763;106;6;93.64;0
19986;5763;111;1;34.02;0
19987;5763;105;8;86.64;0
19988;5763;118;9;11.11;0
19989;5763;101;2;44.35;0
19990;5764;107;1;77.21;0
19991;5764;113;3;85.64;0
19992;5764;110;4;87.41;0
19993;5764;117;3;94.29;0
19994;5764;118;8;11.11;0
19995;5765;110;7;87.41;0
19996;5765;103;7;93.05;0
19997;5765;117;9;94.29;0
19998;5765;107;8;77.21;4
19999;5765;118;6;11.11;0
20000;5765;111;8;34.02;0
20001;5766;102;10;16.63;0
20002;5766;110;1;87.41;0
20003;5767;118;10;11.11;0
20004;5767;112;9;11.48;0
20005;5767;107;3;77.21;0
20006;5767;108;1;11.73;0
20007;5767;110;2;87.41;0
20008;5768;106;5;93.64;0
20009;5768;108;10;11.73;0
20010;5768;116;8;31.81;0
20011;5768;105;3;86.64;0
20012;5768;113;4;85.64;0
20013;5768;117;4;94.29;0
20014;5769;108;9;11.73;0
20015;5770;106;2;93.64;1
20016;5770;111;7;34.02;0
20017;5770;112;6;11.48;0
20018;5770;101;5;44.35;0
20019;5770;103;7;93.05;0
20020;5770;105;6;86.64;0
20021;5771;115;4;21.03;0
20022;5771;116;7;31.81;0
20023;5771;118;4;11.11;0
20024;5772;101;5;44.35;0
20025;5772;103;4;93.05;0
20026;5772;118;4;11.11;0
20027;5772;104;3;4.07;0
20028;5772;108;9;11.73;0
20029;5772;117;7;94.29;0
20030;5773;109;9;14.81;9
20031;5774;107;6;77.21;0
20032;5774;112;7;11.48;0
20033;5774;113;1;85.64;0
20034;5774;117;5;94.29;0
20035;5774;118;2;11.11;0
20036;5774;102;6;16.63;0
20037;5775;108;4;11.73;0
20038;5775;114;8;31.92;0
20039;5775;113;3;85.64;0
20040;5775;110;3;87.41;1
20041;5776;110;7;87.41;0
20042;5776;112;3;11.48;3
20043;5776;101;1;44.35;0
20044;5776;109;5;14.81;0
20045;5777;106;5;93.64;0
20046;5777;109;3;14.81;0
20047;5778;118;1;11.11;0
20048;5778;114;8;31.92;0
20049;5778;103;3;93.05;0
20050;5779;106;2;93.64;0
20051;5780;113;5;85.64;1
20052;5781;112;2;11.48;0
20053;5781;107;5;77.21;0
20054;5782;104;7;4.07;0
20055;5782;113;6;85.64;0
20056;5782;112;4;11.48;0
20057;5782;117;7;94.29;0
20058;5782;108;7;11.73;0
20059;5782;106;9;93.64;0
20060;5783;117;2;94.29;0
20061;5783;115;6;21.03;0
20062;5783;109;9;14.81;0
20063;5783;102;3;16.63;0
20064;5783;107;2;77.21;0
20065;5783;116;2;31.81;0
20066;5784;112;3;11.48;0
20067;5784;116;9;31.81;0
20068;5784;106;9;93.64;0
20069;5785;104;5;4.07;0
20070;5785;110;4;87.41;0
20071;5785;103;6;93.05;0
20072;5785;101;6;44.35;0
20073;5785;112;1;11.48;0
20074;5786;118;2;11.11;0
20075;5786;108;10;11.73;0
20076;5786;117;6;94.29;0
20077;5787;104;2;4.07;0
20078;5787;106;5;93.64;0
20079;5787;114;8;31.92;0
20080;5787;101;6;44.35;3
20081;5788;111;2;34.02;0
20082;5788;112;1;11.48;0
20083;5789;102;4;16.63;0
20084;5789;116;2;31.81;0
20085;5789;109;3;14.81;0
20086;5790;105;5;86.64;0
20087;5790;104;5;4.07;0
20088;5791;102;1;16.63;0
20089;5791;118;10;11.11;0
20090;5791;109;2;14.81;0
20091;5791;104;1;4.07;0
20092;5791;105;6;86.64;0
20093;5792;115;9;21.03;0
20094;5792;102;6;16.63;0
20095;5792;105;1;86.64;0
20096;5793;109;6;14.81;0
20097;5793;116;6;31.81;0
20098;5793;103;8;93.05;0
20099;5793;117;9;94.29;0
20100;5793;106;1;93.64;0
20101;5793;110;7;87.41;0
20102;5794;111;2;34.02;0
20103;5794;117;4;94.29;0
20104;5794;106;4;93.64;0
20105;5794;108;8;11.73;0
20106;5794;118;3;11.11;0
20107;5795;109;2;14.81;0
20108;5796;105;7;86.64;0
20109;5796;102;1;16.63;0
20110;5796;108;3;11.73;0
20111;5796;101;1;44.35;0
20112;5796;106;9;93.64;0
20113;5797;106;6;93.64;0
20114;5797;118;8;11.11;0
20115;5798;108;6;11.73;0
20116;5798;113;6;85.64;0
20117;5799;118;2;11.11;0
20118;5799;102;1;16.63;0
20119;5799;117;9;94.29;0
20120;5800;114;10;31.92;0
20121;5801;110;2;87.41;0
20122;5801;106;9;93.64;0
20123;5801;114;9;31.92;0
20124;5801;104;3;4.07;0
20125;5802;114;1;31.92;0
20126;5802;106;2;93.64;0
20127;5802;116;10;31.81;0
20128;5802;111;5;34.02;0
20129;5802;117;4;94.29;0
20130;5802;108;7;11.73;0
20131;5803;108;7;11.73;0
20132;5803;101;4;44.35;0
20133;5803;116;2;31.81;0
20134;5803;114;8;31.92;0
20135;5803;117;2;94.29;0
20136;5803;111;1;34.02;0
20137;5804;118;6;11.11;0
20138;5805;109;5;14.81;0
20139;5805;117;9;94.29;0
20140;5805;110;7;87.41;0
20141;5806;118;10;11.11;0
20142;5806;114;3;31.92;0
20143;5806;111;1;34.02;0
20144;5806;117;9;94.29;0
20145;5807;106;2;93.64;0
20146;5807;116;2;31.81;0
20147;5807;115;9;21.03;0
20148;5807;114;2;31.92;0
20149;5808;111;4;34.02;0
20150;5809;108;8;11.73;0
20151;5809;111;1;34.02;0
20152;5809;101;5;44.35;0
20153;5809;107;8;77.21;0
20154;5809;118;4;11.11;0
20155;5810;104;7;4.07;0
20156;5810;110;7;87.41;0
20157;5810;112;8;11.48;0
20158;5810;101;6;44.35;0
20159;5810;106;6;93.64;6
20160;5810;117;1;94.29;0
20161;5811;116;5;31.81;0
20162;5811;105;8;86.64;0
20163;5812;103;4;93.05;1
20164;5812;106;5;93.64;0
20165;5812;116;1;31.81;0
20166;5812;117;3;94.29;0
20167;5812;118;10;11.11;0
20168;5813;103;8;93.05;0
20169;5813;111;6;34.02;0
20170;5813;107;4;77.21;0
20171;5813;115;10;21.03;0
20172;5813;108;9;11.73;0
20173;5814;118;4;11.11;1
20174;5814;117;2;94.29;0
20175;5814;116;5;31.81;0
20176;5814;115;1;21.03;0
20177;5814;114;1;31.92;0
20178;5815;101;3;44.35;0
20179;5815;116;6;31.81;0
20180;5815;105;9;86.64;0
20181;5816;113;5;85.64;0
20182;5816;105;9;86.64;0
20183;5816;101;6;44.35;0
20184;5816;116;5;31.81;0
20185;5816;108;4;11.73;0
20186;5817;116;3;31.81;0
20187;5818;103;2;93.05;0
20188;5818;111;1;34.02;0
20189;5818;113;3;85.64;0
20190;5818;107;1;77.21;0
20191;5818;106;5;93.64;0
20192;5819;102;9;16.63;0
20193;5819;108;7;11.73;0
20194;5819;106;10;93.64;0
20195;5819;101;10;44.35;0
20196;5819;115;8;21.03;0
20197;5819;114;10;31.92;0
20198;5820;110;1;87.41;0
20199;5820;117;8;94.29;0
20200;5820;106;5;93.64;0
20201;5820;112;8;11.48;0
20202;5821;106;3;93.64;0
20203;5821;111;2;34.02;0
20204;5821;112;1;11.48;0
20205;5822;109;2;14.81;0
20206;5823;118;7;11.11;0
20207;5823;112;10;11.48;0
20208;5823;103;5;93.05;0
20209;5823;113;1;85.64;0
20210;5823;105;1;86.64;0
20211;5823;106;9;93.64;0
20212;5824;108;1;11.73;1
20213;5825;113;3;85.64;0
20214;5825;108;10;11.73;0
20215;5825;115;9;21.03;0
20216;5825;104;4;4.07;0
20217;5825;112;10;11.48;0
20218;5826;108;9;11.73;0
20219;5826;116;4;31.81;2
20220;5826;111;2;34.02;0
20221;5826;106;6;93.64;0
20222;5826;101;1;44.35;0
20223;5826;107;2;77.21;0
20224;5827;115;9;21.03;0
20225;5827;102;3;16.63;0
20226;5827;107;1;77.21;0
20227;5827;110;6;87.41;0
20228;5827;114;9;31.92;0
20229;5827;103;6;93.05;0
20230;5828;116;8;31.81;0
20231;5828;101;6;44.35;0
20232;5828;110;3;87.41;0
20233;5828;117;9;94.29;0
20234;5828;104;8;4.07;0
20235;5829;107;1;77.21;0
20236;5829;110;4;87.41;0
20237;5830;101;5;44.35;0
20238;5830;111;5;34.02;0
20239;5830;114;4;31.92;0
20240;5830;104;5;4.07;0
20241;5831;111;6;34.02;4
20242;5832;102;2;16.63;0
20243;5832;118;4;11.11;0
20244;5832;115;5;21.03;0
20245;5832;103;2;93.05;0
20246;5832;108;2;11.73;0
20247;5832;107;3;77.21;0
20248;5833;111;10;34.02;0
20249;5833;105;7;86.64;0
20250;5833;104;3;4.07;0
20251;5833;107;5;77.21;0
20252;5833;112;10;11.48;0
20253;5834;103;10;93.05;0
20254;5834;115;9;21.03;0
20255;5834;102;1;16.63;0
20256;5835;115;6;21.03;0
20257;5836;103;6;93.05;0
20258;5836;107;9;77.21;0
20259;5836;118;2;11.11;0
20260;5836;110;8;87.41;0
20261;5836;108;6;11.73;0
20262;5837;113;6;85.64;0
20263;5837;101;7;44.35;0
20264;5837;118;5;11.11;0
20265;5837;108;7;11.73;0
20266;5838;111;7;34.02;0
20267;5838;110;2;87.41;0
20268;5838;108;8;11.73;0
20269;5838;106;2;93.64;0
20270;5838;118;6;11.11;0
20271;5839;111;10;34.02;0
20272;5840;101;9;44.35;0
20273;5840;105;7;86.64;0
20274;5841;117;1;94.29;0
20275;5841;112;1;11.48;0
20276;5841;102;9;16.63;0
20277;5841;118;5;11.11;0
20278;5841;115;3;21.03;0
20279;5842;106;2;93.64;0
20280;5842;112;2;11.48;0
20281;5843;107;8;77.21;0
20282;5843;118;7;11.11;0
20283;5843;110;3;87.41;0
20284;5843;104;10;4.07;0
20285;5844;118;2;11.11;0
20286;5844;111;6;34.02;0
20287;5844;107;2;77.21;0
20288;5845;102;8;16.63;0
20289;5845;117;2;94.29;0
20290;5846;112;10;11.48;0
20291;5846;110;5;87.41;0
20292;5846;111;3;34.02;0
20293;5846;115;2;21.03;2
20294;5847;109;10;14.81;0
20295;5847;112;3;11.48;0
20296;5847;114;9;31.92;0
20297;5847;111;9;34.02;0
20298;5847;118;1;11.11;0
20299;5847;113;4;85.64;0
20300;5848;118;5;11.11;0
20301;5848;113;2;85.64;2
20302;5849;111;6;34.02;0
20303;5849;118;5;11.11;0
20304;5849;106;5;93.64;0
20305;5849;117;3;94.29;0
20306;5850;116;1;31.81;0
20307;5851;101;6;44.35;0
20308;5851;105;2;86.64;0
20309;5852;116;9;31.81;0
20310;5852;114;7;31.92;0
20311;5853;110;10;87.41;0
20312;5853;101;3;44.35;0
20313;5853;108;4;11.73;0
20314;5853;106;7;93.64;0
20315;5854;110;5;87.41;0
20316;5854;105;10;86.64;0
20317;5854;118;3;11.11;0
20318;5854;115;7;21.03;0
20319;5854;104;9;4.07;0
20320;5854;112;1;11.48;0
20321;5855;112;7;11.48;0
20322;5855;103;10;93.05;0
20323;5855;116;4;31.81;0
20324;5855;110;3;87.41;0
20325;5855;118;1;11.11;1
20326;5855;117;10;94.29;0
20327;5856;117;9;94.29;0
20328;5857;109;4;14.81;0
20329;5857;106;6;93.64;0
20330;5857;104;5;4.07;0
20331;5857;103;7;93.05;0
20332;5857;102;9;16.63;0
20333;5857;105;8;86.64;0
20334;5858;110;10;87.41;0
20335;5859;115;2;21.03;0
20336;5859;109;1;14.81;0
20337;5859;116;7;31.81;0
20338;5859;117;4;94.29;0
20339;5859;118;7;11.11;0
20340;5860;111;9;34.02;0
20341;5860;101;7;44.35;0
20342;5860;117;5;94.29;0
20343;5860;102;8;16.63;0
20344;5860;115;2;21.03;0
20345;5861;116;6;31.81;0
20346;5861;108;10;11.73;0
20347;5861;107;10;77.21;0
20348;5861;104;6;4.07;0
20349;5861;103;10;93.05;7
20350;5862;114;3;31.92;0
20351;5862;111;1;34.02;0
20352;5862;110;2;87.41;0
20353;5862;117;5;94.29;0
20354;5862;112;6;11.48;0
20355;5863;104;5;4.07;0
20356;5863;113;5;85.64;0
20357;5863;114;9;31.92;0
20358;5863;109;7;14.81;0
20359;5863;107;1;77.21;0
20360;5864;108;1;11.73;0
20361;5864;117;4;94.29;0
20362;5864;106;7;93.64;0
20363;5865;106;1;93.64;0
20364;5865;107;1;77.21;0
20365;5865;108;1;11.73;0
20366;5866;115;1;21.03;0
20367;5866;116;2;31.81;0
20368;5866;117;4;94.29;0
20369;5866;106;9;93.64;0
20370;5866;112;3;11.48;0
20371;5866;114;5;31.92;0
20372;5867;109;6;14.81;0
20373;5868;117;4;94.29;0
20374;5868;106;2;93.64;0
20375;5868;110;10;87.41;0
20376;5868;104;7;4.07;0
20377;5869;105;5;86.64;0
20378;5869;112;1;11.48;0
20379;5869;108;9;11.73;0
20380;5870;101;10;44.35;1
20381;5871;104;3;4.07;0
20382;5871;106;10;93.64;0
20383;5872;113;8;85.64;4
20384;5872;104;3;4.07;0
20385;5872;118;8;11.11;0
20386;5872;111;5;34.02;0
20387;5872;116;4;31.81;0
20388;5873;107;9;77.21;0
20389;5873;117;8;94.29;5
20390;5874;106;3;93.64;0
20391;5874;105;5;86.64;0
20392;5874;116;5;31.81;0
20393;5875;114;6;31.92;0
20394;5875;109;8;14.81;0
20395;5875;104;3;4.07;0
20396;5876;109;8;14.81;0
20397;5876;111;7;34.02;0
20398;5876;107;1;77.21;0
20399;5876;110;1;87.41;0
20400;5877;110;7;87.41;0
20401;5878;110;5;87.41;0
20402;5878;108;9;11.73;0
20403;5878;114;8;31.92;0
20404;5878;112;6;11.48;0
20405;5878;111;4;34.02;0
20406;5879;107;5;77.21;0
20407;5880;108;10;11.73;0
20408;5880;115;3;21.03;0
20409;5880;112;1;11.48;0
20410;5880;111;8;34.02;0
20411;5880;106;5;93.64;0
20412;5880;103;7;93.05;0
20413;5881;116;5;31.81;0
20414;5881;115;1;21.03;0
20415;5881;101;6;44.35;0
20416;5881;104;9;4.07;5
20417;5881;107;5;77.21;0
20418;5881;108;9;11.73;0
20419;5882;102;7;16.63;0
20420;5883;110;9;87.41;0
20421;5883;118;2;11.11;0
20422;5884;106;9;93.64;0
20423;5884;107;10;77.21;0
20424;5884;108;6;11.73;0
20425;5885;107;6;77.21;0
20426;5885;108;3;11.73;0
20427;5885;101;7;44.35;0
20428;5885;103;9;93.05;0
20429;5885;118;4;11.11;0
20430;5885;102;8;16.63;0
20431;5886;111;8;34.02;0
20432;5887;113;5;85.64;0
20433;5888;108;3;11.73;0
20434;5888;114;2;31.92;0
20435;5888;118;6;11.11;0
20436;5888;109;8;14.81;0
20437;5888;116;2;31.81;0
20438;5888;111;5;34.02;0
20439;5889;111;9;34.02;0
20440;5889;117;1;94.29;0
20441;5889;108;9;11.73;0
20442;5889;113;9;85.64;0
20443;5890;115;1;21.03;0
20444;5890;106;10;93.64;0
20445;5891;116;4;31.81;0
20446;5891;101;5;44.35;0
20447;5891;111;8;34.02;0
20448;5892;101;5;44.35;0
20449;5892;106;5;93.64;0
20450;5892;112;9;11.48;0
20451;5892;114;6;31.92;0
20452;5892;105;8;86.64;0
20453;5893;109;4;14.81;0
20454;5894;118;5;11.11;0
20455;5894;104;10;4.07;3
20456;5895;111;9;34.02;0
20457;5895;103;4;93.05;0
20458;5895;118;10;11.11;0
20459;5895;113;4;85.64;0
20460;5896;103;3;93.05;0
20461;5896;101;1;44.35;0
20462;5896;117;9;94.29;0
20463;5896;102;2;16.63;0
20464;5896;113;5;85.64;0
20465;5897;102;2;16.63;1
20466;5897;118;5;11.11;0
20467;5897;106;8;93.64;0
20468;5897;117;9;94.29;0
20469;5897;113;8;85.64;0
20470;5897;115;3;21.03;0
20471;5898;108;10;11.73;0
20472;5898;117;3;94.29;0
20473;5898;107;2;77.21;0
20474;5899;105;8;86.64;0
20475;5899;103;4;93.05;0
20476;5899;102;9;16.63;8
20477;5900;113;9;85.64;0
20478;5901;118;1;11.11;0
20479;5901;112;8;11.48;0
20480;5901;101;6;44.35;0
20481;5901;104;4;4.07;0
20482;5902;110;1;87.41;0
20483;5903;103;6;93.05;0
20484;5903;105;9;86.64;0
20485;5903;108;2;11.73;0
20486;5903;118;3;11.11;0
20487;5903;109;3;14.81;0
20488;5903;101;7;44.35;0
20489;5904;101;10;44.35;0
20490;5904;102;1;16.63;0
20491;5904;113;7;85.64;0
20492;5905;117;8;94.29;8
20493;5905;115;10;21.03;0
20494;5905;114;2;31.92;0
20495;5905;105;1;86.64;0
20496;5905;103;8;93.05;0
20497;5905;113;2;85.64;0
20498;5906;102;1;16.63;0
20499;5907;104;1;4.07;0
20500;5908;116;4;31.81;0
20501;5908;112;2;11.48;0
20502;5908;110;1;87.41;0
20503;5909;113;3;85.64;0
20504;5909;118;5;11.11;0
20505;5910;111;10;34.02;0
20506;5910;107;4;77.21;0
20507;5910;113;1;85.64;0
20508;5911;107;2;77.21;0
20509;5911;114;4;31.92;0
20510;5911;113;8;85.64;3
20511;5911;105;10;86.64;0
20512;5911;109;1;14.81;0
20513;5912;111;5;34.02;0
20514;5912;103;5;93.05;0
20515;5912;112;4;11.48;0
20516;5912;114;9;31.92;0
20517;5912;110;9;87.41;0
20518;5912;105;9;86.64;0
20519;5913;117;2;94.29;0
20520;5913;102;7;16.63;0
20521;5914;106;2;93.64;0
20522;5915;112;9;11.48;0
20523;5915;116;4;31.81;0
20524;5915;118;1;11.11;0
20525;5915;115;6;21.03;0
20526;5915;103;2;93.05;1
20527;5916;107;3;77.21;0
20528;5916;110;6;87.41;0
20529;5916;105;7;86.64;0
20530;5916;117;9;94.29;5
20531;5917;117;6;94.29;0
20532;5917;118;4;11.11;0
20533;5917;104;9;4.07;0
20534;5917;116;8;31.81;0
20535;5918;104;4;4.07;0
20536;5918;110;4;87.41;0
20537;5918;113;7;85.64;0
20538;5919;105;1;86.64;0
20539;5919;108;10;11.73;0
20540;5919;115;2;21.03;0
20541;5919;110;5;87.41;0
20542;5920;110;5;87.41;0
20543;5920;105;10;86.64;0
20544;5921;118;6;11.11;2
20545;5921;109;5;14.81;0
20546;5921;107;5;77.21;0
20547;5921;103;2;93.05;0
20548;5922;106;8;93.64;0
20549;5922;116;10;31.81;0
20550;5922;114;4;31.92;0
20551;5923;118;2;11.11;0
20552;5924;104;8;4.07;0
20553;5924;105;7;86.64;0
20554;5924;107;10;77.21;0
20555;5925;105;3;86.64;0
20556;5925;115;3;21.03;0
20557;5926;111;5;34.02;0
20558;5927;103;7;93.05;0
20559;5927;118;6;11.11;0
20560;5928;117;2;94.29;0
20561;5928;104;2;4.07;0
20562;5928;106;2;93.64;0
20563;5929;110;3;87.41;0
20564;5929;106;3;93.64;0
20565;5930;104;9;4.07;0
20566;5930;112;2;11.48;0
20567;5930;105;1;86.64;0
20568;5930;114;7;31.92;0
20569;5930;101;3;44.35;0
20570;5931;108;2;11.73;0
20571;5931;111;6;34.02;0
20572;5932;118;1;11.11;0
20573;5933;118;8;11.11;0
20574;5934;113;7;85.64;0
20575;5934;111;3;34.02;0
20576;5934;104;3;4.07;0
20577;5934;107;3;77.21;2
20578;5935;111;9;34.02;0
20579;5935;110;5;87.41;0
20580;5935;104;8;4.07;0
20581;5935;115;3;21.03;0
20582;5936;106;5;93.64;0
20583;5936;117;3;94.29;0
20584;5936;110;7;87.41;0
20585;5936;102;9;16.63;0
20586;5936;101;10;44.35;0
20587;5936;111;1;34.02;0
20588;5937;108;6;11.73;0
20589;5937;105;9;86.64;0
20590;5937;109;7;14.81;0
20591;5938;115;2;21.03;0
20592;5938;102;7;16.63;0
20593;5939;108;4;11.73;0
20594;5939;114;10;31.92;0
20595;5939;102;1;16.63;0
20596;5939;104;4;4.07;0
20597;5939;112;10;11.48;0
20598;5939;118;9;11.11;0
20599;5940;113;2;85.64;0
20600;5940;103;8;93.05;0
20601;5940;117;4;94.29;0
20602;5940;101;10;44.35;0
20603;5941;110;6;87.41;0
20604;5941;111;10;34.02;0
20605;5942;106;8;93.64;0
20606;5943;104;3;4.07;0
20607;5944;111;10;34.02;1
20608;5944;112;6;11.48;0
20609;5944;104;6;4.07;0
20610;5945;108;1;11.73;0
20611;5945;110;1;87.41;0
20612;5945;106;1;93.64;0
20613;5945;116;5;31.81;0
20614;5946;111;2;34.02;0
20615;5946;116;10;31.81;0
20616;5946;114;8;31.92;0
20617;5946;105;2;86.64;0
20618;5947;111;2;34.02;0
20619;5947;105;10;86.64;0
20620;5947;110;4;87.41;0
20621;5947;115;4;21.03;0
20622;5947;101;1;44.35;0
20623;5947;104;7;4.07;0
20624;5948;106;9;93.64;0
20625;5948;105;7;86.64;0
20626;5948;107;7;77.21;0
20627;5949;108;3;11.73;0
20628;5949;109;4;14.81;0
20629;5949;112;1;11.48;0
20630;5949;102;3;16.63;0
20631;5949;118;9;11.11;0
20632;5949;107;9;77.21;0
20633;5950;102;5;16.63;0
20634;5950;108;6;11.73;0
20635;5950;112;9;11.48;0
20636;5950;107;9;77.21;0
20637;5950;101;8;44.35;0
20638;5951;106;9;93.64;0
20639;5951;109;10;14.81;0
20640;5951;102;3;16.63;0
20641;5951;118;1;11.11;0
20642;5951;116;1;31.81;0
20643;5951;112;2;11.48;0
20644;5952;107;9;77.21;0
20645;5952;111;3;34.02;0
20646;5952;108;3;11.73;0
20647;5952;104;4;4.07;0
20648;5952;103;2;93.05;0
20649;5952;110;6;87.41;0
20650;5953;116;5;31.81;0
20651;5953;105;6;86.64;0
20652;5953;106;4;93.64;0
20653;5953;113;1;85.64;0
20654;5953;109;2;14.81;0
20655;5953;104;3;4.07;2
20656;5954;107;6;77.21;0
20657;5954;117;9;94.29;0
20658;5954;116;9;31.81;0
20659;5955;114;10;31.92;0
20660;5955;110;3;87.41;0
20661;5956;116;2;31.81;0
20662;5956;111;2;34.02;0
20663;5956;108;3;11.73;0
20664;5956;107;6;77.21;0
20665;5956;118;3;11.11;0
20666;5957;103;8;93.05;0
20667;5957;104;9;4.07;0
20668;5957;106;6;93.64;0
20669;5958;108;1;11.73;0
20670;5958;117;5;94.29;0
20671;5958;106;5;93.64;0
20672;5959;112;4;11.48;0
20673;5959;117;2;94.29;0
20674;5959;105;8;86.64;0
20675;5959;111;10;34.02;0
20676;5960;111;4;34.02;0
20677;5960;115;7;21.03;0
20678;5961;108;3;11.73;0
20679;5961;112;9;11.48;0
20680;5962;109;1;14.81;0
20681;5962;116;3;31.81;0
20682;5963;112;4;11.48;0
20683;5963;111;3;34.02;0
20684;5963;101;4;44.35;0
20685;5963;105;3;86.64;0
20686;5964;108;2;11.73;0
20687;5964;106;6;93.64;0
20688;5964;101;6;44.35;0
20689;5964;103;2;93.05;0
20690;5965;116;8;31.81;0
20691;5965;106;3;93.64;0
20692;5966;116;9;31.81;0
20693;5966;110;5;87.41;0
20694;5966;111;1;34.02;0
20695;5967;105;7;86.64;0
20696;5967;109;5;14.81;0
20697;5967;114;8;31.92;0
20698;5967;116;8;31.81;0
20699;5967;111;1;34.02;0
20700;5968;113;5;85.64;0
20701;5968;103;9;93.05;0
20702;5968;109;5;14.81;0
20703;5969;103;5;93.05;0
20704;5969;106;8;93.64;0
20705;5969;109;5;14.81;0
20706;5970;104;2;4.07;0
20707;5971;112;2;11.48;0
20708;5971;113;1;85.64;0
20709;5971;103;2;93.05;0
20710;5971;115;6;21.03;0
20711;5972;117;3;94.29;0
20712;5972;108;4;11.73;0
20713;5973;109;3;14.81;0
20714;5973;107;3;77.21;0
20715;5973;103;7;93.05;2
20716;5974;103;2;93.05;0
20717;5974;107;8;77.21;0
20718;5974;114;7;31.92;0
20719;5975;112;1;11.48;0
20720;5975;114;9;31.92;0
20721;5975;118;6;11.11;0
20722;5976;109;5;14.81;0
20723;5977;111;4;34.02;0
20724;5977;109;4;14.81;0
20725;5977;107;6;77.21;0
20726;5977;112;8;11.48;0
20727;5977;104;10;4.07;0
20728;5977;116;9;31.81;0
20729;5978;114;5;31.92;0
20730;5978;105;6;86.64;0
20731;5978;110;4;87.41;0
20732;5978;104;1;4.07;0
20733;5979;117;7;94.29;0
20734;5979;112;6;11.48;0
20735;5980;112;8;11.48;0
20736;5980;104;8;4.07;0
20737;5980;101;3;44.35;0
20738;5980;106;4;93.64;0
20739;5980;113;1;85.64;0
20740;5980;117;3;94.29;0
20741;5981;115;1;21.03;0
20742;5981;112;3;11.48;0
20743;5981;108;5;11.73;0
20744;5981;106;3;93.64;0
20745;5981;103;4;93.05;3
20746;5982;110;4;87.41;2
20747;5982;115;10;21.03;0
20748;5982;112;10;11.48;0
20749;5982;104;6;4.07;0
20750;5983;104;2;4.07;2
20751;5983;108;2;11.73;0
20752;5983;113;8;85.64;0
20753;5983;103;4;93.05;0
20754;5983;115;4;21.03;0
20755;5984;106;8;93.64;0
20756;5985;104;3;4.07;0
20757;5986;109;4;14.81;0
20758;5986;106;8;93.64;0
20759;5986;111;1;34.02;1
20760;5987;110;10;87.41;0
20761;5987;102;7;16.63;0
20762;5987;105;8;86.64;0
20763;5988;116;2;31.81;0
20764;5988;107;7;77.21;0
20765;5988;102;4;16.63;0
20766;5988;104;6;4.07;0
20767;5988;103;5;93.05;0
20768;5989;112;5;11.48;0
20769;5989;107;2;77.21;0
20770;5989;110;3;87.41;0
20771;5989;113;10;85.64;0
20772;5989;115;4;21.03;0
20773;5989;111;5;34.02;0
20774;5990;115;7;21.03;0
20775;5991;112;2;11.48;0
20776;5991;107;6;77.21;0
20777;5991;118;6;11.11;0
20778;5991;106;10;93.64;0
20779;5991;108;8;11.73;0
20780;5991;104;1;4.07;0
20781;5992;101;5;44.35;0
20782;5993;115;8;21.03;0
20783;5993;113;3;85.64;0
20784;5993;106;9;93.64;0
20785;5993;118;10;11.11;0
20786;5993;107;3;77.21;0
20787;5994;116;8;31.81;0
20788;5994;114;9;31.92;0
20789;5994;110;9;87.41;0
20790;5994;102;9;16.63;0
20791;5994;101;5;44.35;0
20792;5995;114;10;31.92;0
20793;5995;118;1;11.11;0
20794;5995;115;5;21.03;0
20795;5995;106;10;93.64;0
20796;5996;105;10;86.64;0
20797;5996;118;5;11.11;0
20798;5996;111;2;34.02;0
20799;5996;116;3;31.81;0
20800;5997;105;3;86.64;1
20801;5997;111;10;34.02;3
20802;5997;113;6;85.64;0
20803;5997;106;7;93.64;5
20804;5997;117;5;94.29;0
20805;5997;112;9;11.48;0
20806;5998;112;9;11.48;0
20807;5998;113;4;85.64;0
20808;5998;116;7;31.81;0
20809;5999;108;2;11.73;0
20810;5999;105;3;86.64;0
20811;5999;118;9;11.11;0
20812;5999;101;10;44.35;0
20813;5999;117;5;94.29;0
20814;6000;104;3;4.07;0
20815;6000;101;4;44.35;0
20816;6000;106;10;93.64;0
20817;6000;118;3;11.11;0
20818;6001;116;2;31.81;0
20819;6001;115;9;21.03;0
20820;6001;112;8;11.48;0
20821;6001;104;7;4.07;0
20822;6001;101;3;44.35;0
20823;6002;105;8;86.64;8
20824;6002;104;3;4.07;0
20825;6002;110;3;87.41;0
20826;6002;103;7;93.05;0
20827;6002;113;9;85.64;0
20828;6003;117;1;94.29;1
20829;6004;115;6;21.03;0
20830;6004;110;2;87.41;0
20831;6004;112;4;11.48;0
20832;6005;113;5;85.64;0
20833;6005;118;4;11.11;0
20834;6005;104;2;4.07;0
20835;6006;113;7;85.64;0
20836;6007;101;10;44.35;0
20837;6007;116;5;31.81;0
20838;6007;113;10;85.64;0
20839;6008;112;6;11.48;0
20840;6008;116;2;31.81;0
20841;6008;114;6;31.92;0
20842;6008;103;1;93.05;0
20843;6008;110;10;87.41;0
20844;6008;118;10;11.11;0
20845;6009;103;1;93.05;0
20846;6009;106;5;93.64;0
20847;6009;109;2;14.81;0
20848;6009;107;8;77.21;0
20849;6009;113;4;85.64;0
20850;6009;112;10;11.48;0
20851;6010;105;7;86.64;4
20852;6010;104;4;4.07;0
20853;6010;110;2;87.41;0
20854;6010;102;9;16.63;0
20855;6010;107;2;77.21;0
20856;6010;106;2;93.64;0
20857;6011;118;2;11.11;0
20858;6012;115;5;21.03;0
20859;6012;110;8;87.41;0
20860;6012;101;5;44.35;0
20861;6012;106;3;93.64;0
20862;6012;113;3;85.64;0
20863;6012;103;10;93.05;0
20864;6013;111;10;34.02;0
20865;6014;107;9;77.21;5
20866;6014;112;1;11.48;0
20867;6014;101;9;44.35;0
20868;6015;113;2;85.64;0
20869;6015;118;5;11.11;0
20870;6015;117;3;94.29;0
20871;6015;114;1;31.92;0
20872;6015;106;2;93.64;0
20873;6015;112;10;11.48;0
20874;6016;102;5;16.63;0
20875;6016;117;10;94.29;0
20876;6017;118;2;11.11;0
20877;6017;108;4;11.73;0
20878;6017;113;5;85.64;0
20879;6017;102;2;16.63;0
20880;6017;110;5;87.41;0
20881;6017;103;9;93.05;0
20882;6018;107;9;77.21;0
20883;6018;116;1;31.81;0
20884;6018;113;6;85.64;0
20885;6018;105;8;86.64;0
20886;6018;109;3;14.81;3
20887;6018;110;6;87.41;0
20888;6019;111;2;34.02;0
20889;6019;108;4;11.73;0
20890;6019;106;5;93.64;0
20891;6019;101;8;44.35;0
20892;6020;116;5;31.81;0
20893;6020;109;3;14.81;0
20894;6020;106;6;93.64;0
20895;6020;107;3;77.21;0
20896;6020;101;9;44.35;0
20897;6020;104;1;4.07;0
20898;6021;118;10;11.11;6
20899;6021;105;8;86.64;0
20900;6021;108;2;11.73;2
20901;6021;112;6;11.48;0
20902;6021;113;1;85.64;1
20903;6021;116;10;31.81;0
20904;6022;113;10;85.64;0
20905;6022;106;9;93.64;0
20906;6022;116;4;31.81;0
20907;6022;105;9;86.64;0
20908;6022;117;2;94.29;0
20909;6023;108;2;11.73;0
20910;6023;112;3;11.48;2
20911;6023;103;5;93.05;0
20912;6023;115;9;21.03;0
20913;6024;107;5;77.21;0
20914;6024;115;1;21.03;0
20915;6024;118;3;11.11;0
20916;6024;105;9;86.64;0
20917;6024;103;5;93.05;0
20918;6025;113;8;85.64;0
20919;6026;113;2;85.64;0
20920;6026;114;2;31.92;0
20921;6026;102;5;16.63;0
20922;6026;117;1;94.29;0
20923;6026;110;2;87.41;0
20924;6026;103;7;93.05;0
20925;6027;104;6;4.07;1
20926;6028;117;5;94.29;0
20927;6029;101;8;44.35;0
20928;6029;105;3;86.64;0
20929;6029;117;4;94.29;0
20930;6029;111;2;34.02;0
20931;6029;104;10;4.07;0
20932;6030;101;3;44.35;0
20933;6030;103;5;93.05;0
20934;6030;109;6;14.81;0
20935;6030;102;9;16.63;0
20936;6030;115;2;21.03;0
20937;6030;108;9;11.73;0
20938;6031;115;9;21.03;0
20939;6031;114;5;31.92;0
20940;6031;105;8;86.64;0
20941;6032;105;9;86.64;0
20942;6032;113;3;85.64;0
20943;6032;116;8;31.81;1
20944;6032;103;3;93.05;0
20945;6032;115;8;21.03;0
20946;6032;106;4;93.64;0
20947;6033;113;3;85.64;0
20948;6033;118;10;11.11;0
20949;6034;113;7;85.64;0
20950;6034;106;8;93.64;0
20951;6034;117;7;94.29;0
20952;6035;102;9;16.63;0
20953;6035;118;1;11.11;1
20954;6035;108;10;11.73;0
20955;6036;111;7;34.02;0
20956;6036;108;9;11.73;0
20957;6036;117;5;94.29;0
20958;6036;115;1;21.03;0
20959;6036;101;4;44.35;0
20960;6036;105;5;86.64;0
20961;6037;112;6;11.48;0
20962;6037;116;2;31.81;0
20963;6037;101;8;44.35;0
20964;6037;107;9;77.21;0
20965;6038;103;9;93.05;0
20966;6038;108;9;11.73;0
20967;6039;104;10;4.07;0
20968;6039;116;10;31.81;0
20969;6039;110;2;87.41;2
20970;6039;108;6;11.73;0
20971;6040;108;2;11.73;0
20972;6040;112;5;11.48;0
20973;6040;115;7;21.03;0
20974;6040;105;6;86.64;3
20975;6041;105;8;86.64;0
20976;6041;118;5;11.11;0
20977;6041;107;1;77.21;0
20978;6041;110;1;87.41;0
20979;6041;111;10;34.02;0
20980;6042;101;2;44.35;0
20981;6042;110;9;87.41;0
20982;6042;108;5;11.73;0
20983;6042;107;7;77.21;0
20984;6043;104;2;4.07;0
20985;6043;114;8;31.92;0
20986;6043;107;6;77.21;0
20987;6043;106;1;93.64;0
20988;6043;109;7;14.81;0
20989;6044;108;8;11.73;0
20990;6044;113;8;85.64;0
20991;6044;115;2;21.03;0
20992;6044;101;4;44.35;0
20993;6044;105;3;86.64;0
20994;6044;114;2;31.92;0
20995;6045;101;3;44.35;0
20996;6045;107;4;77.21;0
20997;6045;112;10;11.48;0
20998;6046;108;2;11.73;0
20999;6046;109;3;14.81;0
21000;6046;101;5;44.35;0
21001;6046;104;3;4.07;0
21002;6047;109;10;14.81;0
21003;6047;113;1;85.64;1
21004;6048;116;7;31.81;0
21005;6048;112;2;11.48;0
21006;6048;117;8;94.29;0
21007;6048;105;7;86.64;0
21008;6049;102;8;16.63;6
21009;6049;105;6;86.64;6
21010;6049;111;3;34.02;0
21011;6049;109;2;14.81;0
21012;6049;110;4;87.41;0
21013;6050;109;5;14.81;0
21014;6050;107;1;77.21;0
21015;6050;112;9;11.48;0
21016;6050;113;10;85.64;0
21017;6050;103;5;93.05;0
21018;6051;102;4;16.63;0
21019;6051;106;7;93.64;0
21020;6051;103;10;93.05;0
21021;6051;101;6;44.35;0
21022;6052;112;8;11.48;0
21023;6052;115;9;21.03;0
21024;6052;102;2;16.63;0
21025;6052;117;3;94.29;0
21026;6052;113;1;85.64;0
21027;6052;116;1;31.81;0
21028;6053;104;10;4.07;0
21029;6053;118;8;11.11;0
21030;6054;105;9;86.64;0
21031;6055;106;6;93.64;0
21032;6055;101;2;44.35;0
21033;6055;112;5;11.48;0
21034;6056;118;6;11.11;0
21035;6056;108;8;11.73;0
21036;6056;102;2;16.63;0
21037;6056;106;4;93.64;0
21038;6056;104;10;4.07;0
21039;6057;109;3;14.81;0
21040;6057;111;7;34.02;0
21041;6057;116;8;31.81;0
21042;6057;101;10;44.35;0
21043;6057;107;8;77.21;0
21044;6057;104;7;4.07;0
21045;6058;112;6;11.48;0
21046;6058;111;2;34.02;0
21047;6059;108;5;11.73;0
21048;6059;111;3;34.02;0
21049;6059;118;10;11.11;0
21050;6059;103;6;93.05;0
21051;6059;113;9;85.64;0
21052;6060;109;9;14.81;0
21053;6060;110;6;87.41;0
21054;6060;102;2;16.63;0
21055;6060;108;2;11.73;0
21056;6060;113;10;85.64;0
21057;6061;114;3;31.92;0
21058;6061;115;10;21.03;0
21059;6061;118;2;11.11;0
21060;6061;105;4;86.64;0
21061;6062;107;6;77.21;0
21062;6062;114;2;31.92;0
21063;6062;103;6;93.05;0
21064;6062;116;7;31.81;0
21065;6062;115;7;21.03;0
21066;6063;113;3;85.64;0
21067;6063;108;2;11.73;0
21068;6063;107;8;77.21;0
21069;6063;104;10;4.07;0
21070;6063;114;8;31.92;0
21071;6064;106;6;93.64;2
21072;6065;114;4;31.92;0
21073;6065;110;5;87.41;0
21074;6065;105;9;86.64;0
21075;6066;104;2;4.07;0
21076;6067;113;2;85.64;0
21077;6067;116;1;31.81;1
21078;6067;107;4;77.21;0
21079;6068;117;5;94.29;0
21080;6068;116;10;31.81;0
21081;6068;101;8;44.35;3
21082;6068;118;6;11.11;0
21083;6068;112;1;11.48;0
21084;6069;118;5;11.11;0
21085;6069;101;6;44.35;0
21086;6069;112;4;11.48;0
21087;6069;104;3;4.07;0
21088;6069;117;4;94.29;0
21089;6069;116;4;31.81;0
21090;6070;117;7;94.29;6
21091;6070;104;5;4.07;0
21092;6070;110;5;87.41;1
21093;6071;111;2;34.02;0
21094;6071;118;4;11.11;0
21095;6072;110;7;87.41;0
21096;6072;112;2;11.48;0
21097;6072;103;9;93.05;0
21098;6072;109;7;14.81;0
21099;6072;113;7;85.64;6
21100;6073;102;5;16.63;0
21101;6073;104;10;4.07;0
21102;6074;108;6;11.73;0
21103;6074;114;8;31.92;0
21104;6074;110;7;87.41;0
21105;6074;118;6;11.11;0
21106;6075;118;6;11.11;0
21107;6076;116;10;31.81;0
21108;6077;114;9;31.92;0
21109;6077;111;2;34.02;0
21110;6077;103;4;93.05;0
21111;6077;115;7;21.03;0
21112;6077;106;10;93.64;0
21113;6077;118;8;11.11;0
21114;6078;112;7;11.48;0
21115;6078;101;10;44.35;0
21116;6079;103;1;93.05;0
21117;6080;116;7;31.81;0
21118;6080;108;1;11.73;0
21119;6080;111;10;34.02;0
21120;6081;113;4;85.64;0
21121;6081;112;7;11.48;0
21122;6081;109;9;14.81;0
21123;6081;107;5;77.21;0
21124;6081;104;1;4.07;0
21125;6081;114;2;31.92;0
21126;6082;109;1;14.81;0
21127;6083;116;8;31.81;0
21128;6084;116;9;31.81;0
21129;6085;101;8;44.35;0
21130;6086;117;4;94.29;0
21131;6087;105;6;86.64;2
21132;6087;115;5;21.03;5
21133;6087;108;8;11.73;3
21134;6088;113;2;85.64;0
21135;6088;107;10;77.21;0
21136;6088;108;8;11.73;0
21137;6088;103;3;93.05;0
21138;6088;117;4;94.29;0
21139;6088;109;8;14.81;0
21140;6089;108;10;11.73;0
21141;6090;106;1;93.64;0
21142;6090;117;7;94.29;0
21143;6090;118;2;11.11;0
21144;6090;103;8;93.05;0
21145;6090;109;7;14.81;0
21146;6090;113;6;85.64;0
21147;6091;114;9;31.92;1
21148;6091;115;2;21.03;0
21149;6091;105;4;86.64;0
21150;6091;116;3;31.81;0
21151;6091;106;2;93.64;0
21152;6091;104;3;4.07;0
21153;6092;102;6;16.63;0
21154;6092;112;10;11.48;0
21155;6092;116;9;31.81;2
21156;6092;107;2;77.21;0
21157;6092;113;7;85.64;0
21158;6093;105;2;86.64;0
21159;6093;111;6;34.02;0
21160;6093;103;6;93.05;0
21161;6093;106;4;93.64;0
21162;6094;108;10;11.73;0
21163;6094;111;1;34.02;0
21164;6095;103;6;93.05;0
21165;6095;116;6;31.81;0
21166;6095;104;1;4.07;0
21167;6095;101;3;44.35;0
21168;6095;109;5;14.81;0
21169;6096;103;5;93.05;0
21170;6096;113;6;85.64;0
21171;6096;114;5;31.92;0
21172;6096;104;7;4.07;0
21173;6097;113;10;85.64;0
21174;6097;107;3;77.21;0
21175;6097;101;7;44.35;0
21176;6098;118;3;11.11;0
21177;6098;103;6;93.05;0
21178;6098;102;10;16.63;0
21179;6098;114;7;31.92;7
21180;6098;115;7;21.03;0
21181;6099;103;8;93.05;5
21182;6099;111;2;34.02;0
21183;6100;104;3;4.07;0
21184;6100;113;1;85.64;0
21185;6101;111;5;34.02;0
21186;6102;105;4;86.64;0
21187;6102;117;1;94.29;0
21188;6102;116;9;31.81;7
21189;6102;115;2;21.03;0
21190;6102;108;8;11.73;0
21191;6102;111;9;34.02;0
21192;6103;112;1;11.48;0
21193;6103;108;7;11.73;0
21194;6103;109;3;14.81;0
21195;6103;107;2;77.21;0
21196;6103;115;6;21.03;0
21197;6103;110;1;87.41;0
21198;6104;106;7;93.64;0
21199;6104;102;3;16.63;0
21200;6105;113;1;85.64;0
21201;6105;108;2;11.73;0
21202;6105;107;7;77.21;0
21203;6105;105;5;86.64;0
21204;6106;117;8;94.29;0
21205;6106;112;1;11.48;0
21206;6107;113;8;85.64;0
21207;6107;116;10;31.81;0
21208;6108;107;5;77.21;0
21209;6108;116;10;31.81;0
21210;6108;118;3;11.11;0
21211;6108;115;3;21.03;0
21212;6108;102;6;16.63;0
21213;6109;106;5;93.64;0
21214;6110;105;1;86.64;0
21215;6110;114;4;31.92;0
21216;6110;111;1;34.02;0
21217;6111;109;1;14.81;0
21218;6111;108;5;11.73;0
21219;6111;112;10;11.48;0
21220;6111;113;7;85.64;0
21221;6112;118;8;11.11;0
21222;6112;108;10;11.73;3
21223;6112;117;6;94.29;0
21224;6112;107;3;77.21;0
21225;6113;112;2;11.48;0
21226;6113;113;2;85.64;0
21227;6113;105;4;86.64;0
21228;6114;118;3;11.11;0
21229;6114;106;4;93.64;0
21230;6114;112;1;11.48;0
21231;6114;103;1;93.05;0
21232;6114;104;9;4.07;0
21233;6115;106;7;93.64;0
21234;6115;118;7;11.11;5
21235;6115;101;6;44.35;0
21236;6115;108;2;11.73;0
21237;6116;116;3;31.81;0
21238;6117;104;3;4.07;0
21239;6117;110;7;87.41;0
21240;6117;118;3;11.11;0
21241;6117;114;7;31.92;0
21242;6118;113;10;85.64;0
21243;6118;106;8;93.64;0
21244;6118;107;3;77.21;0
21245;6118;114;9;31.92;0
21246;6118;108;9;11.73;0
21247;6118;115;4;21.03;1
21248;6119;107;7;77.21;0
21249;6119;103;3;93.05;0
21250;6120;102;3;16.63;0
21251;6120;105;9;86.64;0
21252;6120;118;9;11.11;0
21253;6120;101;5;44.35;0
21254;6121;105;3;86.64;0
21255;6121;104;7;4.07;0
21256;6121;115;10;21.03;0
21257;6121;117;8;94.29;0
21258;6121;114;9;31.92;0
21259;6122;112;1;11.48;0
21260;6122;116;4;31.81;0
21261;6122;109;7;14.81;0
21262;6123;110;6;87.41;6
21263;6123;112;5;11.48;0
21264;6123;102;10;16.63;0
21265;6123;107;6;77.21;0
21266;6123;105;3;86.64;0
21267;6123;106;3;93.64;0
21268;6124;113;10;85.64;0
21269;6125;118;7;11.11;0
21270;6126;111;7;34.02;0
21271;6126;118;8;11.11;0
21272;6127;105;1;86.64;0
21273;6127;113;6;85.64;0
21274;6127;103;6;93.05;0
21275;6127;116;9;31.81;0
21276;6127;118;7;11.11;0
21277;6127;106;5;93.64;0
21278;6128;118;3;11.11;0
21279;6128;104;3;4.07;0
21280;6129;118;3;11.11;0
21281;6130;111;7;34.02;0
21282;6131;115;7;21.03;0
21283;6131;111;2;34.02;0
21284;6131;110;3;87.41;0
21285;6132;113;8;85.64;0
21286;6133;106;3;93.64;0
21287;6133;110;8;87.41;0
21288;6133;117;2;94.29;0
21289;6133;105;4;86.64;0
21290;6134;115;2;21.03;0
21291;6134;109;4;14.81;0
21292;6134;110;6;87.41;0
21293;6135;112;4;11.48;0
21294;6135;104;5;4.07;0
21295;6135;113;4;85.64;0
21296;6135;115;9;21.03;0
21297;6135;114;4;31.92;0
21298;6136;115;10;21.03;0
21299;6136;104;9;4.07;4
21300;6136;109;10;14.81;0
21301;6136;117;4;94.29;0
21302;6136;103;6;93.05;0
21303;6136;114;4;31.92;0
21304;6137;102;8;16.63;0
21305;6137;112;5;11.48;0
21306;6137;117;4;94.29;0
21307;6137;115;4;21.03;0
21308;6137;114;2;31.92;0
21309;6137;107;8;77.21;2
21310;6138;111;9;34.02;0
21311;6139;114;1;31.92;0
21312;6140;116;9;31.81;0
21313;6140;109;4;14.81;0
21314;6140;104;6;4.07;0
21315;6140;101;7;44.35;0
21316;6140;114;2;31.92;0
21317;6140;108;1;11.73;0
21318;6141;111;3;34.02;0
21319;6141;109;8;14.81;0
21320;6141;102;10;16.63;0
21321;6142;111;2;34.02;0
21322;6142;112;5;11.48;0
21323;6142;107;8;77.21;0
21324;6142;102;6;16.63;0
21325;6142;101;9;44.35;0
21326;6143;118;5;11.11;0
21327;6143;112;5;11.48;0
21328;6143;102;5;16.63;0
21329;6143;105;8;86.64;0
21330;6143;113;5;85.64;0
21331;6143;109;1;14.81;0
21332;6144;104;5;4.07;0
21333;6144;114;6;31.92;0
21334;6144;102;5;16.63;0
21335;6144;103;5;93.05;0
21336;6144;107;9;77.21;7
21337;6145;118;1;11.11;0
21338;6146;101;3;44.35;0
21339;6147;115;2;21.03;0
21340;6147;111;3;34.02;0
21341;6147;112;1;11.48;0
21342;6148;118;4;11.11;0
21343;6148;108;10;11.73;0
21344;6148;102;3;16.63;0
21345;6148;113;6;85.64;0
21346;6149;118;2;11.11;0
21347;6149;110;10;87.41;0
21348;6149;106;2;93.64;0
21349;6149;109;9;14.81;0
21350;6149;104;8;4.07;0
21351;6149;102;10;16.63;0
21352;6150;103;4;93.05;0
21353;6151;110;1;87.41;0
21354;6151;104;5;4.07;0
21355;6152;104;7;4.07;0
21356;6152;110;5;87.41;0
21357;6152;117;8;94.29;0
21358;6152;114;10;31.92;0
21359;6152;101;2;44.35;0
21360;6153;110;8;87.41;0
21361;6153;116;8;31.81;0
21362;6153;108;8;11.73;0
21363;6153;107;10;77.21;0
21364;6154;118;6;11.11;0
21365;6154;108;9;11.73;0
21366;6154;102;7;16.63;0
21367;6154;115;7;21.03;0
21368;6155;102;1;16.63;0
21369;6155;110;5;87.41;0
21370;6155;115;4;21.03;0
21371;6155;109;1;14.81;0
21372;6156;110;5;87.41;0
21373;6156;117;6;94.29;0
21374;6156;114;2;31.92;0
21375;6156;108;8;11.73;0
21376;6156;106;7;93.64;0
21377;6156;109;2;14.81;0
21378;6157;106;4;93.64;0
21379;6157;101;1;44.35;0
21380;6157;104;4;4.07;0
21381;6157;105;8;86.64;0
21382;6157;116;6;31.81;0
21383;6158;112;7;11.48;0
21384;6158;103;3;93.05;0
21385;6158;109;2;14.81;0
21386;6158;116;10;31.81;0
21387;6159;101;6;44.35;0
21388;6160;103;10;93.05;0
21389;6160;114;9;31.92;0
21390;6160;110;4;87.41;0
21391;6160;109;5;14.81;0
21392;6160;111;3;34.02;0
21393;6160;102;7;16.63;0
21394;6161;117;3;94.29;0
21395;6161;107;9;77.21;0
21396;6161;115;2;21.03;2
21397;6161;109;10;14.81;0
21398;6161;108;2;11.73;0
21399;6162;115;2;21.03;0
21400;6162;116;8;31.81;0
21401;6162;104;1;4.07;0
21402;6162;117;7;94.29;0
21403;6162;110;3;87.41;0
21404;6162;118;7;11.11;0
21405;6163;104;10;4.07;0
21406;6163;115;1;21.03;0
21407;6163;114;6;31.92;0
21408;6163;107;1;77.21;0
21409;6163;103;1;93.05;0
21410;6164;113;6;85.64;0
21411;6164;116;9;31.81;0
21412;6164;104;9;4.07;0
21413;6164;115;4;21.03;0
21414;6164;103;9;93.05;0
21415;6165;108;6;11.73;0
21416;6166;117;1;94.29;0
21417;6166;116;10;31.81;0
21418;6166;115;5;21.03;0
21419;6167;109;2;14.81;0
21420;6167;103;6;93.05;0
21421;6167;102;5;16.63;0
21422;6168;101;7;44.35;0
21423;6168;117;6;94.29;0
21424;6168;103;8;93.05;0
21425;6168;105;9;86.64;0
21426;6169;108;9;11.73;0
21427;6170;112;8;11.48;4
21428;6170;106;3;93.64;0
21429;6170;117;6;94.29;0
21430;6170;111;10;34.02;0
21431;6170;113;3;85.64;1
21432;6171;112;6;11.48;0
21433;6172;116;4;31.81;0
21434;6172;107;6;77.21;0
21435;6172;117;1;94.29;0
21436;6173;101;8;44.35;0
21437;6173;111;7;34.02;3
21438;6173;110;10;87.41;0
21439;6173;118;3;11.11;0
21440;6173;105;10;86.64;0
21441;6174;109;10;14.81;0
21442;6174;104;8;4.07;0
21443;6174;116;3;31.81;0
21444;6174;102;7;16.63;0
21445;6174;106;7;93.64;0
21446;6174;107;3;77.21;0
21447;6175;112;5;11.48;0
21448;6175;111;8;34.02;0
21449;6175;104;5;4.07;0
21450;6175;108;8;11.73;0
21451;6175;109;6;14.81;0
21452;6176;110;7;87.41;0
21453;6176;115;10;21.03;0
21454;6176;113;3;85.64;0
21455;6176;103;2;93.05;0
21456;6177;117;3;94.29;0
21457;6177;118;5;11.11;0
21458;6177;106;3;93.64;0
21459;6178;104;2;4.07;0
21460;6179;114;9;31.92;0
21461;6179;116;1;31.81;0
21462;6179;115;7;21.03;0
21463;6179;105;4;86.64;0
21464;6179;107;10;77.21;0
21465;6179;106;3;93.64;0
21466;6180;113;5;85.64;0
21467;6181;106;4;93.64;0
21468;6181;115;5;21.03;0
21469;6181;111;6;34.02;0
21470;6181;114;4;31.92;0
21471;6181;117;2;94.29;0
21472;6181;103;5;93.05;0
21473;6182;117;2;94.29;0
21474;6182;115;10;21.03;0
21475;6182;112;4;11.48;0
21476;6182;108;6;11.73;0
21477;6182;105;2;86.64;0
21478;6182;102;1;16.63;0
21479;6183;116;8;31.81;5
21480;6183;108;5;11.73;0
21481;6183;115;9;21.03;0
21482;6183;101;6;44.35;0
21483;6184;113;1;85.64;0
21484;6184;107;6;77.21;0
21485;6185;117;6;94.29;0
21486;6186;103;5;93.05;0
21487;6186;115;7;21.03;0
21488;6186;118;8;11.11;0
21489;6186;111;6;34.02;0
21490;6187;113;10;85.64;0
21491;6188;102;7;16.63;0
21492;6189;110;6;87.41;0
21493;6189;104;8;4.07;0
21494;6190;112;3;11.48;1
21495;6191;113;6;85.64;0
21496;6192;109;1;14.81;0
21497;6192;106;5;93.64;0
21498;6192;108;1;11.73;0
21499;6192;105;6;86.64;0
21500;6192;114;7;31.92;0
21501;6192;102;5;16.63;0
21502;6193;114;2;31.92;0
21503;6193;108;2;11.73;0
21504;6194;105;5;86.64;0
21505;6194;117;6;94.29;0
21506;6194;118;1;11.11;0
21507;6194;107;7;77.21;0
21508;6194;104;1;4.07;0
21509;6194;113;4;85.64;0
21510;6195;109;7;14.81;0
21511;6195;111;6;34.02;0
21512;6195;112;5;11.48;0
21513;6195;104;7;4.07;0
21514;6196;104;4;4.07;0
21515;6196;101;6;44.35;0
21516;6196;117;9;94.29;0
21517;6196;107;10;77.21;0
21518;6196;118;1;11.11;0
21519;6197;106;9;93.64;0
21520;6197;108;2;11.73;0
21521;6197;118;9;11.11;0
21522;6197;101;9;44.35;0
21523;6197;115;7;21.03;0
21524;6197;105;3;86.64;0
21525;6198;108;9;11.73;0
21526;6198;117;5;94.29;0
21527;6198;106;6;93.64;0
21528;6198;115;6;21.03;0
21529;6199;117;1;94.29;0
21530;6199;110;7;87.41;0
21531;6199;116;7;31.81;0
21532;6199;102;6;16.63;0
21533;6199;118;5;11.11;0
21534;6200;116;5;31.81;4
21535;6200;114;6;31.92;0
21536;6200;112;10;11.48;0
21537;6200;110;3;87.41;0
21538;6200;108;4;11.73;0
21539;6201;109;4;14.81;0
21540;6201;118;6;11.11;0
21541;6201;102;1;16.63;0
21542;6201;104;8;4.07;0
21543;6202;113;4;85.64;0
21544;6202;109;3;14.81;0
21545;6202;110;4;87.41;3
21546;6202;112;8;11.48;0
21547;6202;104;10;4.07;0
21548;6203;116;2;31.81;0
21549;6203;108;8;11.73;8
21550;6203;101;3;44.35;0
21551;6203;113;5;85.64;0
21552;6203;109;6;14.81;0
21553;6203;105;6;86.64;0
21554;6204;106;9;93.64;0
21555;6204;116;6;31.81;0
21556;6204;110;2;87.41;0
21557;6205;103;3;93.05;0
21558;6205;117;6;94.29;0
21559;6205;115;10;21.03;0
21560;6205;108;8;11.73;0
21561;6205;116;6;31.81;0
21562;6205;102;3;16.63;0
21563;6206;112;1;11.48;0
21564;6206;118;3;11.11;1
21565;6206;109;6;14.81;3
21566;6206;113;4;85.64;0
21567;6206;115;4;21.03;0
21568;6207;113;3;85.64;0
21569;6207;105;8;86.64;0
21570;6207;117;3;94.29;0
21571;6208;111;9;34.02;0
21572;6208;107;1;77.21;0
21573;6209;101;2;44.35;0
21574;6210;111;1;34.02;0
21575;6210;115;8;21.03;0
21576;6210;117;6;94.29;0
21577;6210;106;3;93.64;0
21578;6211;101;5;44.35;0
21579;6211;109;7;14.81;0
21580;6211;117;7;94.29;0
21581;6211;111;5;34.02;0
21582;6212;116;8;31.81;0
21583;6213;101;3;44.35;0
21584;6214;106;4;93.64;0
21585;6214;107;3;77.21;0
21586;6215;114;7;31.92;0
21587;6215;107;4;77.21;0
21588;6215;105;4;86.64;0
21589;6215;115;1;21.03;0
21590;6215;101;3;44.35;0
21591;6216;115;9;21.03;0
21592;6216;114;6;31.92;0
21593;6216;113;10;85.64;0
21594;6216;117;4;94.29;0
21595;6216;108;3;11.73;0
21596;6216;105;4;86.64;0
21597;6217;106;3;93.64;1
21598;6218;102;5;16.63;0
21599;6218;103;7;93.05;0
21600;6218;115;2;21.03;0
21601;6218;113;1;85.64;0
21602;6219;111;4;34.02;1
21603;6219;103;4;93.05;0
21604;6219;118;4;11.11;0
21605;6219;109;4;14.81;0
21606;6219;115;5;21.03;0
21607;6220;108;9;11.73;0
21608;6220;116;4;31.81;0
21609;6220;101;1;44.35;1
21610;6220;113;5;85.64;0
21611;6220;118;8;11.11;0
21612;6220;117;3;94.29;0
21613;6221;117;1;94.29;0
21614;6221;106;4;93.64;0
21615;6221;105;5;86.64;0
21616;6221;111;8;34.02;0
21617;6222;113;1;85.64;0
21618;6222;105;8;86.64;7
21619;6223;108;8;11.73;0
21620;6224;111;10;34.02;0
21621;6224;108;6;11.73;0
21622;6224;114;1;31.92;0
21623;6224;105;3;86.64;0
21624;6225;107;5;77.21;0
21625;6225;115;8;21.03;0
21626;6225;112;2;11.48;2
21627;6225;108;3;11.73;0
21628;6226;114;9;31.92;0
21629;6227;115;3;21.03;0
21630;6228;115;2;21.03;0
21631;6228;118;5;11.11;0
21632;6229;103;2;93.05;0
21633;6230;107;7;77.21;0
21634;6230;110;2;87.41;0
21635;6230;113;3;85.64;0
21636;6230;102;2;16.63;0
21637;6230;112;3;11.48;0
21638;6230;104;4;4.07;0
21639;6231;103;9;93.05;0
21640;6231;113;8;85.64;0
21641;6231;105;8;86.64;0
21642;6231;117;6;94.29;0
21643;6231;108;8;11.73;0
21644;6231;106;1;93.64;0
21645;6232;118;7;11.11;0
21646;6232;111;7;34.02;0
21647;6232;104;4;4.07;0
21648;6232;108;2;11.73;0
21649;6233;108;4;11.73;0
21650;6234;118;10;11.11;0
21651;6234;108;8;11.73;0
21652;6234;115;6;21.03;0
21653;6234;101;1;44.35;0
21654;6234;105;10;86.64;0
21655;6235;114;8;31.92;0
21656;6235;110;9;87.41;0
21657;6235;111;1;34.02;0
21658;6235;113;7;85.64;0
21659;6236;116;6;31.81;0
21660;6236;104;5;4.07;0
21661;6237;106;6;93.64;0
21662;6237;112;1;11.48;0
21663;6237;102;8;16.63;0
21664;6238;111;7;34.02;0
21665;6239;116;9;31.81;0
21666;6239;118;4;11.11;0
21667;6239;102;1;16.63;0
21668;6240;106;8;93.64;0
21669;6240;110;7;87.41;0
21670;6240;111;5;34.02;0
21671;6240;115;7;21.03;0
21672;6240;101;1;44.35;0
21673;6241;114;9;31.92;0
21674;6242;117;3;94.29;0
21675;6242;109;7;14.81;0
21676;6242;115;10;21.03;0
21677;6242;101;6;44.35;0
21678;6242;106;5;93.64;0
21679;6243;111;9;34.02;0
21680;6244;114;10;31.92;0
21681;6244;113;4;85.64;0
21682;6244;109;2;14.81;0
21683;6245;114;8;31.92;0
21684;6246;109;4;14.81;0
21685;6246;101;4;44.35;0
21686;6246;117;7;94.29;0
21687;6247;111;2;34.02;0
21688;6247;107;7;77.21;0
21689;6247;106;5;93.64;0
21690;6247;102;9;16.63;0
21691;6247;114;6;31.92;0
21692;6248;105;9;86.64;9
21693;6248;115;2;21.03;0
21694;6248;107;6;77.21;0
21695;6248;112;2;11.48;0
21696;6249;105;5;86.64;0
21697;6249;113;4;85.64;0
21698;6249;108;8;11.73;1
21699;6250;115;10;21.03;0
21700;6250;117;5;94.29;0
21701;6250;105;6;86.64;0
21702;6250;104;3;4.07;0
21703;6251;115;4;21.03;0
21704;6252;113;8;85.64;0
21705;6252;103;7;93.05;0
21706;6252;105;9;86.64;0
21707;6253;102;10;16.63;0
21708;6253;107;2;77.21;0
21709;6254;114;5;31.92;0
21710;6254;115;5;21.03;0
21711;6254;108;9;11.73;0
21712;6255;117;3;94.29;0
21713;6255;112;8;11.48;0
21714;6255;103;2;93.05;0
21715;6255;113;6;85.64;0
21716;6255;118;5;11.11;0
21717;6256;101;5;44.35;0
21718;6257;106;9;93.64;0
21719;6257;103;3;93.05;0
21720;6257;101;9;44.35;0
21721;6257;118;9;11.11;0
21722;6257;113;3;85.64;0
21723;6258;113;7;85.64;0
21724;6258;106;3;93.64;0
21725;6259;114;8;31.92;0
21726;6259;102;4;16.63;0
21727;6259;101;2;44.35;0
21728;6260;110;8;87.41;0
21729;6261;104;3;4.07;0
21730;6261;114;7;31.92;0
21731;6261;106;6;93.64;0
21732;6262;114;2;31.92;0
21733;6262;104;6;4.07;0
21734;6262;108;9;11.73;0
21735;6262;103;7;93.05;7
21736;6262;115;10;21.03;0
21737;6263;110;1;87.41;0
21738;6263;109;3;14.81;0
21739;6264;116;1;31.81;0
21740;6265;118;1;11.11;1
21741;6265;110;8;87.41;2
21742;6265;108;6;11.73;0
21743;6266;111;1;34.02;0
21744;6266;102;8;16.63;0
21745;6267;107;5;77.21;0
21746;6267;113;2;85.64;0
21747;6267;103;4;93.05;0
21748;6267;104;9;4.07;0
21749;6267;105;1;86.64;0
21750;6268;104;6;4.07;0
21751;6268;101;3;44.35;0
21752;6269;106;3;93.64;0
21753;6269;113;4;85.64;0
21754;6269;115;1;21.03;0
21755;6269;103;4;93.05;0
21756;6269;104;5;4.07;0
21757;6269;118;5;11.11;0
21758;6270;113;6;85.64;0
21759;6270;114;3;31.92;0
21760;6270;115;6;21.03;0
21761;6271;113;7;85.64;0
21762;6271;104;3;4.07;0
21763;6271;117;5;94.29;0
21764;6271;106;5;93.64;0
21765;6271;107;3;77.21;0
21766;6272;113;8;85.64;0
21767;6272;105;8;86.64;0
21768;6272;110;6;87.41;0
21769;6272;102;10;16.63;0
21770;6272;103;2;93.05;0
21771;6273;103;1;93.05;0
21772;6273;106;1;93.64;0
21773;6273;105;7;86.64;0
21774;6273;110;8;87.41;0
21775;6273;109;1;14.81;0
21776;6274;114;10;31.92;0
21777;6275;115;5;21.03;0
21778;6275;105;6;86.64;0
21779;6275;108;9;11.73;0
21780;6275;109;7;14.81;0
21781;6275;104;1;4.07;0
21782;6275;113;10;85.64;0
21783;6276;107;1;77.21;0
21784;6276;113;10;85.64;0
21785;6276;109;7;14.81;0
21786;6277;108;7;11.73;0
21787;6277;103;7;93.05;0
21788;6277;115;10;21.03;0
21789;6277;104;1;4.07;0
21790;6278;107;3;77.21;0
21791;6278;118;7;11.11;0
21792;6278;105;7;86.64;0
21793;6278;101;5;44.35;0
21794;6278;116;5;31.81;0
21795;6279;105;9;86.64;5
21796;6279;103;6;93.05;0
21797;6279;107;3;77.21;0
21798;6280;118;9;11.11;0
21799;6280;111;10;34.02;0
21800;6280;114;2;31.92;2
21801;6281;106;10;93.64;0
21802;6281;118;2;11.11;0
21803;6281;105;6;86.64;0
21804;6281;109;3;14.81;0
21805;6281;108;5;11.73;0
21806;6281;102;4;16.63;0
21807;6282;105;7;86.64;0
21808;6282;104;7;4.07;0
21809;6282;112;7;11.48;0
21810;6282;101;2;44.35;0
21811;6283;110;4;87.41;0
21812;6283;106;1;93.64;0
21813;6283;115;4;21.03;0
21814;6283;117;5;94.29;0
21815;6283;102;5;16.63;0
21816;6283;103;1;93.05;0
21817;6284;117;10;94.29;0
21818;6284;109;8;14.81;0
21819;6284;101;4;44.35;0
21820;6284;112;2;11.48;0
21821;6285;113;3;85.64;0
21822;6285;101;6;44.35;0
21823;6286;103;3;93.05;0
21824;6286;113;3;85.64;0
21825;6286;106;10;93.64;0
21826;6286;105;6;86.64;0
21827;6287;117;8;94.29;0
21828;6287;111;5;34.02;0
21829;6287;110;10;87.41;0
21830;6288;114;8;31.92;6
21831;6288;116;4;31.81;0
21832;6289;115;10;21.03;0
21833;6289;102;1;16.63;0
21834;6290;117;9;94.29;0
21835;6290;118;7;11.11;0
21836;6290;108;1;11.73;0
21837;6290;104;2;4.07;1
21838;6290;102;10;16.63;0
21839;6290;111;7;34.02;0
21840;6291;116;1;31.81;0
21841;6291;112;6;11.48;0
21842;6292;104;9;4.07;0
21843;6292;109;4;14.81;0
21844;6293;111;5;34.02;0
21845;6293;116;10;31.81;0
21846;6294;104;6;4.07;0
21847;6294;117;4;94.29;0
21848;6295;115;1;21.03;0
21849;6295;116;3;31.81;0
21850;6295;101;5;44.35;0
21851;6296;110;10;87.41;0
21852;6296;112;2;11.48;0
21853;6296;102;3;16.63;0
21854;6296;116;4;31.81;0
21855;6296;108;7;11.73;0
21856;6296;104;5;4.07;0
21857;6297;107;8;77.21;0
21858;6297;103;7;93.05;0
21859;6297;111;1;34.02;0
21860;6298;108;2;11.73;0
21861;6298;115;1;21.03;0
21862;6298;102;8;16.63;0
21863;6299;103;7;93.05;0
21864;6299;108;8;11.73;0
21865;6300;116;3;31.81;0
21866;6300;101;3;44.35;0
21867;6300;110;6;87.41;0
21868;6301;114;3;31.92;0
21869;6301;101;6;44.35;0
21870;6301;116;6;31.81;0
21871;6301;111;2;34.02;0
21872;6302;109;4;14.81;0
21873;6302;105;1;86.64;0
21874;6302;108;3;11.73;0
21875;6303;116;2;31.81;0
21876;6304;101;10;44.35;0
21877;6304;115;9;21.03;0
21878;6304;102;9;16.63;0
21879;6304;112;1;11.48;0
21880;6305;102;7;16.63;0
21881;6305;103;1;93.05;0
21882;6305;109;6;14.81;0
21883;6305;104;6;4.07;0
21884;6305;114;10;31.92;0
21885;6306;108;8;11.73;0
21886;6306;117;10;94.29;0
21887;6306;115;2;21.03;0
21888;6306;110;4;87.41;0
21889;6307;113;10;85.64;0
21890;6307;102;10;16.63;0
21891;6307;106;5;93.64;0
21892;6307;108;7;11.73;0
21893;6307;103;10;93.05;0
21894;6307;109;9;14.81;0
21895;6308;110;9;87.41;0
21896;6308;113;3;85.64;0
21897;6308;116;10;31.81;0
21898;6309;112;2;11.48;0
21899;6310;113;5;85.64;0
21900;6311;116;5;31.81;0
21901;6311;114;1;31.92;0
21902;6311;110;5;87.41;0
21903;6311;118;4;11.11;0
21904;6312;107;3;77.21;0
21905;6312;118;7;11.11;0
21906;6312;113;1;85.64;0
21907;6313;102;6;16.63;0
21908;6313;103;4;93.05;0
21909;6313;105;6;86.64;0
21910;6314;116;7;31.81;2
21911;6314;105;2;86.64;0
21912;6314;114;5;31.92;0
21913;6314;117;10;94.29;0
21914;6314;108;10;11.73;0
21915;6315;112;8;11.48;0
21916;6315;116;6;31.81;0
21917;6315;108;8;11.73;6
21918;6316;117;4;94.29;0
21919;6316;110;10;87.41;0
21920;6317;116;6;31.81;0
21921;6318;109;5;14.81;0
21922;6318;115;1;21.03;0
21923;6318;108;5;11.73;0
21924;6318;112;6;11.48;0
21925;6319;116;3;31.81;0
21926;6319;109;3;14.81;0
21927;6319;112;8;11.48;0
21928;6319;104;2;4.07;0
21929;6320;110;4;87.41;0
21930;6320;118;5;11.11;0
21931;6320;102;1;16.63;0
21932;6320;106;7;93.64;2
21933;6320;112;9;11.48;0
21934;6321;107;9;77.21;0
21935;6322;117;5;94.29;0
21936;6322;112;2;11.48;0
21937;6322;107;5;77.21;0
21938;6322;108;2;11.73;0
21939;6322;105;4;86.64;0
21940;6323;102;5;16.63;0
21941;6323;107;2;77.21;2
21942;6323;115;5;21.03;0
21943;6324;109;9;14.81;0
21944;6324;117;8;94.29;0
21945;6324;106;7;93.64;0
21946;6324;110;1;87.41;0
21947;6325;106;7;93.64;0
21948;6325;105;7;86.64;0
21949;6325;109;10;14.81;0
21950;6325;110;8;87.41;0
21951;6325;108;7;11.73;0
21952;6326;115;6;21.03;0
21953;6326;110;10;87.41;0
21954;6326;112;9;11.48;0
21955;6326;101;9;44.35;0
21956;6327;104;1;4.07;0
21957;6327;112;5;11.48;0
21958;6327;102;4;16.63;0
21959;6327;118;1;11.11;0
21960;6328;116;1;31.81;0
21961;6329;110;1;87.41;0
21962;6329;102;3;16.63;0
21963;6329;115;4;21.03;2
21964;6329;107;5;77.21;0
21965;6330;101;8;44.35;0
21966;6330;107;6;77.21;0
21967;6330;102;4;16.63;0
21968;6330;106;8;93.64;0
21969;6331;112;3;11.48;0
21970;6331;113;7;85.64;0
21971;6331;102;1;16.63;0
21972;6332;102;7;16.63;5
21973;6332;115;10;21.03;0
21974;6332;110;5;87.41;0
21975;6333;117;8;94.29;0
21976;6333;108;10;11.73;0
21977;6333;102;2;16.63;0
21978;6333;110;10;87.41;0
21979;6334;104;7;4.07;0
21980;6334;118;10;11.11;0
21981;6335;106;4;93.64;0
21982;6335;103;1;93.05;0
21983;6336;102;8;16.63;0
21984;6336;114;8;31.92;0
21985;6336;113;4;85.64;0
21986;6336;117;3;94.29;0
21987;6336;112;8;11.48;0
21988;6336;110;6;87.41;0
21989;6337;109;5;14.81;0
21990;6337;112;4;11.48;2
21991;6337;106;1;93.64;0
21992;6337;101;8;44.35;0
21993;6337;108;4;11.73;0
21994;6338;101;4;44.35;0
21995;6338;104;7;4.07;0
21996;6338;112;5;11.48;0
21997;6338;110;5;87.41;0
21998;6338;115;7;21.03;0
21999;6338;117;4;94.29;0
22000;6339;105;8;86.64;0
22001;6339;109;9;14.81;0
22002;6339;103;5;93.05;0
22003;6339;102;9;16.63;0
22004;6339;101;8;44.35;0
22005;6339;111;4;34.02;0
22006;6340;103;8;93.05;0
22007;6340;116;9;31.81;0
22008;6340;105;4;86.64;0
22009;6340;104;2;4.07;0
22010;6340;110;7;87.41;7
22011;6341;118;2;11.11;0
22012;6342;110;8;87.41;8
22013;6342;115;1;21.03;0
22014;6342;107;1;77.21;0
22015;6342;106;4;93.64;0
22016;6342;112;3;11.48;0
22017;6342;109;6;14.81;0
22018;6343;103;10;93.05;0
22019;6343;115;10;21.03;0
22020;6343;116;10;31.81;0
22021;6344;107;10;77.21;0
22022;6344;116;7;31.81;0
22023;6345;115;9;21.03;0
22024;6345;105;3;86.64;0
22025;6345;109;7;14.81;0
22026;6345;114;5;31.92;0
22027;6345;113;4;85.64;0
22028;6345;118;7;11.11;0
22029;6346;114;3;31.92;0
22030;6346;104;4;4.07;0
22031;6346;103;9;93.05;0
22032;6347;111;7;34.02;0
22033;6347;118;2;11.11;0
22034;6347;107;6;77.21;0
22035;6347;101;7;44.35;0
22036;6347;103;10;93.05;0
22037;6347;104;3;4.07;0
22038;6348;103;9;93.05;8
22039;6348;105;5;86.64;0
22040;6348;118;2;11.11;0
22041;6348;107;8;77.21;0
22042;6348;115;10;21.03;0
22043;6349;103;1;93.05;0
22044;6350;106;2;93.64;0
22045;6350;113;9;85.64;0
22046;6350;114;3;31.92;0
22047;6350;107;7;77.21;5
22048;6350;117;5;94.29;0
22049;6351;105;2;86.64;0
22050;6351;117;7;94.29;0
22051;6351;107;8;77.21;7
22052;6351;102;7;16.63;0
22053;6352;108;5;11.73;0
22054;6352;111;5;34.02;0
22055;6352;110;8;87.41;0
22056;6352;114;4;31.92;0
22057;6352;115;5;21.03;0
22058;6353;108;1;11.73;0
22059;6353;112;7;11.48;0
22060;6353;103;8;93.05;0
22061;6353;110;6;87.41;0
22062;6353;116;7;31.81;0
22063;6354;105;3;86.64;0
22064;6354;114;2;31.92;0
22065;6355;118;10;11.11;0
22066;6355;115;1;21.03;0
22067;6355;113;3;85.64;0
22068;6355;103;3;93.05;0
22069;6356;118;9;11.11;0
22070;6357;105;8;86.64;0
22071;6357;113;5;85.64;0
22072;6358;113;4;85.64;0
22073;6358;111;4;34.02;0
22074;6358;102;9;16.63;0
22075;6358;108;9;11.73;0
22076;6358;110;3;87.41;0
22077;6358;117;5;94.29;0
22078;6359;105;6;86.64;0
22079;6359;111;6;34.02;0
22080;6359;116;2;31.81;0
22081;6359;117;2;94.29;0
22082;6359;102;7;16.63;0
22083;6359;118;1;11.11;0
22084;6360;102;4;16.63;0
22085;6360;112;5;11.48;0
22086;6360;103;5;93.05;0
22087;6361;102;6;16.63;0
22088;6361;109;4;14.81;0
22089;6361;105;5;86.64;0
22090;6361;108;8;11.73;0
22091;6361;101;3;44.35;0
22092;6361;103;10;93.05;0
22093;6362;101;2;44.35;0
22094;6362;107;10;77.21;0
22095;6362;104;8;4.07;0
22096;6362;112;6;11.48;0
22097;6362;114;6;31.92;0
22098;6362;108;5;11.73;0
22099;6363;103;1;93.05;1
22100;6363;109;5;14.81;2
22101;6363;116;1;31.81;0
22102;6363;114;4;31.92;0
22103;6363;115;8;21.03;0
22104;6364;112;8;11.48;0
22105;6364;104;1;4.07;0
22106;6364;101;3;44.35;0
22107;6364;108;3;11.73;0
22108;6365;105;7;86.64;0
22109;6365;109;10;14.81;0
22110;6365;112;6;11.48;0
22111;6366;115;2;21.03;0
22112;6366;109;8;14.81;0
22113;6366;107;4;77.21;0
22114;6367;111;2;34.02;0
22115;6367;103;8;93.05;0
22116;6367;107;2;77.21;0
22117;6367;106;3;93.64;0
22118;6368;101;8;44.35;5
22119;6368;102;9;16.63;0
22120;6368;116;6;31.81;0
22121;6368;107;2;77.21;0
22122;6368;110;5;87.41;0
22123;6369;105;9;86.64;0
22124;6369;104;10;4.07;0
22125;6369;106;9;93.64;0
22126;6369;110;6;87.41;0
22127;6370;111;2;34.02;0
22128;6370;109;2;14.81;0
22129;6370;118;6;11.11;0
22130;6370;105;10;86.64;0
22131;6371;117;1;94.29;0
22132;6371;102;9;16.63;0
22133;6371;106;6;93.64;0
22134;6371;104;1;4.07;1
22135;6371;114;3;31.92;0
22136;6371;118;2;11.11;0
22137;6372;118;9;11.11;0
22138;6372;107;1;77.21;0
22139;6372;116;4;31.81;0
22140;6372;113;1;85.64;0
22141;6373;118;6;11.11;0
22142;6373;103;7;93.05;0
22143;6374;110;9;87.41;0
22144;6374;105;6;86.64;0
22145;6375;105;6;86.64;0
22146;6375;117;9;94.29;0
22147;6375;103;5;93.05;0
22148;6375;112;10;11.48;0
22149;6375;110;8;87.41;0
22150;6376;104;7;4.07;0
22151;6376;110;6;87.41;0
22152;6377;112;10;11.48;0
22153;6377;116;10;31.81;0
22154;6377;104;3;4.07;0
22155;6377;107;7;77.21;0
22156;6378;112;6;11.48;0
22157;6378;118;6;11.11;0
22158;6378;111;9;34.02;0
22159;6378;105;9;86.64;0
22160;6378;101;4;44.35;0
22161;6378;116;9;31.81;0
22162;6379;118;2;11.11;0
22163;6379;111;1;34.02;0
22164;6380;116;2;31.81;0
22165;6381;112;7;11.48;0
22166;6382;113;1;85.64;0
22167;6382;102;7;16.63;0
22168;6382;118;9;11.11;0
22169;6382;103;3;93.05;0
22170;6382;116;8;31.81;0
22171;6383;115;4;21.03;0
22172;6383;113;5;85.64;0
22173;6383;101;3;44.35;0
22174;6383;103;6;93.05;0
22175;6383;116;8;31.81;0
22176;6383;111;7;34.02;0
22177;6384;103;3;93.05;0
22178;6384;113;2;85.64;0
22179;6384;112;9;11.48;0
22180;6384;106;7;93.64;0
22181;6384;102;10;16.63;0
22182;6385;105;4;86.64;0
22183;6385;111;3;34.02;0
22184;6385;101;7;44.35;0
22185;6385;102;3;16.63;0
22186;6386;108;10;11.73;0
22187;6386;101;3;44.35;0
22188;6386;106;5;93.64;0
22189;6387;103;6;93.05;0
22190;6387;102;6;16.63;0
22191;6387;112;1;11.48;0
22192;6387;115;6;21.03;0
22193;6387;111;4;34.02;0
22194;6387;109;1;14.81;1
22195;6388;106;9;93.64;0
22196;6389;109;9;14.81;0
22197;6390;111;3;34.02;0
22198;6390;114;10;31.92;0
22199;6390;106;4;93.64;0
22200;6391;101;6;44.35;0
22201;6391;109;2;14.81;0
22202;6392;104;8;4.07;0
22203;6393;110;7;87.41;0
22204;6393;102;2;16.63;0
22205;6393;117;4;94.29;0
22206;6394;106;10;93.64;0
22207;6394;112;2;11.48;0
22208;6395;117;4;94.29;0
22209;6396;102;9;16.63;0
22210;6396;116;3;31.81;0
22211;6397;107;8;77.21;0
22212;6397;108;1;11.73;0
22213;6397;103;3;93.05;0
22214;6397;116;10;31.81;0
22215;6398;108;2;11.73;0
22216;6398;107;3;77.21;0
22217;6398;114;5;31.92;0
22218;6398;101;5;44.35;0
22219;6398;112;4;11.48;0
22220;6399;114;9;31.92;0
22221;6399;101;2;44.35;0
22222;6399;107;9;77.21;0
22223;6399;106;3;93.64;0
22224;6399;108;5;11.73;0
22225;6399;103;9;93.05;0
22226;6400;101;1;44.35;0
22227;6401;118;9;11.11;0
22228;6401;101;10;44.35;0
22229;6401;104;9;4.07;0
22230;6402;101;8;44.35;0
22231;6403;107;6;77.21;0
22232;6404;109;3;14.81;0
22233;6404;106;6;93.64;0
22234;6405;115;2;21.03;0
22235;6405;105;1;86.64;0
22236;6406;106;1;93.64;0
22237;6406;105;3;86.64;0
22238;6406;108;6;11.73;0
22239;6407;118;5;11.11;0
22240;6408;103;10;93.05;0
22241;6409;106;1;93.64;0
22242;6409;105;4;86.64;0
22243;6409;104;6;4.07;0
22244;6409;111;6;34.02;0
22245;6410;108;4;11.73;0
22246;6410;104;7;4.07;0
22247;6410;117;6;94.29;0
22248;6410;113;6;85.64;0
22249;6410;111;4;34.02;0
22250;6410;107;4;77.21;0
22251;6411;109;6;14.81;0
22252;6412;116;10;31.81;0
22253;6412;104;1;4.07;0
22254;6413;106;7;93.64;0
22255;6413;114;9;31.92;0
22256;6414;118;5;11.11;0
22257;6414;117;1;94.29;1
22258;6415;117;1;94.29;0
22259;6415;114;1;31.92;0
22260;6415;105;2;86.64;0
22261;6415;113;10;85.64;0
22262;6415;109;3;14.81;0
22263;6415;118;9;11.11;0
22264;6416;111;3;34.02;0
22265;6416;115;5;21.03;0
22266;6416;110;5;87.41;0
22267;6416;106;1;93.64;0
22268;6417;117;4;94.29;0
22269;6417;106;3;93.64;0
22270;6417;112;7;11.48;0
22271;6417;110;4;87.41;0
22272;6418;110;8;87.41;0
22273;6418;118;7;11.11;0
22274;6418;101;8;44.35;0
22275;6418;116;6;31.81;0
22276;6418;115;7;21.03;0
22277;6419;118;6;11.11;4
22278;6419;114;2;31.92;0
22279;6419;117;5;94.29;0
22280;6419;116;8;31.81;0
22281;6420;106;9;93.64;0
22282;6420;113;2;85.64;0
22283;6420;117;5;94.29;0
22284;6421;113;8;85.64;0
22285;6421;110;7;87.41;0
22286;6421;108;10;11.73;0
22287;6422;104;8;4.07;0
22288;6423;110;7;87.41;0
22289;6424;101;6;44.35;0
22290;6424;104;7;4.07;0
22291;6424;105;5;86.64;0
22292;6425;114;7;31.92;0
22293;6426;105;10;86.64;0
22294;6426;104;4;4.07;0
22295;6426;111;10;34.02;0
22296;6427;103;3;93.05;0
22297;6427;118;8;11.11;0
22298;6427;102;4;16.63;0
22299;6427;114;7;31.92;0
22300;6427;101;2;44.35;2
22301;6428;107;2;77.21;0
22302;6428;102;3;16.63;0
22303;6428;114;2;31.92;2
22304;6428;109;3;14.81;0
22305;6428;106;9;93.64;0
22306;6428;116;1;31.81;0
22307;6429;103;10;93.05;0
22308;6429;117;6;94.29;0
22309;6429;106;8;93.64;0
22310;6429;116;5;31.81;0
22311;6429;111;7;34.02;0
22312;6429;108;5;11.73;0
22313;6430;115;8;21.03;0
22314;6430;114;4;31.92;0
22315;6430;107;10;77.21;0
22316;6431;114;7;31.92;0
22317;6431;101;10;44.35;0
22318;6432;103;1;93.05;0
22319;6432;108;3;11.73;0
22320;6432;110;9;87.41;0
22321;6432;109;7;14.81;0
22322;6433;102;9;16.63;0
22323;6434;108;7;11.73;4
22324;6434;107;5;77.21;0
22325;6434;102;6;16.63;0
22326;6435;107;10;77.21;0
22327;6435;103;8;93.05;0
22328;6435;109;5;14.81;0
22329;6436;114;8;31.92;0
22330;6436;115;5;21.03;0
22331;6436;112;6;11.48;0
22332;6436;106;6;93.64;0
22333;6437;114;6;31.92;0
22334;6437;104;5;4.07;0
22335;6437;107;1;77.21;0
22336;6437;113;2;85.64;0
22337;6438;117;2;94.29;0
22338;6438;103;1;93.05;0
22339;6438;101;2;44.35;0
22340;6438;112;3;11.48;0
22341;6439;110;2;87.41;0
22342;6439;104;6;4.07;0
22343;6439;105;6;86.64;0
22344;6439;117;1;94.29;0
22345;6439;114;1;31.92;0
22346;6439;109;6;14.81;0
22347;6440;113;9;85.64;0
22348;6441;105;2;86.64;0
22349;6441;108;4;11.73;0
22350;6441;111;1;34.02;0
22351;6442;111;3;34.02;0
22352;6442;109;9;14.81;0
22353;6443;101;2;44.35;0
22354;6443;114;1;31.92;0
22355;6443;115;4;21.03;0
22356;6444;111;9;34.02;0
22357;6444;110;8;87.41;0
22358;6444;112;8;11.48;0
22359;6445;101;2;44.35;0
22360;6445;104;6;4.07;0
22361;6446;104;5;4.07;0
22362;6446;107;4;77.21;0
22363;6446;106;9;93.64;0
22364;6446;116;6;31.81;0
22365;6446;109;7;14.81;0
22366;6446;105;6;86.64;0
22367;6447;103;1;93.05;0
22368;6447;106;1;93.64;0
22369;6447;110;4;87.41;0
22370;6448;110;10;87.41;0
22371;6449;108;7;11.73;0
22372;6450;117;1;94.29;0
22373;6450;110;4;87.41;0
22374;6451;117;7;94.29;0
22375;6451;103;6;93.05;0
22376;6452;118;8;11.11;0
22377;6452;109;4;14.81;0
22378;6452;104;2;4.07;0
22379;6452;101;4;44.35;0
22380;6453;114;10;31.92;0
22381;6454;118;1;11.11;0
22382;6454;106;7;93.64;0
22383;6454;105;3;86.64;0
22384;6454;114;5;31.92;0
22385;6455;111;8;34.02;0
22386;6455;117;9;94.29;0
22387;6455;112;3;11.48;0
22388;6455;109;9;14.81;0
22389;6456;103;8;93.05;0
22390;6456;104;9;4.07;0
22391;6456;112;4;11.48;0
22392;6456;110;9;87.41;0
22393;6456;113;9;85.64;0
22394;6457;108;10;11.73;0
22395;6457;111;4;34.02;0
22396;6458;111;5;34.02;0
22397;6458;103;7;93.05;0
22398;6458;115;7;21.03;0
22399;6458;106;4;93.64;0
22400;6458;114;7;31.92;0
22401;6459;116;5;31.81;0
22402;6459;106;10;93.64;0
22403;6460;118;2;11.11;0
22404;6461;114;10;31.92;0
22405;6461;116;2;31.81;0
22406;6462;118;6;11.11;0
22407;6462;117;4;94.29;0
22408;6462;102;10;16.63;0
22409;6462;112;9;11.48;9
22410;6462;104;2;4.07;0
22411;6462;110;8;87.41;0
22412;6463;111;1;34.02;0
22413;6464;107;3;77.21;0
22414;6464;112;4;11.48;0
22415;6465;110;10;87.41;0
22416;6465;109;10;14.81;0
22417;6466;108;9;11.73;0
22418;6466;107;8;77.21;0
22419;6466;110;5;87.41;0
22420;6467;118;9;11.11;0
22421;6467;105;2;86.64;0
22422;6467;103;4;93.05;0
22423;6467;102;6;16.63;0
22424;6468;101;2;44.35;0
22425;6468;113;8;85.64;0
22426;6469;115;2;21.03;0
22427;6469;107;8;77.21;0
22428;6469;101;9;44.35;0
22429;6469;116;8;31.81;0
22430;6470;113;10;85.64;0
22431;6471;118;7;11.11;0
22432;6471;111;8;34.02;0
22433;6472;108;4;11.73;0
22434;6472;103;6;93.05;0
22435;6472;112;1;11.48;0
22436;6472;114;3;31.92;0
22437;6473;108;3;11.73;0
22438;6473;101;8;44.35;0
22439;6473;112;4;11.48;0
22440;6473;104;7;4.07;0
22441;6473;113;9;85.64;0
22442;6473;118;9;11.11;0
22443;6474;116;9;31.81;0
22444;6474;108;4;11.73;0
22445;6474;106;3;93.64;0
22446;6474;117;2;94.29;0
22447;6475;109;2;14.81;0
22448;6476;107;3;77.21;0
22449;6477;113;3;85.64;0
22450;6477;108;8;11.73;0
22451;6477;103;3;93.05;0
22452;6477;107;6;77.21;0
22453;6477;105;8;86.64;0
22454;6477;110;10;87.41;0
22455;6478;102;9;16.63;0
22456;6478;101;1;44.35;0
22457;6478;110;9;87.41;0
22458;6478;114;1;31.92;0
22459;6478;111;9;34.02;0
22460;6478;117;7;94.29;2
22461;6479;118;10;11.11;0
22462;6480;104;2;4.07;0
22463;6480;114;1;31.92;0
22464;6480;112;5;11.48;0
22465;6480;113;7;85.64;0
22466;6481;110;2;87.41;0
22467;6481;115;1;21.03;0
22468;6481;101;7;44.35;0
22469;6482;102;7;16.63;0
22470;6483;108;8;11.73;0
22471;6483;104;8;4.07;0
22472;6483;110;10;87.41;0
22473;6483;112;2;11.48;0
22474;6484;110;10;87.41;0
22475;6484;117;9;94.29;0
22476;6484;113;6;85.64;0
22477;6484;107;4;77.21;1
22478;6484;116;6;31.81;0
22479;6485;108;5;11.73;0
22480;6485;107;4;77.21;0
22481;6486;114;7;31.92;0
22482;6486;115;5;21.03;0
22483;6486;111;9;34.02;0
22484;6486;106;9;93.64;0
22485;6487;103;5;93.05;0
22486;6487;109;6;14.81;0
22487;6488;102;9;16.63;0
22488;6488;108;10;11.73;0
22489;6488;105;8;86.64;0
22490;6489;105;5;86.64;0
22491;6490;113;5;85.64;0
22492;6490;116;9;31.81;0
22493;6491;106;2;93.64;0
22494;6491;104;1;4.07;0
22495;6491;108;9;11.73;0
22496;6491;118;7;11.11;0
22497;6491;105;5;86.64;0
22498;6492;114;5;31.92;0
22499;6492;105;7;86.64;0
22500;6492;116;8;31.81;0
22501;6492;112;10;11.48;0
22502;6492;118;1;11.11;0
22503;6493;115;9;21.03;0
22504;6493;112;4;11.48;0
22505;6494;106;3;93.64;0
22506;6494;114;8;31.92;0
22507;6494;116;6;31.81;0
22508;6495;104;8;4.07;0
22509;6495;114;6;31.92;0
22510;6496;104;3;4.07;0
22511;6496;112;8;11.48;0
22512;6496;106;10;93.64;0
22513;6497;109;10;14.81;0
22514;6498;109;7;14.81;0
22515;6498;112;5;11.48;0
22516;6499;108;2;11.73;0
22517;6500;110;5;87.41;0
22518;6500;105;3;86.64;0
22519;6500;114;7;31.92;0
22520;6500;118;8;11.11;0
22521;6500;103;5;93.05;0
22522;6501;117;10;94.29;0
22523;6501;114;8;31.92;0
22524;6501;115;9;21.03;0
22525;6501;103;7;93.05;0
22526;6501;108;1;11.73;0
22527;6501;112;10;11.48;0
22528;6502;105;7;86.64;0
22529;6502;104;7;4.07;7
22530;6502;103;1;93.05;0
22531;6502;108;10;11.73;0
22532;6502;116;4;31.81;0
22533;6503;108;9;11.73;0
22534;6503;115;9;21.03;0
22535;6503;111;8;34.02;0
22536;6504;108;3;11.73;0
22537;6504;118;10;11.11;0
22538;6504;101;3;44.35;3
22539;6505;112;8;11.48;0
22540;6505;104;6;4.07;0
22541;6505;118;3;11.11;0
22542;6505;103;10;93.05;0
22543;6506;115;6;21.03;0
22544;6506;113;3;85.64;0
22545;6507;112;5;11.48;0
22546;6508;115;1;21.03;0
22547;6508;110;1;87.41;0
22548;6509;117;1;94.29;0
22549;6509;109;2;14.81;0
22550;6509;102;1;16.63;0
22551;6509;118;8;11.11;0
22552;6510;109;10;14.81;0
22553;6510;115;6;21.03;0
22554;6510;102;7;16.63;0
22555;6510;118;8;11.11;0
22556;6510;104;3;4.07;0
22557;6511;103;3;93.05;0
22558;6511;112;2;11.48;0
22559;6512;116;10;31.81;0
22560;6512;117;5;94.29;0
22561;6512;109;7;14.81;0
22562;6512;102;10;16.63;0
22563;6513;104;2;4.07;0
22564;6513;108;5;11.73;0
22565;6513;101;5;44.35;0
22566;6513;109;3;14.81;0
22567;6513;107;5;77.21;0
22568;6513;116;2;31.81;0
22569;6514;117;8;94.29;0
22570;6514;105;2;86.64;0
22571;6514;109;4;14.81;0
22572;6514;114;6;31.92;0
22573;6514;111;9;34.02;0
22574;6514;110;8;87.41;0
22575;6515;109;9;14.81;8
22576;6516;108;2;11.73;0
22577;6516;112;2;11.48;0
22578;6517;107;8;77.21;0
22579;6517;108;9;11.73;0
22580;6517;114;4;31.92;0
22581;6518;102;4;16.63;1
22582;6519;107;6;77.21;0
22583;6519;104;7;4.07;0
22584;6519;114;6;31.92;0
22585;6519;108;5;11.73;0
22586;6519;110;8;87.41;0
22587;6520;112;3;11.48;0
22588;6520;106;2;93.64;0
22589;6521;117;5;94.29;0
22590;6521;103;5;93.05;0
22591;6521;114;1;31.92;0
22592;6521;107;9;77.21;0
22593;6521;118;3;11.11;0
22594;6522;112;2;11.48;0
22595;6522;113;7;85.64;0
22596;6522;106;3;93.64;0
22597;6522;117;2;94.29;0
22598;6522;115;2;21.03;0
22599;6523;110;8;87.41;0
22600;6523;117;5;94.29;0
22601;6523;101;6;44.35;0
22602;6524;102;5;16.63;0
22603;6524;115;1;21.03;0
22604;6524;111;8;34.02;0
22605;6525;107;8;77.21;0
22606;6526;103;4;93.05;0
22607;6527;101;8;44.35;0
22608;6527;106;10;93.64;0
22609;6527;107;3;77.21;0
22610;6528;115;2;21.03;0
22611;6529;104;9;4.07;0
22612;6529;109;5;14.81;0
22613;6530;107;3;77.21;0
22614;6530;115;3;21.03;3
22615;6530;104;8;4.07;0
22616;6530;118;1;11.11;0
22617;6530;110;1;87.41;0
22618;6531;111;1;34.02;0
22619;6531;109;2;14.81;0
22620;6531;107;7;77.21;6
22621;6532;113;1;85.64;0
22622;6532;110;8;87.41;0
22623;6533;110;7;87.41;0
22624;6533;108;1;11.73;0
22625;6533;107;3;77.21;0
22626;6533;109;8;14.81;0
22627;6533;116;1;31.81;0
22628;6533;103;10;93.05;5
22629;6534;118;5;11.11;3
22630;6534;116;5;31.81;0
22631;6534;113;8;85.64;0
22632;6534;112;2;11.48;0
22633;6534;106;1;93.64;0
22634;6534;115;10;21.03;0
22635;6535;107;3;77.21;0
22636;6535;112;7;11.48;0
22637;6535;117;1;94.29;0
22638;6535;104;7;4.07;0
22639;6536;113;9;85.64;0
22640;6536;107;10;77.21;0
22641;6536;101;5;44.35;0
22642;6536;114;6;31.92;0
22643;6536;109;7;14.81;0
22644;6536;108;10;11.73;0
22645;6537;105;2;86.64;0
22646;6537;111;1;34.02;0
22647;6537;104;1;4.07;0
22648;6537;118;4;11.11;0
22649;6538;109;3;14.81;0
22650;6538;111;9;34.02;0
22651;6538;103;4;93.05;0
22652;6538;113;6;85.64;0
22653;6538;112;3;11.48;0
22654;6539;109;4;14.81;0
22655;6539;108;5;11.73;0
22656;6539;111;3;34.02;0
22657;6539;105;1;86.64;0
22658;6539;110;1;87.41;0
22659;6540;118;9;11.11;0
22660;6540;102;5;16.63;0
22661;6541;114;1;31.92;0
22662;6541;111;10;34.02;0
22663;6541;109;5;14.81;0
22664;6541;113;1;85.64;0
22665;6542;115;6;21.03;0
22666;6542;118;2;11.11;0
22667;6542;106;6;93.64;0
22668;6542;103;1;93.05;0
22669;6543;107;10;77.21;0
22670;6543;110;3;87.41;0
22671;6543;101;2;44.35;0
22672;6543;108;9;11.73;0
22673;6543;113;9;85.64;0
22674;6544;112;9;11.48;0
22675;6544;104;1;4.07;0
22676;6545;116;3;31.81;0
22677;6545;107;2;77.21;0
22678;6545;113;1;85.64;0
22679;6545;109;9;14.81;0
22680;6545;112;9;11.48;0
22681;6545;118;9;11.11;8
22682;6546;108;2;11.73;0
22683;6546;116;4;31.81;0
22684;6546;102;3;16.63;0
22685;6547;107;3;77.21;0
22686;6547;111;7;34.02;0
22687;6547;116;3;31.81;0
22688;6547;109;6;14.81;0
22689;6548;102;1;16.63;0
22690;6548;114;3;31.92;0
22691;6548;105;4;86.64;0
22692;6548;111;6;34.02;0
22693;6548;117;10;94.29;0
22694;6549;103;7;93.05;0
22695;6549;109;2;14.81;0
22696;6549;110;5;87.41;0
22697;6550;113;4;85.64;0
22698;6550;116;1;31.81;1
22699;6550;111;4;34.02;0
22700;6550;107;7;77.21;0
22701;6550;112;1;11.48;0
22702;6551;107;10;77.21;0
22703;6551;114;10;31.92;6
22704;6551;104;1;4.07;0
22705;6551;118;1;11.11;0
22706;6551;105;3;86.64;0
22707;6552;102;5;16.63;0
22708;6553;103;2;93.05;0
22709;6554;114;7;31.92;7
22710;6554;104;7;4.07;0
22711;6555;108;8;11.73;0
22712;6555;115;3;21.03;1
22713;6555;116;3;31.81;0
22714;6555;117;8;94.29;0
22715;6556;101;6;44.35;0
22716;6557;118;2;11.11;2
22717;6557;111;5;34.02;0
22718;6557;113;3;85.64;0
22719;6558;103;5;93.05;0
22720;6559;109;10;14.81;0
22721;6559;111;6;34.02;0
22722;6559;105;2;86.64;0
22723;6559;110;1;87.41;0
22724;6559;116;2;31.81;0
22725;6559;106;5;93.64;0
22726;6560;115;6;21.03;0
22727;6561;102;9;16.63;0
22728;6562;107;7;77.21;0
22729;6562;116;3;31.81;0
22730;6562;106;7;93.64;0
22731;6562;117;1;94.29;0
22732;6563;113;5;85.64;0
22733;6564;114;1;31.92;0
22734;6564;113;7;85.64;0
22735;6565;112;4;11.48;0
22736;6565;108;10;11.73;0
22737;6565;117;5;94.29;0
22738;6566;109;1;14.81;0
22739;6566;112;1;11.48;0
22740;6566;101;10;44.35;0
22741;6566;118;1;11.11;0
22742;6566;107;10;77.21;0
22743;6567;113;8;85.64;0
22744;6567;103;7;93.05;0
22745;6567;104;8;4.07;0
22746;6567;116;9;31.81;0
22747;6567;112;9;11.48;0
22748;6567;107;6;77.21;0
22749;6568;106;10;93.64;0
22750;6568;102;10;16.63;0
22751;6568;109;6;14.81;0
22752;6568;107;6;77.21;0
22753;6568;105;4;86.64;0
22754;6569;106;9;93.64;0
22755;6569;117;2;94.29;0
22756;6569;111;10;34.02;0
22757;6570;116;4;31.81;0
22758;6570;106;6;93.64;0
22759;6570;105;3;86.64;0
22760;6570;113;1;85.64;0
22761;6570;111;8;34.02;0
22762;6571;108;7;11.73;0
22763;6572;115;6;21.03;0
22764;6573;111;3;34.02;0
22765;6573;113;7;85.64;0
22766;6574;109;5;14.81;0
22767;6574;113;5;85.64;0
22768;6574;110;9;87.41;7
22769;6575;110;5;87.41;0
22770;6575;102;8;16.63;0
22771;6575;111;7;34.02;0
22772;6575;108;4;11.73;0
22773;6575;106;8;93.64;0
22774;6575;113;3;85.64;0
22775;6576;114;8;31.92;0
22776;6576;110;1;87.41;0
22777;6576;111;3;34.02;0
22778;6576;103;5;93.05;0
22779;6577;112;2;11.48;0
22780;6577;109;7;14.81;0
22781;6578;116;8;31.81;0
22782;6578;118;4;11.11;0
22783;6578;113;1;85.64;0
22784;6578;107;1;77.21;0
22785;6579;109;1;14.81;0
22786;6579;107;10;77.21;0
22787;6579;104;5;4.07;0
22788;6579;103;5;93.05;0
22789;6580;116;4;31.81;0
22790;6580;118;3;11.11;0
22791;6580;108;10;11.73;0
22792;6580;107;2;77.21;0
22793;6580;117;2;94.29;0
22794;6581;101;2;44.35;2
22795;6581;110;7;87.41;0
22796;6581;114;10;31.92;0
22797;6581;103;9;93.05;0
22798;6581;109;3;14.81;1
22799;6581;112;3;11.48;0
22800;6582;116;7;31.81;0
22801;6582;104;1;4.07;0
22802;6583;113;3;85.64;0
22803;6583;118;3;11.11;0
22804;6583;106;4;93.64;2
22805;6583;112;6;11.48;0
22806;6584;110;8;87.41;0
22807;6584;106;7;93.64;0
22808;6585;118;6;11.11;0
22809;6585;107;1;77.21;0
22810;6585;117;5;94.29;0
22811;6585;113;1;85.64;0
22812;6585;112;3;11.48;0
22813;6585;104;5;4.07;0
22814;6586;102;8;16.63;0
22815;6587;111;2;34.02;0
22816;6587;110;6;87.41;0
22817;6587;106;6;93.64;0
22818;6587;117;9;94.29;0
22819;6588;104;2;4.07;0
22820;6589;115;5;21.03;0
22821;6590;106;7;93.64;0
22822;6590;104;9;4.07;0
22823;6590;103;6;93.05;0
22824;6590;102;4;16.63;0
22825;6590;113;6;85.64;0
22826;6591;112;9;11.48;0
22827;6591;103;4;93.05;0
22828;6591;115;6;21.03;5
22829;6591;102;6;16.63;0
22830;6591;117;1;94.29;0
22831;6592;110;2;87.41;0
22832;6592;103;3;93.05;0
22833;6592;117;6;94.29;0
22834;6593;113;3;85.64;0
22835;6594;110;7;87.41;0
22836;6594;103;1;93.05;0
22837;6594;106;7;93.64;0
22838;6594;112;9;11.48;0
22839;6594;116;10;31.81;0
22840;6595;113;8;85.64;0
22841;6595;109;1;14.81;0
22842;6595;103;2;93.05;0
22843;6596;107;6;77.21;0
22844;6596;102;7;16.63;0
22845;6596;103;10;93.05;0
22846;6597;113;2;85.64;0
22847;6597;109;1;14.81;0
22848;6597;111;2;34.02;0
22849;6597;108;6;11.73;0
22850;6597;118;9;11.11;0
22851;6598;103;1;93.05;0
22852;6599;115;8;21.03;0
22853;6599;114;6;31.92;0
22854;6599;112;4;11.48;0
22855;6599;105;3;86.64;0
22856;6599;117;2;94.29;0
22857;6600;112;8;11.48;0
22858;6601;102;6;16.63;0
22859;6601;112;7;11.48;0
22860;6601;118;3;11.11;0
22861;6602;117;7;94.29;0
22862;6602;111;9;34.02;0
22863;6603;111;10;34.02;0
22864;6603;103;8;93.05;0
22865;6603;117;6;94.29;0
22866;6603;107;5;77.21;0
22867;6603;105;9;86.64;5
22868;6603;118;1;11.11;0
22869;6604;106;9;93.64;0
22870;6604;102;6;16.63;0
22871;6604;104;3;4.07;0
22872;6605;117;8;94.29;0
22873;6605;109;3;14.81;0
22874;6605;107;3;77.21;0
22875;6606;116;1;31.81;0
22876;6606;113;2;85.64;0
22877;6607;102;4;16.63;0
22878;6607;104;10;4.07;0
22879;6607;115;10;21.03;0
22880;6607;118;2;11.11;0
22881;6608;106;2;93.64;2
22882;6608;105;2;86.64;0
22883;6609;109;10;14.81;0
22884;6609;101;2;44.35;0
22885;6609;104;4;4.07;0
22886;6609;111;3;34.02;0
22887;6609;118;1;11.11;0
22888;6610;101;10;44.35;5
22889;6610;105;2;86.64;0
22890;6610;108;2;11.73;0
22891;6611;116;8;31.81;0
22892;6612;116;2;31.81;0
22893;6612;104;6;4.07;0
22894;6613;102;7;16.63;0
22895;6613;111;9;34.02;0
22896;6613;112;5;11.48;0
22897;6614;114;6;31.92;0
22898;6615;111;6;34.02;0
22899;6615;118;3;11.11;0
22900;6616;106;10;93.64;0
22901;6616;102;2;16.63;0
22902;6616;115;4;21.03;0
22903;6616;116;5;31.81;0
22904;6616;109;4;14.81;0
22905;6616;103;3;93.05;0
22906;6617;106;1;93.64;0
22907;6617;115;8;21.03;0
22908;6617;111;9;34.02;0
22909;6617;102;1;16.63;0
22910;6617;118;4;11.11;0
22911;6617;104;7;4.07;4
22912;6618;114;1;31.92;0
22913;6619;112;5;11.48;0
22914;6619;116;9;31.81;0
22915;6619;110;6;87.41;0
22916;6619;108;4;11.73;0
22917;6619;114;8;31.92;0
22918;6620;106;2;93.64;0
22919;6620;107;10;77.21;0
22920;6620;115;4;21.03;0
22921;6620;112;5;11.48;0
22922;6620;110;3;87.41;0
22923;6620;116;7;31.81;0
22924;6621;101;4;44.35;0
22925;6621;103;8;93.05;0
22926;6621;114;2;31.92;0
22927;6621;109;8;14.81;0
22928;6621;117;5;94.29;0
22929;6621;104;5;4.07;0
22930;6622;118;10;11.11;0
22931;6622;109;2;14.81;0
22932;6622;104;5;4.07;0
22933;6622;105;8;86.64;0
22934;6622;116;7;31.81;0
22935;6623;111;7;34.02;0
22936;6623;102;2;16.63;0
22937;6623;107;9;77.21;0
22938;6623;101;3;44.35;0
22939;6623;108;6;11.73;0
22940;6624;116;7;31.81;0
22941;6624;111;10;34.02;0
22942;6624;110;3;87.41;0
22943;6625;103;1;93.05;0
22944;6625;114;3;31.92;0
22945;6626;101;4;44.35;0
22946;6626;113;2;85.64;0
22947;6627;113;8;85.64;0
22948;6627;101;8;44.35;0
22949;6627;108;8;11.73;0
22950;6627;118;8;11.11;0
22951;6628;112;4;11.48;0
22952;6628;101;8;44.35;0
22953;6628;108;4;11.73;0
22954;6628;113;6;85.64;0
22955;6628;116;3;31.81;1
22956;6629;118;10;11.11;0
22957;6629;109;9;14.81;0
22958;6629;105;5;86.64;0
22959;6629;106;2;93.64;1
22960;6630;102;1;16.63;0
22961;6630;106;2;93.64;0
22962;6630;103;9;93.05;0
22963;6630;104;10;4.07;8
22964;6630;110;1;87.41;0
22965;6630;109;2;14.81;0
22966;6631;104;10;4.07;0
22967;6631;109;6;14.81;0
22968;6631;110;9;87.41;0
22969;6631;106;6;93.64;0
22970;6632;116;10;31.81;0
22971;6633;113;6;85.64;0
22972;6633;115;1;21.03;0
22973;6634;104;2;4.07;0
22974;6634;101;3;44.35;0
22975;6634;109;6;14.81;0
22976;6634;112;5;11.48;0
22977;6635;104;1;4.07;0
22978;6635;115;7;21.03;0
22979;6636;109;2;14.81;0
22980;6637;106;9;93.64;0
22981;6637;113;9;85.64;1
22982;6637;117;5;94.29;0
22983;6637;114;10;31.92;0
22984;6638;115;9;21.03;0
22985;6638;113;9;85.64;0
22986;6638;114;2;31.92;0
22987;6639;107;6;77.21;0
22988;6639;105;1;86.64;0
22989;6639;102;5;16.63;0
22990;6639;112;6;11.48;0
22991;6639;108;4;11.73;0
22992;6640;111;3;34.02;0
22993;6640;113;7;85.64;2
22994;6640;101;6;44.35;0
22995;6641;108;6;11.73;0
22996;6641;115;8;21.03;0
22997;6641;113;5;85.64;0
22998;6641;104;4;4.07;0
22999;6642;106;4;93.64;0
23000;6642;114;9;31.92;0
23001;6642;113;1;85.64;1
23002;6642;111;10;34.02;0
23003;6643;109;9;14.81;0
23004;6643;115;3;21.03;0
23005;6644;113;10;85.64;0
23006;6644;115;8;21.03;0
23007;6644;108;1;11.73;0
23008;6644;114;2;31.92;0
23009;6644;104;1;4.07;0
23010;6644;111;7;34.02;0
23011;6645;106;8;93.64;0
23012;6645;118;10;11.11;0
23013;6645;114;3;31.92;0
23014;6645;107;3;77.21;0
23015;6645;102;1;16.63;0
23016;6645;105;3;86.64;0
23017;6646;112;9;11.48;0
23018;6646;106;9;93.64;0
23019;6646;114;3;31.92;0
23020;6647;108;9;11.73;0
23021;6647;107;9;77.21;0
23022;6648;114;8;31.92;0
23023;6648;102;9;16.63;0
23024;6648;117;9;94.29;0
23025;6649;112;10;11.48;0
23026;6649;111;2;34.02;0
23027;6649;116;4;31.81;0
23028;6650;106;10;93.64;0
23029;6651;108;6;11.73;0
23030;6651;101;5;44.35;0
23031;6651;110;4;87.41;4
23032;6651;103;8;93.05;0
23033;6651;105;3;86.64;0
23034;6651;112;4;11.48;0
23035;6652;117;6;94.29;0
23036;6652;114;8;31.92;0
23037;6652;113;7;85.64;0
23038;6652;101;2;44.35;0
23039;6652;103;4;93.05;0
23040;6652;106;10;93.64;0
23041;6653;116;8;31.81;0
23042;6653;106;2;93.64;0
23043;6654;112;9;11.48;0
23044;6654;109;3;14.81;0
23045;6655;102;6;16.63;0
23046;6655;105;3;86.64;0
23047;6655;118;5;11.11;0
23048;6656;109;6;14.81;0
23049;6656;117;6;94.29;0
23050;6657;116;6;31.81;0
23051;6657;113;5;85.64;0
23052;6657;115;2;21.03;0
23053;6658;118;10;11.11;0
23054;6658;116;1;31.81;0
23055;6658;105;8;86.64;0
23056;6658;109;3;14.81;0
23057;6658;115;5;21.03;0
23058;6659;104;7;4.07;0
23059;6659;112;8;11.48;0
23060;6659;111;2;34.02;0
23061;6660;106;10;93.64;0
23062;6661;114;8;31.92;0
23063;6661;104;10;4.07;0
23064;6661;106;4;93.64;1
23065;6661;117;8;94.29;0
23066;6662;118;7;11.11;0
23067;6662;101;2;44.35;0
23068;6662;106;3;93.64;0
23069;6662;108;1;11.73;0
23070;6663;104;2;4.07;0
23071;6663;115;6;21.03;0
23072;6663;108;6;11.73;0
23073;6663;110;7;87.41;0
23074;6663;114;7;31.92;0
23075;6663;109;2;14.81;1
23076;6664;103;4;93.05;0
23077;6664;106;1;93.64;0
23078;6664;110;9;87.41;0
23079;6665;108;4;11.73;0
23080;6665;101;6;44.35;0
23081;6665;116;8;31.81;0
23082;6665;102;5;16.63;0
23083;6665;112;4;11.48;0
23084;6666;113;5;85.64;0
23085;6667;105;1;86.64;0
23086;6667;115;9;21.03;0
23087;6667;110;4;87.41;0
23088;6668;117;6;94.29;0
23089;6669;103;3;93.05;0
23090;6670;101;9;44.35;0
23091;6670;112;2;11.48;2
23092;6670;117;10;94.29;8
23093;6671;103;2;93.05;0
23094;6671;116;9;31.81;1
23095;6671;107;6;77.21;0
23096;6671;114;5;31.92;0
23097;6671;102;7;16.63;0
23098;6671;105;1;86.64;0
23099;6672;101;1;44.35;0
23100;6672;112;10;11.48;0
23101;6673;113;5;85.64;0
23102;6673;118;10;11.11;0
23103;6673;105;5;86.64;0
23104;6673;115;9;21.03;0
23105;6673;103;6;93.05;0
23106;6673;101;7;44.35;0
23107;6674;118;4;11.11;2
23108;6674;107;1;77.21;0
23109;6675;108;5;11.73;0
23110;6675;114;4;31.92;0
23111;6675;113;5;85.64;0
23112;6676;114;2;31.92;0
23113;6676;115;9;21.03;0
23114;6677;106;7;93.64;0
23115;6677;112;2;11.48;0
23116;6678;106;10;93.64;0
23117;6678;103;3;93.05;0
23118;6679;107;7;77.21;0
23119;6679;113;1;85.64;0
23120;6679;114;1;31.92;0
23121;6679;110;1;87.41;0
23122;6679;103;10;93.05;0
23123;6680;108;8;11.73;0
23124;6681;115;1;21.03;0
23125;6682;118;4;11.11;0
23126;6682;107;2;77.21;0
23127;6683;110;8;87.41;0
23128;6683;107;6;77.21;0
23129;6683;114;3;31.92;0
23130;6683;108;5;11.73;0
23131;6683;105;7;86.64;0
23132;6684;110;1;87.41;0
23133;6684;101;5;44.35;0
23134;6684;118;2;11.11;0
23135;6684;114;6;31.92;0
23136;6684;108;1;11.73;0
23137;6684;112;5;11.48;0
23138;6685;115;2;21.03;0
23139;6686;117;6;94.29;0
23140;6686;113;10;85.64;0
23141;6687;103;8;93.05;0
23142;6687;116;10;31.81;0
23143;6687;114;10;31.92;0
23144;6687;108;1;11.73;1
23145;6688;103;2;93.05;0
23146;6688;118;2;11.11;0
23147;6689;113;7;85.64;0
23148;6689;111;10;34.02;0
23149;6689;109;2;14.81;0
23150;6689;112;9;11.48;0
23151;6689;116;5;31.81;0
23152;6689;106;2;93.64;0
23153;6690;111;2;34.02;0
23154;6690;109;1;14.81;0
23155;6690;115;2;21.03;0
23156;6690;117;7;94.29;0
23157;6690;107;7;77.21;0
23158;6690;101;1;44.35;0
23159;6691;102;10;16.63;0
23160;6691;109;6;14.81;0
23161;6691;105;1;86.64;0
23162;6691;116;2;31.81;0
23163;6692;117;6;94.29;0
23164;6692;114;8;31.92;0
23165;6692;105;1;86.64;0
23166;6692;107;6;77.21;0
23167;6692;102;4;16.63;0
23168;6692;108;9;11.73;0
23169;6693;116;2;31.81;0
23170;6693;103;6;93.05;0
23171;6693;111;10;34.02;0
23172;6693;112;1;11.48;0
23173;6693;110;1;87.41;0
23174;6693;108;1;11.73;0
23175;6694;116;3;31.81;0
23176;6694;106;10;93.64;0
23177;6695;109;1;14.81;0
23178;6695;108;2;11.73;0
23179;6695;117;5;94.29;0
23180;6695;107;3;77.21;0
23181;6695;114;8;31.92;0
23182;6696;109;7;14.81;0
23183;6696;113;6;85.64;0
23184;6696;101;6;44.35;0
23185;6696;103;7;93.05;0
23186;6696;115;9;21.03;0
23187;6697;114;6;31.92;0
23188;6697;112;9;11.48;0
23189;6697;104;9;4.07;0
23190;6697;107;5;77.21;0
23191;6698;112;5;11.48;0
23192;6698;109;2;14.81;0
23193;6698;101;4;44.35;0
23194;6698;110;10;87.41;1
23195;6698;111;4;34.02;0
23196;6699;103;3;93.05;0
23197;6700;114;3;31.92;0
23198;6700;112;7;11.48;0
23199;6700;105;7;86.64;0
23200;6700;106;8;93.64;0
23201;6700;104;6;4.07;0
23202;6701;104;3;4.07;0
23203;6701;117;1;94.29;0
23204;6701;102;2;16.63;0
23205;6701;114;5;31.92;0
23206;6702;111;6;34.02;0
23207;6702;107;10;77.21;0
23208;6703;103;10;93.05;0
23209;6703;104;10;4.07;0
23210;6703;115;1;21.03;0
23211;6703;106;6;93.64;0
23212;6704;108;4;11.73;0
23213;6704;101;3;44.35;2
23214;6705;116;1;31.81;1
23215;6706;114;7;31.92;0
23216;6706;116;4;31.81;0
23217;6706;109;9;14.81;0
23218;6706;110;10;87.41;0
23219;6706;118;2;11.11;0
23220;6706;106;2;93.64;0
23221;6707;108;5;11.73;0
23222;6707;112;3;11.48;0
23223;6707;115;3;21.03;0
23224;6707;105;8;86.64;0
23225;6707;107;9;77.21;0
23226;6708;116;1;31.81;0
23227;6708;112;1;11.48;0
23228;6709;102;5;16.63;0
23229;6709;103;2;93.05;0
23230;6709;112;3;11.48;0
23231;6709;107;1;77.21;0
23232;6709;115;2;21.03;0
23233;6710;113;10;85.64;0
23234;6710;101;7;44.35;0
23235;6711;115;3;21.03;0
23236;6711;108;1;11.73;0
23237;6712;111;5;34.02;0
23238;6712;114;3;31.92;3
23239;6712;101;3;44.35;0
23240;6712;115;5;21.03;0
23241;6712;104;9;4.07;0
23242;6713;110;9;87.41;0
23243;6714;113;9;85.64;0
23244;6714;101;2;44.35;0
23245;6715;113;7;85.64;3
23246;6715;108;7;11.73;0
23247;6716;112;10;11.48;0
23248;6716;102;1;16.63;0
23249;6717;108;7;11.73;0
23250;6717;113;10;85.64;0
23251;6717;112;10;11.48;0
23252;6718;114;5;31.92;2
23253;6718;106;4;93.64;0
23254;6718;108;8;11.73;0
23255;6718;116;6;31.81;4
23256;6718;102;4;16.63;0
23257;6719;102;9;16.63;0
23258;6719;114;9;31.92;0
23259;6719;116;1;31.81;0
23260;6719;111;5;34.02;0
23261;6719;107;6;77.21;0
23262;6720;114;1;31.92;0
23263;6721;105;8;86.64;0
23264;6722;116;1;31.81;0
23265;6722;118;8;11.11;0
23266;6722;104;9;4.07;0
23267;6722;103;4;93.05;0
23268;6723;107;2;77.21;0
23269;6723;106;1;93.64;0
23270;6723;109;6;14.81;0
23271;6723;115;4;21.03;0
23272;6723;114;4;31.92;0
23273;6723;112;10;11.48;0
23274;6724;107;6;77.21;0
23275;6724;112;9;11.48;0
23276;6724;118;1;11.11;0
23277;6725;108;5;11.73;0
23278;6725;106;8;93.64;0
23279;6725;107;9;77.21;0
23280;6725;114;8;31.92;0
23281;6726;102;10;16.63;0
23282;6726;110;10;87.41;0
23283;6727;111;2;34.02;0
23284;6727;107;10;77.21;0
23285;6727;105;5;86.64;0
23286;6727;103;9;93.05;0
23287;6728;118;10;11.11;4
23288;6728;105;5;86.64;0
23289;6728;103;6;93.05;0
23290;6728;115;7;21.03;0
23291;6729;112;9;11.48;3
23292;6729;111;9;34.02;1
23293;6729;118;3;11.11;0
23294;6729;116;5;31.81;0
23295;6730;110;9;87.41;3
23296;6730;109;5;14.81;0
23297;6730;118;7;11.11;0
23298;6730;116;10;31.81;0
23299;6731;117;9;94.29;0
23300;6731;112;7;11.48;0
23301;6731;114;7;31.92;0
23302;6731;107;10;77.21;0
23303;6731;104;7;4.07;0
23304;6731;106;6;93.64;0
23305;6732;112;3;11.48;0
23306;6732;107;8;77.21;0
23307;6732;115;7;21.03;5
23308;6732;110;5;87.41;0
23309;6733;105;7;86.64;0
23310;6733;112;7;11.48;0
23311;6733;104;5;4.07;0
23312;6733;109;10;14.81;0
23313;6733;115;10;21.03;0
23314;6734;115;5;21.03;3
23315;6734;111;5;34.02;0
23316;6734;117;1;94.29;0
23317;6734;118;10;11.11;0
23318;6734;110;1;87.41;0
23319;6735;114;7;31.92;0
23320;6735;104;3;4.07;0
23321;6736;117;5;94.29;0
23322;6736;111;10;34.02;0
23323;6736;116;6;31.81;0
23324;6737;112;10;11.48;0
23325;6737;108;1;11.73;0
23326;6737;118;3;11.11;0
23327;6737;111;5;34.02;0
23328;6737;101;4;44.35;0
23329;6738;115;9;21.03;0
23330;6738;108;7;11.73;0
23331;6738;102;2;16.63;0
23332;6738;109;10;14.81;0
23333;6739;106;8;93.64;0
23334;6739;118;3;11.11;1
23335;6739;103;7;93.05;0
23336;6739;115;1;21.03;0
23337;6739;109;1;14.81;0
23338;6740;116;1;31.81;0
23339;6740;115;6;21.03;0
23340;6740;110;2;87.41;0
23341;6740;103;5;93.05;0
23342;6740;102;5;16.63;0
23343;6740;117;5;94.29;0
23344;6741;118;5;11.11;0
23345;6741;113;8;85.64;0
23346;6741;108;8;11.73;0
23347;6741;115;2;21.03;0
23348;6741;109;7;14.81;0
23349;6741;112;8;11.48;0
23350;6742;104;7;4.07;0
23351;6743;118;9;11.11;0
23352;6743;116;2;31.81;0
23353;6743;109;10;14.81;0
23354;6743;117;2;94.29;0
23355;6743;114;2;31.92;0
23356;6744;112;3;11.48;0
23357;6744;106;6;93.64;0
23358;6745;110;2;87.41;0
23359;6746;103;10;93.05;0
23360;6746;116;5;31.81;0
23361;6746;105;4;86.64;0
23362;6746;106;7;93.64;0
23363;6747;111;8;34.02;0
23364;6747;110;8;87.41;0
23365;6748;105;9;86.64;0
23366;6748;114;4;31.92;0
23367;6748;117;7;94.29;0
23368;6748;109;10;14.81;0
23369;6749;113;8;85.64;0
23370;6749;115;1;21.03;0
23371;6749;111;5;34.02;0
23372;6750;113;5;85.64;0
23373;6751;106;10;93.64;0
23374;6751;117;1;94.29;0
23375;6751;113;5;85.64;0
23376;6751;108;8;11.73;0
23377;6752;104;10;4.07;0
23378;6752;114;3;31.92;0
23379;6752;110;5;87.41;0
23380;6752;112;9;11.48;0
23381;6752;107;2;77.21;0
23382;6753;116;2;31.81;0
23383;6753;101;9;44.35;0
23384;6753;117;8;94.29;0
23385;6753;105;3;86.64;0
23386;6754;111;2;34.02;0
23387;6754;117;5;94.29;0
23388;6754;105;5;86.64;0
23389;6754;107;10;77.21;0
23390;6755;107;8;77.21;8
23391;6755;103;3;93.05;0
23392;6755;109;4;14.81;0
23393;6755;113;10;85.64;0
23394;6755;116;7;31.81;0
23395;6756;105;7;86.64;0
23396;6757;101;9;44.35;0
23397;6757;102;10;16.63;0
23398;6757;115;6;21.03;0
23399;6757;118;3;11.11;0
23400;6757;117;5;94.29;0
23401;6757;112;2;11.48;0
23402;6758;115;9;21.03;0
23403;6759;101;2;44.35;2
23404;6759;104;3;4.07;0
23405;6759;113;1;85.64;0
23406;6759;114;7;31.92;1
23407;6759;117;1;94.29;0
23408;6760;104;6;4.07;0
23409;6760;118;7;11.11;0
23410;6760;101;7;44.35;0
23411;6760;109;5;14.81;0
23412;6761;103;7;93.05;0
23413;6761;116;1;31.81;0
23414;6762;115;9;21.03;0
23415;6762;109;1;14.81;1
23416;6763;108;7;11.73;0
23417;6763;111;9;34.02;0
23418;6763;103;8;93.05;0
23419;6764;114;8;31.92;0
23420;6765;111;6;34.02;0
23421;6765;115;8;21.03;0
23422;6765;102;2;16.63;0
23423;6765;114;3;31.92;0
23424;6766;104;5;4.07;0
23425;6766;117;6;94.29;0
23426;6766;114;3;31.92;0
23427;6766;113;4;85.64;0
23428;6766;108;9;11.73;0
23429;6767;108;2;11.73;0
23430;6767;111;10;34.02;0
23431;6767;102;4;16.63;0
23432;6767;104;4;4.07;0
23433;6767;106;1;93.64;0
23434;6767;112;1;11.48;0
23435;6768;107;8;77.21;0
23436;6768;102;5;16.63;0
23437;6769;117;5;94.29;0
23438;6770;101;10;44.35;0
23439;6770;108;10;11.73;0
23440;6770;105;7;86.64;3
23441;6770;106;3;93.64;0
23442;6770;102;7;16.63;0
23443;6770;114;6;31.92;0
23444;6771;115;4;21.03;0
23445;6772;105;7;86.64;0
23446;6772;112;10;11.48;0
23447;6772;103;10;93.05;0
23448;6773;106;2;93.64;2
23449;6773;114;4;31.92;3
23450;6773;111;2;34.02;0
23451;6774;101;3;44.35;0
23452;6774;112;10;11.48;0
23453;6774;116;10;31.81;0
23454;6775;114;4;31.92;0
23455;6775;117;4;94.29;0
23456;6775;118;6;11.11;0
23457;6775;102;8;16.63;0
23458;6775;112;1;11.48;0
23459;6775;110;7;87.41;0
23460;6776;107;5;77.21;0
23461;6776;111;4;34.02;0
23462;6776;106;2;93.64;0
23463;6776;108;3;11.73;0
23464;6776;104;8;4.07;0
23465;6776;115;5;21.03;0
23466;6777;102;10;16.63;0
23467;6777;105;10;86.64;0
23468;6778;102;7;16.63;0
23469;6778;111;1;34.02;0
23470;6778;104;4;4.07;0
23471;6778;101;5;44.35;0
23472;6778;107;4;77.21;0
23473;6778;118;6;11.11;0
23474;6779;112;10;11.48;0
23475;6779;114;9;31.92;0
23476;6779;106;4;93.64;3
23477;6779;111;6;34.02;0
23478;6779;115;3;21.03;0
23479;6780;114;4;31.92;0
23480;6780;103;10;93.05;4
23481;6781;103;3;93.05;0
23482;6781;112;6;11.48;0
23483;6781;106;5;93.64;0
23484;6781;109;1;14.81;0
23485;6781;105;3;86.64;0
23486;6782;110;8;87.41;0
23487;6782;104;10;4.07;0
23488;6782;105;5;86.64;0
23489;6782;107;6;77.21;0
23490;6782;102;3;16.63;0
23491;6783;109;1;14.81;0
23492;6783;118;9;11.11;0
23493;6783;114;8;31.92;0
23494;6783;113;2;85.64;0
23495;6783;106;9;93.64;0
23496;6783;111;4;34.02;0
23497;6784;115;3;21.03;0
23498;6784;107;2;77.21;1
23499;6784;105;9;86.64;0
23500;6784;113;7;85.64;0
23501;6785;110;7;87.41;6
23502;6785;105;1;86.64;0
23503;6785;114;5;31.92;0
23504;6785;106;1;93.64;0
23505;6785;111;5;34.02;0
23506;6785;104;10;4.07;0
23507;6786;110;7;87.41;0
23508;6786;109;9;14.81;0
23509;6787;102;2;16.63;1
23510;6787;113;9;85.64;0
23511;6787;103;3;93.05;0
23512;6787;116;6;31.81;0
23513;6787;109;6;14.81;0
23514;6788;116;4;31.81;0
23515;6789;118;3;11.11;0
23516;6789;111;10;34.02;0
23517;6789;110;4;87.41;0
23518;6789;114;10;31.92;0
23519;6789;107;9;77.21;0
23520;6789;108;2;11.73;2
23521;6790;117;6;94.29;0
23522;6790;111;3;34.02;0
23523;6790;110;7;87.41;0
23524;6790;101;1;44.35;0
23525;6791;101;1;44.35;0
23526;6791;112;2;11.48;0
23527;6792;118;9;11.11;0
23528;6792;110;2;87.41;0
23529;6793;112;3;11.48;0
23530;6794;106;9;93.64;2
23531;6794;108;5;11.73;0
23532;6794;112;6;11.48;0
23533;6794;105;4;86.64;0
23534;6794;111;10;34.02;0
23535;6794;102;5;16.63;0
23536;6795;104;4;4.07;3
23537;6796;109;6;14.81;0
23538;6796;113;3;85.64;1
23539;6796;114;2;31.92;0
23540;6796;115;4;21.03;0
23541;6796;107;10;77.21;0
23542;6796;116;9;31.81;5
23543;6797;103;5;93.05;0
23544;6797;118;7;11.11;0
23545;6797;105;10;86.64;0
23546;6797;101;7;44.35;0
23547;6798;101;1;44.35;0
23548;6798;109;6;14.81;0
23549;6798;110;1;87.41;0
23550;6798;102;6;16.63;0
23551;6798;116;5;31.81;0
23552;6798;112;3;11.48;0
23553;6799;107;3;77.21;0
23554;6799;116;7;31.81;0
23555;6799;102;10;16.63;0
23556;6799;112;8;11.48;0
23557;6799;109;9;14.81;0
23558;6799;110;3;87.41;0
23559;6800;115;4;21.03;0
23560;6800;102;2;16.63;0
23561;6800;105;9;86.64;0
23562;6800;113;1;85.64;0
23563;6800;101;4;44.35;0
23564;6801;111;4;34.02;0
23565;6802;111;5;34.02;0
23566;6802;116;7;31.81;0
23567;6802;115;3;21.03;0
23568;6802;110;5;87.41;0
23569;6802;113;2;85.64;0
23570;6802;117;9;94.29;0
23571;6803;109;2;14.81;0
23572;6803;113;10;85.64;0
23573;6803;103;5;93.05;0
23574;6803;116;10;31.81;0
23575;6804;110;3;87.41;0
23576;6804;109;6;14.81;0
23577;6804;117;1;94.29;0
23578;6804;114;5;31.92;0
23579;6804;102;7;16.63;0
23580;6805;110;1;87.41;0
23581;6805;105;6;86.64;0
23582;6805;102;9;16.63;0
23583;6805;106;3;93.64;0
23584;6806;114;7;31.92;0
23585;6807;116;6;31.81;0
23586;6807;108;7;11.73;0
23587;6807;106;5;93.64;0
23588;6807;114;8;31.92;0
23589;6808;110;5;87.41;0
23590;6808;109;3;14.81;0
23591;6808;104;1;4.07;0
23592;6809;106;5;93.64;0
23593;6809;115;1;21.03;0
23594;6809;105;1;86.64;0
23595;6809;110;1;87.41;0
23596;6809;117;6;94.29;0
23597;6809;101;2;44.35;0
23598;6810;113;5;85.64;0
23599;6810;103;4;93.05;3
23600;6811;101;2;44.35;0
23601;6811;118;10;11.11;0
23602;6812;112;4;11.48;0
23603;6813;105;3;86.64;0
23604;6813;116;8;31.81;0
23605;6813;118;4;11.11;0
23606;6813;106;6;93.64;0
23607;6813;115;6;21.03;1
23608;6814;102;6;16.63;0
23609;6815;116;9;31.81;0
23610;6816;109;1;14.81;0
23611;6816;106;9;93.64;0
23612;6816;118;3;11.11;0
23613;6817;117;5;94.29;0
23614;6817;104;10;4.07;0
23615;6817;106;4;93.64;0
23616;6817;116;6;31.81;0
23617;6817;110;5;87.41;0
23618;6817;101;4;44.35;2
23619;6818;110;5;87.41;0
23620;6818;108;6;11.73;0
23621;6818;101;7;44.35;0
23622;6818;104;3;4.07;0
23623;6818;117;3;94.29;0
23624;6818;113;1;85.64;0
23625;6819;102;1;16.63;0
23626;6819;104;7;4.07;0
23627;6819;106;4;93.64;3
23628;6820;103;6;93.05;0
23629;6820;112;10;11.48;0
23630;6820;104;8;4.07;6
23631;6820;115;1;21.03;0
23632;6820;108;7;11.73;0
23633;6821;105;6;86.64;0
23634;6821;113;1;85.64;0
23635;6821;103;5;93.05;0
23636;6821;108;2;11.73;0
23637;6822;117;10;94.29;0
23638;6822;112;8;11.48;0
23639;6822;110;3;87.41;0
23640;6822;116;1;31.81;0
23641;6822;103;7;93.05;0
23642;6822;118;5;11.11;0
23643;6823;118;9;11.11;0
23644;6823;112;3;11.48;0
23645;6823;109;3;14.81;0
23646;6824;117;5;94.29;0
23647;6824;116;8;31.81;0
23648;6824;112;6;11.48;0
23649;6824;111;7;34.02;6
23650;6825;115;2;21.03;0
23651;6825;114;3;31.92;0
23652;6825;116;9;31.81;0
23653;6825;106;10;93.64;0
23654;6826;116;10;31.81;0
23655;6826;110;9;87.41;0
23656;6826;104;4;4.07;0
23657;6826;102;4;16.63;0
23658;6826;117;9;94.29;0
23659;6827;107;5;77.21;0
23660;6828;118;10;11.11;0
23661;6828;109;1;14.81;0
23662;6829;104;5;4.07;0
23663;6829;106;1;93.64;0
23664;6830;108;2;11.73;0
23665;6830;110;3;87.41;0
23666;6830;116;5;31.81;4
23667;6830;106;5;93.64;4
23668;6830;111;3;34.02;0
23669;6831;111;3;34.02;0
23670;6831;110;7;87.41;0
23671;6831;113;2;85.64;0
23672;6832;101;10;44.35;0
23673;6832;108;9;11.73;0
23674;6832;110;4;87.41;0
23675;6832;113;3;85.64;0
23676;6832;103;8;93.05;0
23677;6833;107;5;77.21;0
23678;6833;118;7;11.11;0
23679;6833;110;2;87.41;0
23680;6833;103;2;93.05;0
23681;6833;106;8;93.64;0
23682;6833;113;5;85.64;0
23683;6834;110;7;87.41;0
23684;6834;105;3;86.64;0
23685;6834;115;1;21.03;1
23686;6834;107;9;77.21;0
23687;6834;108;4;11.73;0
23688;6835;114;4;31.92;0
23689;6835;115;10;21.03;0
23690;6835;109;4;14.81;0
23691;6835;111;9;34.02;0
23692;6836;112;5;11.48;0
23693;6836;103;10;93.05;0
23694;6836;113;3;85.64;0
23695;6836;108;2;11.73;0
23696;6836;118;9;11.11;0
23697;6837;106;3;93.64;0
23698;6837;110;6;87.41;2
23699;6837;105;1;86.64;0
23700;6838;109;6;14.81;0
23701;6838;117;4;94.29;0
23702;6838;106;6;93.64;0
23703;6838;102;3;16.63;0
23704;6839;104;1;4.07;0
23705;6840;106;8;93.64;0
23706;6840;109;5;14.81;0
23707;6840;110;2;87.41;0
23708;6840;116;2;31.81;0
23709;6840;105;9;86.64;0
23710;6841;116;2;31.81;0
23711;6841;106;9;93.64;0
23712;6841;102;7;16.63;5
23713;6842;118;8;11.11;0
23714;6842;101;9;44.35;0
23715;6843;106;8;93.64;0
23716;6843;113;9;85.64;0
23717;6843;104;10;4.07;0
23718;6843;115;10;21.03;0
23719;6844;114;2;31.92;0
23720;6844;108;8;11.73;0
23721;6844;115;5;21.03;0
23722;6844;109;4;14.81;0
23723;6844;113;2;85.64;0
23724;6844;117;6;94.29;0
23725;6845;101;10;44.35;4
23726;6845;116;4;31.81;0
23727;6846;114;3;31.92;0
23728;6846;101;10;44.35;0
23729;6846;102;3;16.63;0
23730;6846;111;5;34.02;0
23731;6846;118;2;11.11;0
23732;6846;113;4;85.64;0
23733;6847;103;4;93.05;4
23734;6847;118;4;11.11;0
23735;6847;105;7;86.64;0
23736;6847;112;6;11.48;3
23737;6847;102;3;16.63;0
23738;6848;113;7;85.64;0
23739;6848;111;10;34.02;0
23740;6848;108;7;11.73;0
23741;6848;117;9;94.29;0
23742;6849;116;2;31.81;0
23743;6849;105;6;86.64;0
23744;6849;110;9;87.41;0
23745;6849;103;4;93.05;0
23746;6849;117;8;94.29;1
23747;6849;101;9;44.35;0
23748;6850;118;4;11.11;0
23749;6850;108;4;11.73;0
23750;6851;108;5;11.73;0
23751;6851;114;4;31.92;0
23752;6851;107;6;77.21;0
23753;6851;110;7;87.41;0
23754;6852;113;2;85.64;0
23755;6852;102;4;16.63;0
23756;6852;105;7;86.64;0
23757;6852;109;4;14.81;0
23758;6853;108;3;11.73;0
23759;6853;112;6;11.48;0
23760;6853;101;6;44.35;0
23761;6854;116;8;31.81;0
23762;6854;103;6;93.05;0
23763;6854;105;3;86.64;3
23764;6854;114;1;31.92;0
23765;6854;117;2;94.29;0
23766;6854;107;2;77.21;0
23767;6855;107;5;77.21;0
23768;6856;113;5;85.64;0
23769;6857;102;3;16.63;0
23770;6858;101;9;44.35;0
23771;6858;115;6;21.03;0
23772;6858;106;8;93.64;0
23773;6858;105;8;86.64;0
23774;6858;113;10;85.64;0
23775;6858;112;4;11.48;0
23776;6859;118;2;11.11;0
23777;6859;107;7;77.21;0
23778;6859;106;9;93.64;0
23779;6859;102;2;16.63;0
23780;6860;108;7;11.73;0
23781;6860;105;1;86.64;0
23782;6860;110;4;87.41;0
23783;6860;113;2;85.64;0
23784;6860;115;1;21.03;0
23785;6861;115;8;21.03;0
23786;6861;108;3;11.73;0
23787;6862;118;5;11.11;0
23788;6862;103;1;93.05;0
23789;6863;106;5;93.64;0
23790;6863;116;3;31.81;0
23791;6863;117;8;94.29;0
23792;6864;103;5;93.05;0
23793;6864;118;5;11.11;0
23794;6865;113;9;85.64;0
23795;6865;115;5;21.03;0
23796;6866;101;10;44.35;0
23797;6866;107;2;77.21;0
23798;6866;104;3;4.07;0
23799;6866;118;3;11.11;0
23800;6866;109;4;14.81;0
23801;6867;117;2;94.29;0
23802;6867;111;8;34.02;0
23803;6868;108;8;11.73;0
23804;6869;104;6;4.07;0
23805;6869;103;3;93.05;2
23806;6870;110;10;87.41;0
23807;6870;107;7;77.21;0
23808;6870;101;3;44.35;0
23809;6871;115;7;21.03;0
23810;6872;106;3;93.64;0
23811;6872;107;4;77.21;3
23812;6872;103;8;93.05;0
23813;6872;110;9;87.41;0
23814;6872;101;3;44.35;0
23815;6873;117;4;94.29;0
23816;6873;101;1;44.35;0
23817;6873;104;5;4.07;0
23818;6874;113;3;85.64;0
23819;6874;114;8;31.92;0
23820;6874;110;1;87.41;0
23821;6875;104;2;4.07;0
23822;6876;105;5;86.64;0
23823;6877;102;2;16.63;0
23824;6877;110;6;87.41;0
23825;6878;106;3;93.64;0
23826;6878;101;2;44.35;0
23827;6878;103;2;93.05;0
23828;6878;118;7;11.11;0
23829;6878;104;6;4.07;0
23830;6879;107;1;77.21;0
23831;6880;101;8;44.35;0
23832;6881;114;5;31.92;0
23833;6881;106;9;93.64;0
23834;6881;109;3;14.81;0
23835;6881;117;3;94.29;0
23836;6881;111;6;34.02;0
23837;6881;118;9;11.11;0
23838;6882;113;2;85.64;0
23839;6882;103;10;93.05;0
23840;6883;109;4;14.81;0
23841;6884;105;10;86.64;0
23842;6884;101;1;44.35;0
23843;6884;116;3;31.81;0
23844;6885;117;5;94.29;0
23845;6886;112;9;11.48;0
23846;6886;118;1;11.11;0
23847;6887;110;1;87.41;0
23848;6887;104;3;4.07;0
23849;6887;106;6;93.64;0
23850;6888;117;8;94.29;0
23851;6889;101;9;44.35;0
23852;6889;110;3;87.41;0
23853;6889;112;1;11.48;0
23854;6889;102;3;16.63;0
23855;6890;115;5;21.03;0
23856;6890;104;6;4.07;0
23857;6890;101;5;44.35;0
23858;6890;116;3;31.81;0
23859;6890;109;8;14.81;0
23860;6890;114;10;31.92;0
23861;6891;101;5;44.35;2
23862;6891;112;7;11.48;0
23863;6892;110;4;87.41;0
23864;6892;109;2;14.81;0
23865;6892;104;7;4.07;0
23866;6893;111;9;34.02;0
23867;6893;104;2;4.07;0
23868;6893;118;10;11.11;0
23869;6893;113;2;85.64;0
23870;6893;108;9;11.73;0
23871;6894;103;7;93.05;0
23872;6894;117;4;94.29;0
23873;6895;114;4;31.92;0
23874;6895;110;3;87.41;0
23875;6895;116;9;31.81;0
23876;6896;117;6;94.29;0
23877;6896;101;2;44.35;0
23878;6897;116;8;31.81;0
23879;6897;107;1;77.21;0
23880;6897;112;8;11.48;0
23881;6897;113;3;85.64;1
23882;6898;111;10;34.02;0
23883;6898;104;8;4.07;7
23884;6898;116;2;31.81;0
23885;6898;113;6;85.64;0
23886;6898;110;5;87.41;0
23887;6899;116;9;31.81;0
23888;6899;112;5;11.48;0
23889;6900;114;5;31.92;0
23890;6900;102;10;16.63;0
23891;6900;111;8;34.02;0
23892;6900;115;5;21.03;0
23893;6901;108;2;11.73;0
23894;6901;102;6;16.63;0
23895;6901;113;5;85.64;0
23896;6901;115;3;21.03;0
23897;6901;110;1;87.41;0
23898;6901;104;7;4.07;0
23899;6902;102;5;16.63;0
23900;6902;110;8;87.41;0
23901;6903;107;2;77.21;0
23902;6903;108;1;11.73;0
23903;6904;105;4;86.64;0
23904;6904;103;9;93.05;0
23905;6905;107;6;77.21;0
23906;6906;117;8;94.29;0
23907;6906;118;6;11.11;0
23908;6907;109;3;14.81;0
23909;6907;112;6;11.48;0
23910;6907;113;9;85.64;0
23911;6908;113;8;85.64;0
23912;6908;117;9;94.29;0
23913;6908;103;4;93.05;0
23914;6908;115;9;21.03;0
23915;6909;101;9;44.35;0
23916;6909;106;5;93.64;0
23917;6909;107;3;77.21;0
23918;6909;104;6;4.07;0
23919;6909;115;8;21.03;0
23920;6909;102;4;16.63;0
23921;6910;113;10;85.64;0
23922;6910;104;3;4.07;0
23923;6910;110;3;87.41;0
23924;6911;104;1;4.07;0
23925;6912;104;6;4.07;0
23926;6912;102;9;16.63;0
23927;6913;110;6;87.41;0
23928;6913;104;5;4.07;0
23929;6913;106;9;93.64;0
23930;6914;101;4;44.35;0
23931;6914;112;9;11.48;0
23932;6914;117;10;94.29;0
23933;6914;105;10;86.64;3
23934;6915;115;2;21.03;0
23935;6915;102;5;16.63;0
23936;6915;117;8;94.29;0
23937;6915;105;5;86.64;0
23938;6915;101;9;44.35;0
23939;6916;105;9;86.64;0
23940;6917;103;2;93.05;0
23941;6917;106;10;93.64;0
23942;6917;101;8;44.35;0
23943;6918;104;5;4.07;0
23944;6918;114;3;31.92;0
23945;6918;105;7;86.64;0
23946;6919;116;2;31.81;0
23947;6919;101;3;44.35;0
23948;6919;103;8;93.05;0
23949;6919;109;5;14.81;0
23950;6919;113;1;85.64;0
23951;6920;114;9;31.92;0
23952;6920;115;8;21.03;0
23953;6920;111;4;34.02;1
23954;6920;101;6;44.35;0
23955;6921;117;10;94.29;0
23956;6921;112;3;11.48;0
23957;6921;102;2;16.63;1
23958;6921;107;7;77.21;4
23959;6921;108;4;11.73;0
23960;6921;118;7;11.11;0
23961;6922;117;3;94.29;0
23962;6922;105;10;86.64;0
23963;6922;101;5;44.35;0
23964;6922;103;5;93.05;0
23965;6922;111;10;34.02;0
23966;6922;116;10;31.81;0
23967;6923;105;7;86.64;0
23968;6924;114;2;31.92;0
23969;6924;102;2;16.63;0
23970;6924;111;3;34.02;0
23971;6924;117;1;94.29;0
23972;6924;116;6;31.81;0
23973;6924;109;9;14.81;0
23974;6925;114;1;31.92;0
23975;6925;106;6;93.64;0
23976;6925;103;6;93.05;0
23977;6926;110;8;87.41;0
23978;6926;107;5;77.21;0
23979;6926;106;6;93.64;0
23980;6926;101;5;44.35;0
23981;6926;118;9;11.11;0
23982;6926;117;7;94.29;0
23983;6927;106;10;93.64;0
23984;6927;101;5;44.35;0
23985;6927;115;7;21.03;0
23986;6927;118;2;11.11;0
23987;6927;111;8;34.02;0
23988;6927;117;10;94.29;0
23989;6928;117;7;94.29;0
23990;6928;103;8;93.05;0
23991;6928;115;10;21.03;4
23992;6928;102;8;16.63;0
23993;6929;115;10;21.03;0
23994;6929;116;3;31.81;0
23995;6929;106;9;93.64;0
23996;6930;108;6;11.73;0
23997;6930;114;2;31.92;0
23998;6930;101;8;44.35;8
23999;6930;104;7;4.07;0
24000;6931;108;9;11.73;0
24001;6931;105;6;86.64;0
24002;6931;101;10;44.35;0
24003;6932;115;5;21.03;0
24004;6932;111;2;34.02;2
24005;6932;104;10;4.07;0
24006;6932;118;10;11.11;0
24007;6933;104;8;4.07;0
24008;6934;101;2;44.35;0
24009;6934;112;9;11.48;0
24010;6935;105;8;86.64;0
24011;6935;101;2;44.35;0
24012;6935;112;7;11.48;0
24013;6935;114;10;31.92;4
24014;6936;103;9;93.05;0
24015;6937;109;6;14.81;0
24016;6938;116;7;31.81;0
24017;6938;112;10;11.48;0
24018;6938;103;3;93.05;0
24019;6938;115;2;21.03;0
24020;6938;118;2;11.11;0
24021;6938;102;8;16.63;0
24022;6939;115;6;21.03;0
24023;6939;109;7;14.81;0
24024;6939;101;6;44.35;0
24025;6940;113;6;85.64;0
24026;6940;111;5;34.02;0
24027;6940;109;2;14.81;0
24028;6940;104;7;4.07;0
24029;6940;107;6;77.21;0
24030;6941;104;7;4.07;0
24031;6941;114;5;31.92;0
24032;6942;114;9;31.92;0
24033;6942;111;6;34.02;0
24034;6942;112;1;11.48;1
24035;6942;117;9;94.29;0
24036;6942;113;5;85.64;0
24037;6942;101;2;44.35;0
24038;6943;111;7;34.02;0
24039;6943;107;6;77.21;0
24040;6943;116;7;31.81;0
24041;6944;105;1;86.64;0
24042;6944;117;8;94.29;0
24043;6944;110;9;87.41;0
24044;6945;106;8;93.64;0
24045;6945;116;1;31.81;0
24046;6945;115;10;21.03;0
24047;6946;112;7;11.48;0
24048;6947;106;8;93.64;0
24049;6947;105;2;86.64;0
24050;6947;115;7;21.03;0
24051;6947;110;6;87.41;0
24052;6947;107;2;77.21;0
24053;6948;103;3;93.05;0
24054;6948;113;4;85.64;0
24055;6948;110;1;87.41;0
24056;6948;111;3;34.02;3
24057;6948;118;10;11.11;0
24058;6948;102;1;16.63;0
24059;6949;105;2;86.64;0
24060;6949;103;3;93.05;0
24061;6949;108;6;11.73;0
24062;6949;111;5;34.02;0
24063;6949;113;4;85.64;0
24064;6950;110;1;87.41;0
24065;6950;116;4;31.81;0
24066;6950;109;7;14.81;0
24067;6950;118;7;11.11;0
24068;6950;115;10;21.03;0
24069;6950;113;4;85.64;0
24070;6951;102;2;16.63;0
24071;6951;114;6;31.92;0
24072;6951;112;8;11.48;0
24073;6951;115;7;21.03;0
24074;6951;103;8;93.05;0
24075;6951;116;8;31.81;5
24076;6952;117;6;94.29;0
24077;6952;112;4;11.48;0
24078;6952;109;4;14.81;0
24079;6952;113;10;85.64;0
24080;6953;116;5;31.81;0
24081;6953;103;10;93.05;0
24082;6953;114;4;31.92;0
24083;6954;113;9;85.64;0
24084;6955;103;4;93.05;0
24085;6955;117;4;94.29;0
24086;6956;103;6;93.05;0
24087;6957;117;2;94.29;0
24088;6957;111;10;34.02;0
24089;6957;115;4;21.03;0
24090;6957;113;2;85.64;0
24091;6958;102;3;16.63;0
24092;6958;116;4;31.81;0
24093;6958;111;1;34.02;0
24094;6958;105;7;86.64;0
24095;6958;115;3;21.03;0
24096;6959;109;3;14.81;0
24097;6959;107;6;77.21;0
24098;6959;113;2;85.64;0
24099;6960;116;9;31.81;0
24100;6960;108;10;11.73;0
24101;6960;104;1;4.07;0
24102;6960;106;10;93.64;0
24103;6960;102;2;16.63;0
24104;6961;103;7;93.05;0
24105;6961;112;9;11.48;0
24106;6961;118;6;11.11;0
24107;6961;116;7;31.81;0
24108;6961;104;2;4.07;1
24109;6961;113;4;85.64;0
24110;6962;108;7;11.73;0
24111;6962;109;1;14.81;0
24112;6962;105;5;86.64;0
24113;6962;116;7;31.81;0
24114;6963;108;1;11.73;0
24115;6963;110;8;87.41;0
24116;6963;118;5;11.11;0
24117;6963;106;10;93.64;0
24118;6963;101;5;44.35;0
24119;6964;101;7;44.35;0
24120;6964;111;6;34.02;0
24121;6964;109;10;14.81;0
24122;6964;107;7;77.21;0
24123;6964;118;9;11.11;0
24124;6964;113;8;85.64;0
24125;6965;106;1;93.64;0
24126;6965;102;5;16.63;2
24127;6965;108;1;11.73;0
24128;6965;101;8;44.35;0
24129;6966;109;6;14.81;0
24130;6966;116;4;31.81;0
24131;6966;115;3;21.03;0
24132;6967;109;4;14.81;0
24133;6968;118;4;11.11;0
24134;6969;104;4;4.07;0
24135;6969;114;3;31.92;0
24136;6969;117;8;94.29;0
24137;6969;118;6;11.11;0
24138;6970;110;1;87.41;1
24139;6970;107;4;77.21;0
24140;6970;115;10;21.03;0
24141;6971;116;2;31.81;0
24142;6971;107;4;77.21;0
24143;6971;106;3;93.64;0
24144;6971;114;1;31.92;1
24145;6971;105;7;86.64;0
24146;6972;101;5;44.35;0
24147;6972;118;6;11.11;0
24148;6972;111;10;34.02;1
24149;6973;110;1;87.41;0
24150;6973;103;8;93.05;0
24151;6973;106;5;93.64;3
24152;6973;113;6;85.64;0
24153;6973;117;1;94.29;0
24154;6974;105;9;86.64;0
24155;6975;117;7;94.29;0
24156;6975;101;7;44.35;0
24157;6975;107;5;77.21;0
24158;6976;115;4;21.03;0
24159;6976;107;3;77.21;0
24160;6976;108;3;11.73;0
24161;6976;106;5;93.64;0
24162;6976;116;5;31.81;0
24163;6977;114;2;31.92;0
24164;6977;112;8;11.48;0
24165;6977;104;9;4.07;1
24166;6978;116;9;31.81;0
24167;6978;118;8;11.11;0
24168;6978;105;9;86.64;0
24169;6979;114;9;31.92;0
24170;6979;117;10;94.29;0
24171;6980;107;6;77.21;0
24172;6980;117;10;94.29;0
24173;6981;110;7;87.41;0
24174;6981;109;8;14.81;0
24175;6981;113;3;85.64;0
24176;6981;115;6;21.03;0
24177;6981;118;10;11.11;0
24178;6982;112;4;11.48;2
24179;6982;103;6;93.05;0
24180;6982;114;1;31.92;0
24181;6982;113;9;85.64;0
24182;6982;102;9;16.63;0
24183;6982;105;3;86.64;0
24184;6983;101;3;44.35;0
24185;6983;114;9;31.92;0
24186;6984;118;2;11.11;0
24187;6984;108;4;11.73;0
24188;6984;104;9;4.07;0
24189;6985;109;8;14.81;0
24190;6985;111;4;34.02;0
24191;6985;105;3;86.64;0
24192;6985;101;3;44.35;0
24193;6985;102;4;16.63;2
24194;6986;103;6;93.05;0
24195;6986;114;9;31.92;0
24196;6986;113;6;85.64;0
24197;6986;101;6;44.35;4
24198;6987;111;8;34.02;0
24199;6988;110;5;87.41;0
24200;6988;111;2;34.02;0
24201;6988;105;5;86.64;0
24202;6988;109;10;14.81;0
24203;6988;102;8;16.63;0
24204;6988;107;9;77.21;0
24205;6989;104;10;4.07;0
24206;6989;108;3;11.73;0
24207;6990;111;1;34.02;0
24208;6991;109;2;14.81;0
24209;6992;118;6;11.11;0
24210;6992;106;8;93.64;0
24211;6992;112;3;11.48;0
24212;6993;101;2;44.35;0
24213;6993;109;8;14.81;0
24214;6993;115;7;21.03;0
24215;6994;117;4;94.29;0
24216;6994;116;9;31.81;0
24217;6994;106;4;93.64;0
24218;6994;115;8;21.03;0
24219;6994;110;1;87.41;0
24220;6995;114;9;31.92;0
24221;6995;107;4;77.21;0
24222;6995;108;4;11.73;0
24223;6995;104;8;4.07;0
24224;6995;116;1;31.81;0
24225;6996;106;8;93.64;0
24226;6996;107;5;77.21;0
24227;6996;112;4;11.48;0
24228;6996;114;8;31.92;0
24229;6997;105;9;86.64;0
24230;6997;107;10;77.21;0
24231;6997;108;2;11.73;0
24232;6998;103;8;93.05;0
24233;6998;110;1;87.41;0
24234;6998;104;8;4.07;0
24235;6998;109;4;14.81;0
24236;6998;108;3;11.73;0
24237;6999;111;1;34.02;0
24238;7000;114;7;31.92;0
24239;7000;113;1;85.64;0
24240;7000;104;1;4.07;0
24241;7000;118;7;11.11;0
24242;7001;102;6;16.63;0
24243;7002;115;10;21.03;0
24244;7002;101;4;44.35;0
24245;7003;105;3;86.64;0
24246;7003;101;8;44.35;0
24247;7003;109;5;14.81;0
24248;7003;118;4;11.11;0
24249;7004;104;10;4.07;0
24250;7004;116;9;31.81;0
24251;7004;106;5;93.64;0
24252;7005;117;5;94.29;0
24253;7006;111;8;34.02;0
24254;7007;107;6;77.21;0
24255;7007;118;10;11.11;0
24256;7008;110;5;87.41;0
24257;7008;113;5;85.64;0
24258;7008;101;2;44.35;0
24259;7008;115;8;21.03;0
24260;7009;111;10;34.02;0
24261;7009;110;3;87.41;0
24262;7009;105;3;86.64;0
24263;7010;102;4;16.63;1
24264;7010;110;2;87.41;2
24265;7011;118;1;11.11;0
24266;7011;117;7;94.29;0
24267;7011;106;8;93.64;0
24268;7011;116;9;31.81;0
24269;7012;118;8;11.11;0
24270;7012;115;2;21.03;0
24271;7012;109;5;14.81;0
24272;7012;111;6;34.02;0
24273;7012;102;1;16.63;0
24274;7013;116;9;31.81;0
24275;7013;115;1;21.03;0
24276;7014;113;8;85.64;0
24277;7014;116;4;31.81;0
24278;7014;111;1;34.02;0
24279;7014;112;2;11.48;0
24280;7014;118;5;11.11;0
24281;7014;108;2;11.73;0
24282;7015;113;5;85.64;0
24283;7015;107;8;77.21;0
24284;7015;109;8;14.81;0
24285;7015;103;7;93.05;0
24286;7016;117;8;94.29;0
24287;7016;104;9;4.07;1
24288;7016;105;5;86.64;0
24289;7016;109;10;14.81;0
24290;7017;108;9;11.73;0
24291;7018;115;7;21.03;0
24292;7019;117;9;94.29;0
24293;7020;110;1;87.41;0
24294;7020;115;2;21.03;0
24295;7020;116;2;31.81;0
24296;7021;103;9;93.05;0
24297;7021;109;7;14.81;0
24298;7021;118;5;11.11;0
24299;7021;105;6;86.64;0
24300;7021;110;7;87.41;0
24301;7022;113;4;85.64;0
24302;7023;108;2;11.73;0
24303;7023;102;8;16.63;0
24304;7023;115;9;21.03;0
24305;7023;117;7;94.29;0
24306;7024;110;1;87.41;0
24307;7024;104;2;4.07;0
24308;7024;106;2;93.64;0
24309;7024;118;9;11.11;0
24310;7024;102;2;16.63;0
24311;7025;114;4;31.92;0
24312;7025;102;7;16.63;0
24313;7025;112;4;11.48;0
24314;7026;105;4;86.64;0
24315;7026;107;1;77.21;0
24316;7026;103;8;93.05;0
24317;7026;118;10;11.11;0
24318;7027;113;7;85.64;0
24319;7027;114;8;31.92;0
24320;7027;112;7;11.48;0
24321;7027;109;3;14.81;0
24322;7028;107;4;77.21;2
24323;7028;111;8;34.02;0
24324;7029;112;5;11.48;0
24325;7029;116;6;31.81;0
24326;7030;102;4;16.63;1
24327;7031;103;4;93.05;0
24328;7031;112;5;11.48;0
24329;7031;102;7;16.63;0
24330;7032;102;7;16.63;0
24331;7032;106;5;93.64;0
24332;7033;106;1;93.64;0
24333;7033;115;4;21.03;0
24334;7033;111;4;34.02;0
24335;7033;109;4;14.81;0
24336;7034;109;8;14.81;0
24337;7034;111;5;34.02;0
24338;7035;105;1;86.64;0
24339;7035;118;3;11.11;3
24340;7035;103;8;93.05;0
24341;7035;106;2;93.64;0
24342;7036;111;7;34.02;0
24343;7036;112;10;11.48;0
24344;7036;116;5;31.81;0
24345;7036;115;3;21.03;0
24346;7037;110;4;87.41;0
24347;7037;116;7;31.81;0
24348;7037;114;8;31.92;0
24349;7037;117;10;94.29;0
24350;7037;111;4;34.02;0
24351;7037;113;7;85.64;0
24352;7038;112;5;11.48;0
24353;7038;110;8;87.41;0
24354;7038;101;9;44.35;0
24355;7039;112;9;11.48;0
24356;7039;111;9;34.02;0
24357;7039;107;6;77.21;0
24358;7039;104;6;4.07;0
24359;7040;115;3;21.03;0
24360;7040;105;5;86.64;0
24361;7040;107;5;77.21;0
24362;7040;101;10;44.35;0
24363;7041;103;8;93.05;0
24364;7041;118;9;11.11;0
24365;7041;101;10;44.35;0
24366;7041;104;6;4.07;4
24367;7041;107;5;77.21;5
24368;7042;108;4;11.73;1
24369;7042;106;3;93.64;0
24370;7042;107;6;77.21;0
24371;7042;111;9;34.02;0
24372;7042;103;4;93.05;0
24373;7043;113;10;85.64;0
24374;7043;109;8;14.81;0
24375;7044;113;6;85.64;0
24376;7044;110;9;87.41;0
24377;7044;104;9;4.07;0
24378;7044;105;8;86.64;0
24379;7044;112;2;11.48;0
24380;7044;106;4;93.64;0
24381;7045;117;1;94.29;0
24382;7045;111;1;34.02;0
24383;7045;108;6;11.73;0
24384;7045;115;10;21.03;0
24385;7046;116;1;31.81;0
24386;7047;101;10;44.35;4
24387;7047;104;4;4.07;0
24388;7047;102;9;16.63;3
24389;7047;112;4;11.48;0
24390;7047;105;8;86.64;0
24391;7047;115;2;21.03;0
24392;7048;115;3;21.03;0
24393;7048;107;6;77.21;0
24394;7048;104;9;4.07;0
24395;7049;113;3;85.64;0
24396;7049;115;3;21.03;0
24397;7049;102;2;16.63;0
24398;7050;110;9;87.41;0
24399;7050;117;7;94.29;0
24400;7050;105;10;86.64;0
24401;7050;111;4;34.02;0
24402;7050;114;10;31.92;0
24403;7051;117;3;94.29;0
24404;7051;108;6;11.73;0
24405;7052;104;6;4.07;0
24406;7052;103;8;93.05;0
24407;7053;104;8;4.07;7
24408;7053;116;5;31.81;0
24409;7054;118;1;11.11;0
24410;7055;108;6;11.73;0
24411;7055;112;4;11.48;0
24412;7056;116;6;31.81;0
24413;7056;111;1;34.02;0
24414;7057;110;7;87.41;0
24415;7057;104;2;4.07;0
24416;7058;102;10;16.63;0
24417;7058;115;9;21.03;0
24418;7058;111;10;34.02;0
24419;7058;117;9;94.29;0
24420;7059;111;7;34.02;0
24421;7059;118;2;11.11;0
24422;7059;116;9;31.81;0
24423;7059;112;8;11.48;0
24424;7060;110;3;87.41;0
24425;7061;108;1;11.73;0
24426;7061;106;10;93.64;0
24427;7061;101;10;44.35;0
24428;7061;105;1;86.64;0
24429;7062;104;5;4.07;0
24430;7062;106;3;93.64;0
24431;7063;111;8;34.02;8
24432;7064;104;1;4.07;0
24433;7065;108;8;11.73;0
24434;7066;107;10;77.21;4
24435;7066;108;8;11.73;0
24436;7066;112;1;11.48;0
24437;7066;118;5;11.11;0
24438;7067;101;2;44.35;0
24439;7067;106;10;93.64;0
24440;7067;104;3;4.07;0
24441;7067;112;3;11.48;0
24442;7067;116;7;31.81;0
24443;7068;101;6;44.35;0
24444;7068;107;3;77.21;0
24445;7069;109;8;14.81;0
24446;7069;114;7;31.92;0
24447;7069;113;10;85.64;0
24448;7069;110;5;87.41;0
24449;7069;115;2;21.03;0
24450;7070;104;8;4.07;0
24451;7070;105;6;86.64;0
24452;7070;112;7;11.48;0
24453;7070;106;5;93.64;0
24454;7070;110;9;87.41;0
24455;7070;115;9;21.03;0
24456;7071;112;5;11.48;0
24457;7071;109;1;14.81;0
24458;7071;104;5;4.07;0
24459;7071;107;4;77.21;0
24460;7071;105;5;86.64;0
24461;7072;106;8;93.64;0
24462;7073;107;9;77.21;0
24463;7074;118;1;11.11;0
24464;7074;117;3;94.29;1
24465;7074;113;2;85.64;0
24466;7074;104;10;4.07;0
24467;7075;107;9;77.21;2
24468;7075;102;9;16.63;0
24469;7075;118;2;11.11;0
24470;7075;115;6;21.03;0
24471;7075;108;3;11.73;0
24472;7075;106;6;93.64;0
24473;7076;111;7;34.02;0
24474;7076;116;4;31.81;0
24475;7076;101;10;44.35;5
24476;7076;107;9;77.21;0
24477;7076;118;8;11.11;0
24478;7077;106;1;93.64;0
24479;7077;116;10;31.81;0
24480;7077;114;2;31.92;0
24481;7078;109;2;14.81;0
24482;7078;116;1;31.81;0
24483;7078;107;3;77.21;0
24484;7078;104;2;4.07;0
24485;7078;115;4;21.03;0
24486;7079;105;3;86.64;0
24487;7079;102;4;16.63;0
24488;7080;115;9;21.03;0
24489;7080;108;3;11.73;0
24490;7080;117;2;94.29;0
24491;7080;112;8;11.48;0
24492;7080;113;2;85.64;0
24493;7080;109;8;14.81;0
24494;7081;101;1;44.35;0
24495;7081;111;10;34.02;0
24496;7081;107;3;77.21;0
24497;7082;104;3;4.07;0
24498;7082;102;10;16.63;0
24499;7082;115;8;21.03;0
24500;7083;108;2;11.73;0
24501;7083;107;10;77.21;0
24502;7083;118;7;11.11;0
24503;7083;113;4;85.64;0
24504;7083;110;4;87.41;0
24505;7083;103;2;93.05;0
24506;7084;102;3;16.63;0
24507;7084;103;1;93.05;0
24508;7084;116;8;31.81;0
24509;7084;107;1;77.21;0
24510;7084;114;3;31.92;0
24511;7085;102;9;16.63;0
24512;7085;117;2;94.29;0
24513;7085;103;6;93.05;0
24514;7085;118;2;11.11;0
24515;7085;107;3;77.21;3
24516;7086;107;3;77.21;2
24517;7086;114;3;31.92;0
24518;7086;103;6;93.05;0
24519;7087;114;8;31.92;0
24520;7087;104;4;4.07;0
24521;7087;105;1;86.64;0
24522;7087;113;1;85.64;0
24523;7087;108;2;11.73;0
24524;7088;106;9;93.64;0
24525;7088;118;8;11.11;0
24526;7088;112;8;11.48;0
24527;7089;101;9;44.35;9
24528;7089;105;6;86.64;0
24529;7089;106;4;93.64;0
24530;7089;110;8;87.41;0
24531;7089;114;7;31.92;0
24532;7090;101;1;44.35;0
24533;7090;106;5;93.64;5
24534;7091;117;6;94.29;0
24535;7092;104;4;4.07;0
24536;7092;110;3;87.41;0
24537;7093;101;8;44.35;0
24538;7093;110;8;87.41;0
24539;7093;112;9;11.48;0
24540;7093;103;9;93.05;0
24541;7093;105;5;86.64;0
24542;7093;107;2;77.21;0
24543;7094;107;10;77.21;0
24544;7094;101;8;44.35;8
24545;7095;117;9;94.29;0
24546;7095;118;8;11.11;0
24547;7095;110;1;87.41;0
24548;7096;114;3;31.92;0
24549;7096;108;9;11.73;0
24550;7096;104;1;4.07;0
24551;7096;115;10;21.03;0
24552;7097;118;9;11.11;0
24553;7097;116;8;31.81;0
24554;7097;103;6;93.05;0
24555;7097;104;7;4.07;0
24556;7098;118;4;11.11;0
24557;7098;117;6;94.29;0
24558;7098;104;9;4.07;0
24559;7098;114;8;31.92;0
24560;7098;111;10;34.02;0
24561;7098;101;6;44.35;0
24562;7099;108;7;11.73;0
24563;7100;105;3;86.64;0
24564;7100;101;4;44.35;0
24565;7101;113;6;85.64;3
24566;7101;106;6;93.64;0
24567;7102;104;6;4.07;0
24568;7102;101;9;44.35;0
24569;7103;114;8;31.92;0
24570;7103;111;7;34.02;0
24571;7103;107;6;77.21;0
24572;7104;110;3;87.41;0
24573;7104;116;2;31.81;0
24574;7104;106;4;93.64;0
24575;7105;115;2;21.03;0
24576;7105;110;3;87.41;0
24577;7105;101;10;44.35;0
24578;7105;104;3;4.07;0
24579;7105;118;6;11.11;0
24580;7106;111;6;34.02;0
24581;7106;102;6;16.63;0
24582;7106;114;6;31.92;0
24583;7106;110;10;87.41;0
24584;7106;105;3;86.64;0
24585;7107;115;5;21.03;4
24586;7107;104;10;4.07;0
24587;7107;117;4;94.29;0
24588;7107;109;4;14.81;0
24589;7108;110;8;87.41;0
24590;7108;111;5;34.02;0
24591;7108;108;2;11.73;0
24592;7108;118;2;11.11;0
24593;7109;116;8;31.81;0
24594;7109;110;9;87.41;1
24595;7109;108;1;11.73;0
24596;7109;103;4;93.05;0
24597;7109;109;7;14.81;0
24598;7109;114;2;31.92;0
24599;7110;103;2;93.05;0
24600;7110;112;4;11.48;0
24601;7111;105;4;86.64;0
24602;7111;110;4;87.41;0
24603;7111;102;3;16.63;0
24604;7111;106;1;93.64;0
24605;7111;114;3;31.92;0
24606;7111;103;4;93.05;0
24607;7112;115;3;21.03;0
24608;7112;111;9;34.02;0
24609;7112;117;7;94.29;0
24610;7112;109;2;14.81;0
24611;7112;110;4;87.41;0
24612;7113;114;2;31.92;0
24613;7113;111;6;34.02;0
24614;7113;103;9;93.05;0
24615;7113;105;5;86.64;0
24616;7114;110;5;87.41;0
24617;7114;101;1;44.35;0
24618;7115;108;5;11.73;0
24619;7115;102;4;16.63;0
24620;7115;107;2;77.21;0
24621;7116;116;1;31.81;0
24622;7116;109;2;14.81;1
24623;7117;106;8;93.64;0
24624;7117;114;3;31.92;0
24625;7117;108;1;11.73;1
24626;7117;105;1;86.64;0
24627;7117;116;9;31.81;0
24628;7117;118;4;11.11;0
24629;7118;112;10;11.48;0
24630;7118;105;2;86.64;0
24631;7118;103;4;93.05;0
24632;7118;116;4;31.81;0
24633;7118;110;5;87.41;0
24634;7118;106;7;93.64;0
24635;7119;110;7;87.41;0
24636;7119;111;1;34.02;0
24637;7120;107;4;77.21;0
24638;7120;108;6;11.73;0
24639;7120;109;8;14.81;4
24640;7121;110;8;87.41;0
24641;7121;102;5;16.63;0
24642;7121;108;10;11.73;7
24643;7121;116;10;31.81;0
24644;7122;116;10;31.81;0
24645;7122;115;2;21.03;0
24646;7122;107;2;77.21;0
24647;7122;118;3;11.11;0
24648;7122;111;5;34.02;0
24649;7122;113;5;85.64;0
24650;7123;110;5;87.41;1
24651;7123;104;7;4.07;0
24652;7123;112;4;11.48;0
24653;7123;101;3;44.35;0
24654;7123;115;1;21.03;0
24655;7123;118;10;11.11;0
24656;7124;115;10;21.03;0
24657;7124;112;9;11.48;0
24658;7124;109;4;14.81;0
24659;7124;106;9;93.64;0
24660;7125;117;8;94.29;0
24661;7125;115;4;21.03;0
24662;7126;103;1;93.05;0
24663;7126;116;4;31.81;0
24664;7127;114;3;31.92;0
24665;7127;118;8;11.11;0
24666;7128;107;10;77.21;0
24667;7128;104;9;4.07;0
24668;7128;111;2;34.02;0
24669;7128;106;10;93.64;0
24670;7128;114;7;31.92;4
24671;7128;105;7;86.64;0
24672;7129;102;9;16.63;0
24673;7130;109;6;14.81;0
24674;7130;118;10;11.11;0
24675;7130;103;3;93.05;0
24676;7130;112;8;11.48;0
24677;7131;104;10;4.07;0
24678;7131;112;4;11.48;0
24679;7131;102;2;16.63;0
24680;7132;104;3;4.07;0
24681;7133;114;8;31.92;0
24682;7133;104;6;4.07;0
24683;7133;106;1;93.64;0
24684;7133;118;6;11.11;0
24685;7133;105;5;86.64;0
24686;7134;103;2;93.05;0
24687;7134;117;10;94.29;0
24688;7135;114;4;31.92;0
24689;7135;113;9;85.64;0
24690;7136;102;2;16.63;0
24691;7136;113;9;85.64;0
24692;7137;109;8;14.81;0
24693;7137;115;5;21.03;0
24694;7137;112;1;11.48;0
24695;7137;108;9;11.73;0
24696;7137;101;4;44.35;0
24697;7137;117;2;94.29;0
24698;7138;102;1;16.63;0
24699;7139;118;4;11.11;0
24700;7139;115;9;21.03;0
24701;7139;110;9;87.41;0
24702;7139;101;7;44.35;7
24703;7139;104;6;4.07;0
24704;7140;113;3;85.64;0
24705;7140;116;6;31.81;0
24706;7140;114;4;31.92;4
24707;7141;109;2;14.81;0
24708;7142;115;8;21.03;0
24709;7143;113;2;85.64;0
24710;7144;116;2;31.81;0
24711;7144;104;8;4.07;0
24712;7145;110;7;87.41;0
24713;7145;116;2;31.81;0
24714;7145;105;7;86.64;0
24715;7145;108;5;11.73;0
24716;7145;114;3;31.92;0
24717;7146;115;2;21.03;0
24718;7146;104;10;4.07;0
24719;7147;101;5;44.35;0
24720;7147;114;6;31.92;0
24721;7147;102;6;16.63;0
24722;7147;103;9;93.05;0
24723;7147;109;2;14.81;0
24724;7147;108;9;11.73;0
24725;7148;113;9;85.64;2
24726;7148;108;3;11.73;0
24727;7149;104;8;4.07;0
24728;7149;117;5;94.29;0
24729;7149;113;5;85.64;0
24730;7149;108;9;11.73;0
24731;7149;101;9;44.35;0
24732;7150;106;6;93.64;0
24733;7150;111;3;34.02;0
24734;7151;111;1;34.02;0
24735;7152;109;5;14.81;0
24736;7152;104;10;4.07;0
24737;7152;116;1;31.81;0
24738;7153;110;6;87.41;0
24739;7153;116;5;31.81;0
24740;7153;102;4;16.63;0
24741;7154;107;10;77.21;0
24742;7154;108;3;11.73;0
24743;7154;102;7;16.63;0
24744;7154;110;1;87.41;0
24745;7154;118;1;11.11;0
24746;7154;111;7;34.02;0
24747;7155;117;9;94.29;0
24748;7156;110;5;87.41;0
24749;7156;106;9;93.64;0
24750;7156;102;10;16.63;8
24751;7156;115;4;21.03;0
24752;7156;113;6;85.64;0
24753;7157;115;9;21.03;0
24754;7157;118;1;11.11;0
24755;7157;102;4;16.63;0
24756;7157;104;3;4.07;0
24757;7157;112;9;11.48;0
24758;7157;109;5;14.81;0
24759;7158;107;4;77.21;0
24760;7159;101;8;44.35;0
24761;7159;116;4;31.81;0
24762;7159;106;3;93.64;0
24763;7160;103;9;93.05;0
24764;7160;102;10;16.63;0
24765;7161;110;1;87.41;0
24766;7161;117;1;94.29;0
24767;7162;106;1;93.64;0
24768;7162;115;1;21.03;0
24769;7162;104;1;4.07;0
24770;7162;118;6;11.11;0
24771;7162;107;8;77.21;0
24772;7163;114;1;31.92;0
24773;7163;105;9;86.64;0
24774;7163;103;4;93.05;0
24775;7164;110;6;87.41;0
24776;7164;118;2;11.11;0
24777;7164;111;5;34.02;0
24778;7164;104;1;4.07;0
24779;7164;114;9;31.92;0
24780;7165;111;8;34.02;0
24781;7165;118;10;11.11;0
24782;7166;118;3;11.11;0
24783;7166;110;6;87.41;0
24784;7166;102;3;16.63;3
24785;7167;108;1;11.73;0
24786;7167;102;8;16.63;0
24787;7167;111;8;34.02;0
24788;7167;113;8;85.64;0
24789;7167;112;2;11.48;0
24790;7167;109;1;14.81;0
24791;7168;103;10;93.05;0
24792;7168;102;5;16.63;0
24793;7168;116;1;31.81;0
24794;7168;108;5;11.73;0
24795;7169;107;10;77.21;0
24796;7169;106;6;93.64;0
24797;7169;111;6;34.02;0
24798;7169;109;8;14.81;0
24799;7170;102;9;16.63;0
24800;7170;112;9;11.48;0
24801;7170;113;9;85.64;0
24802;7170;109;4;14.81;0
24803;7170;107;6;77.21;0
24804;7171;118;6;11.11;0
24805;7171;113;7;85.64;0
24806;7171;109;2;14.81;0
24807;7171;117;4;94.29;3
24808;7172;102;10;16.63;0
24809;7172;118;8;11.11;0
24810;7172;116;10;31.81;0
24811;7172;103;9;93.05;0
24812;7173;108;8;11.73;0
24813;7173;106;9;93.64;0
24814;7173;102;6;16.63;0
24815;7173;116;7;31.81;0
24816;7173;109;10;14.81;0
24817;7174;106;3;93.64;0
24818;7175;105;8;86.64;0
24819;7175;112;1;11.48;0
24820;7176;109;10;14.81;0
24821;7176;103;10;93.05;6
24822;7176;113;9;85.64;0
24823;7177;113;5;85.64;0
24824;7178;113;8;85.64;1
24825;7178;118;8;11.11;0
24826;7179;107;5;77.21;0
24827;7179;115;5;21.03;0
24828;7179;113;3;85.64;0
24829;7179;110;2;87.41;0
24830;7179;108;3;11.73;3
24831;7179;106;2;93.64;0
24832;7180;106;8;93.64;0
24833;7180;116;9;31.81;9
24834;7180;110;7;87.41;0
24835;7181;114;5;31.92;0
24836;7181;101;1;44.35;0
24837;7181;109;7;14.81;0
24838;7181;115;1;21.03;0
24839;7181;111;6;34.02;0
24840;7181;105;5;86.64;0
24841;7182;101;9;44.35;0
24842;7182;116;5;31.81;0
24843;7183;103;3;93.05;0
24844;7183;114;10;31.92;0
24845;7183;104;10;4.07;0
24846;7183;112;6;11.48;0
24847;7184;106;2;93.64;0
24848;7184;108;2;11.73;0
24849;7185;111;3;34.02;0
24850;7185;113;10;85.64;0
24851;7186;106;8;93.64;0
24852;7186;107;3;77.21;2
24853;7186;118;9;11.11;0
24854;7186;115;1;21.03;0
24855;7186;108;3;11.73;0
24856;7187;104;2;4.07;0
24857;7187;108;8;11.73;0
24858;7187;105;3;86.64;0
24859;7188;116;4;31.81;0
24860;7188;104;1;4.07;0
24861;7188;115;10;21.03;0
24862;7189;101;2;44.35;0
24863;7189;104;8;4.07;2
24864;7190;108;2;11.73;0
24865;7190;106;9;93.64;0
24866;7190;116;7;31.81;0
24867;7190;114;5;31.92;0
24868;7190;118;3;11.11;0
24869;7190;102;10;16.63;0
24870;7191;112;8;11.48;0
24871;7191;102;7;16.63;0
24872;7191;105;2;86.64;0
24873;7191;109;8;14.81;0
24874;7192;115;2;21.03;0
24875;7192;116;4;31.81;0
24876;7192;105;3;86.64;0
24877;7193;106;6;93.64;0
24878;7194;112;9;11.48;0
24879;7194;117;9;94.29;0
24880;7194;102;2;16.63;0
24881;7194;104;4;4.07;0
24882;7195;115;4;21.03;0
24883;7196;114;3;31.92;0
24884;7196;107;8;77.21;0
24885;7196;102;2;16.63;0
24886;7196;108;1;11.73;0
24887;7197;102;2;16.63;0
24888;7197;103;8;93.05;0
24889;7197;107;1;77.21;0
24890;7198;109;8;14.81;0
24891;7198;104;4;4.07;0
24892;7198;116;5;31.81;0
24893;7199;111;9;34.02;0
24894;7200;112;3;11.48;0
24895;7200;110;1;87.41;0
24896;7201;106;9;93.64;0
24897;7201;112;8;11.48;0
24898;7201;109;3;14.81;0
24899;7201;111;2;34.02;0
24900;7201;108;1;11.73;0
24901;7201;107;9;77.21;0
24902;7202;107;5;77.21;0
24903;7202;102;5;16.63;0
24904;7203;112;4;11.48;0
24905;7204;102;4;16.63;0
24906;7204;114;2;31.92;0
24907;7204;105;4;86.64;0
24908;7205;108;3;11.73;0
24909;7205;112;1;11.48;0
24910;7205;103;2;93.05;0
24911;7206;108;9;11.73;0
24912;7206;110;6;87.41;6
24913;7207;116;3;31.81;0
24914;7207;104;1;4.07;0
24915;7208;114;2;31.92;0
24916;7208;109;2;14.81;0
24917;7208;118;1;11.11;0
24918;7208;117;10;94.29;0
24919;7209;104;9;4.07;0
24920;7209;117;6;94.29;0
24921;7209;102;5;16.63;0
24922;7209;111;6;34.02;0
24923;7209;113;2;85.64;0
24924;7210;107;7;77.21;0
24925;7211;117;6;94.29;0
24926;7211;115;2;21.03;0
24927;7211;111;6;34.02;0
24928;7211;107;2;77.21;0
24929;7211;101;10;44.35;0
24930;7212;105;5;86.64;0
24931;7212;111;7;34.02;0
24932;7212;109;1;14.81;0
24933;7213;112;6;11.48;0
24934;7213;102;8;16.63;0
24935;7213;118;5;11.11;0
24936;7213;111;4;34.02;0
24937;7213;116;8;31.81;0
24938;7213;108;9;11.73;7
24939;7214;109;5;14.81;0
24940;7214;115;8;21.03;0
24941;7214;112;2;11.48;0
24942;7215;113;10;85.64;0
24943;7215;116;4;31.81;0
24944;7215;112;9;11.48;0
24945;7215;115;5;21.03;0
24946;7215;117;3;94.29;0
24947;7215;109;1;14.81;0
24948;7216;115;1;21.03;0
24949;7216;117;6;94.29;0
24950;7216;104;10;4.07;0
24951;7216;103;1;93.05;0
24952;7216;106;6;93.64;0
24953;7216;118;7;11.11;0
24954;7217;101;10;44.35;0
24955;7217;112;8;11.48;0
24956;7217;116;4;31.81;0
24957;7217;113;1;85.64;0
24958;7218;105;5;86.64;0
24959;7219;117;7;94.29;4
24960;7220;118;3;11.11;0
24961;7220;117;8;94.29;0
24962;7220;111;3;34.02;1
24963;7220;107;7;77.21;0
24964;7221;111;7;34.02;0
24965;7221;112;5;11.48;0
24966;7221;117;10;94.29;0
24967;7222;118;2;11.11;0
24968;7222;111;5;34.02;0
24969;7222;102;6;16.63;0
24970;7223;118;2;11.11;2
24971;7223;103;9;93.05;0
24972;7223;115;3;21.03;0
24973;7223;114;8;31.92;0
24974;7223;102;8;16.63;0
24975;7223;109;3;14.81;0
24976;7224;108;2;11.73;0
24977;7224;102;10;16.63;0
24978;7224;103;8;93.05;0
24979;7224;113;1;85.64;0
24980;7224;117;1;94.29;0
24981;7224;109;5;14.81;0
24982;7225;101;9;44.35;7
24983;7225;116;9;31.81;2
24984;7225;107;10;77.21;0
24985;7225;108;3;11.73;0
24986;7226;107;9;77.21;0
24987;7226;116;3;31.81;0
24988;7226;108;5;11.73;0
24989;7226;118;3;11.11;0
24990;7226;114;1;31.92;0
24991;7226;104;5;4.07;0
24992;7227;111;7;34.02;0
24993;7227;108;9;11.73;0
24994;7227;115;7;21.03;0
24995;7227;101;10;44.35;0
24996;7227;102;1;16.63;0
24997;7228;109;1;14.81;0
24998;7228;110;3;87.41;0
24999;7228;114;10;31.92;3
25000;7228;105;6;86.64;0
25001;7229;118;5;11.11;0
25002;7229;113;8;85.64;0
25003;7230;102;6;16.63;0
25004;7230;105;2;86.64;0
25005;7230;106;2;93.64;0
25006;7231;104;4;4.07;0
25007;7232;110;5;87.41;0
25008;7232;105;4;86.64;0
25009;7232;103;7;93.05;0
25010;7232;109;3;14.81;0
25011;7232;116;5;31.81;0
25012;7233;118;2;11.11;0
25013;7233;108;8;11.73;0
25014;7234;109;7;14.81;0
25015;7234;106;1;93.64;0
25016;7234;116;6;31.81;0
25017;7234;113;7;85.64;5
25018;7235;105;2;86.64;0
25019;7236;106;8;93.64;0
25020;7236;101;1;44.35;0
25021;7236;114;9;31.92;0
25022;7237;105;4;86.64;0
25023;7237;116;9;31.81;0
25024;7237;102;10;16.63;0
25025;7237;107;1;77.21;1
25026;7237;111;8;34.02;0
25027;7238;107;4;77.21;0
25028;7238;106;10;93.64;0
25029;7238;104;5;4.07;0
25030;7239;106;8;93.64;0
25031;7239;113;3;85.64;0
25032;7240;112;3;11.48;0
25033;7240;116;8;31.81;0
25034;7240;104;8;4.07;0
25035;7240;108;8;11.73;0
25036;7241;112;10;11.48;0
25037;7241;107;1;77.21;0
25038;7241;115;8;21.03;0
25039;7242;116;6;31.81;0
25040;7242;108;4;11.73;0
25041;7242;102;6;16.63;0
25042;7243;112;8;11.48;0
25043;7243;104;9;4.07;0
25044;7243;115;5;21.03;0
25045;7244;111;10;34.02;3
25046;7244;106;1;93.64;0
25047;7244;107;1;77.21;0
25048;7244;104;9;4.07;0
25049;7245;110;10;87.41;0
25050;7246;118;10;11.11;0
25051;7246;113;3;85.64;0
25052;7246;112;6;11.48;0
25053;7247;116;1;31.81;0
25054;7247;106;10;93.64;0
25055;7247;111;9;34.02;6
25056;7248;114;1;31.92;0
25057;7248;107;4;77.21;1
25058;7248;111;3;34.02;0
25059;7248;117;2;94.29;0
25060;7249;103;6;93.05;0
25061;7249;108;10;11.73;0
25062;7249;109;4;14.81;0
25063;7250;105;3;86.64;0
25064;7250;101;8;44.35;0
25065;7250;106;5;93.64;5
25066;7250;110;9;87.41;0
25067;7251;103;8;93.05;0
25068;7251;106;4;93.64;0
25069;7251;102;5;16.63;0
25070;7251;105;1;86.64;0
25071;7251;110;2;87.41;0
25072;7252;101;2;44.35;0
25073;7252;118;2;11.11;0
25074;7252;104;8;4.07;0
25075;7252;109;5;14.81;0
25076;7253;113;5;85.64;0
25077;7253;111;5;34.02;0
25078;7253;112;7;11.48;0
25079;7253;104;1;4.07;0
25080;7253;115;6;21.03;0
25081;7254;116;4;31.81;0
25082;7254;102;6;16.63;0
25083;7254;101;1;44.35;1
25084;7254;113;7;85.64;0
25085;7254;115;5;21.03;0
25086;7255;116;10;31.81;0
25087;7255;103;3;93.05;0
25088;7256;111;8;34.02;0
25089;7257;108;8;11.73;0
25090;7257;102;10;16.63;0
25091;7257;101;2;44.35;0
25092;7257;117;3;94.29;0
25093;7258;109;9;14.81;0
25094;7258;113;1;85.64;1
25095;7258;102;10;16.63;0
25096;7258;114;1;31.92;0
25097;7258;104;6;4.07;0
25098;7259;113;4;85.64;0
25099;7260;103;5;93.05;0
25100;7260;116;8;31.81;0
25101;7260;115;9;21.03;0
25102;7260;113;3;85.64;0
25103;7260;109;3;14.81;0
25104;7261;103;4;93.05;0
25105;7261;110;2;87.41;0
25106;7262;109;4;14.81;0
25107;7262;101;10;44.35;0
25108;7262;106;4;93.64;2
25109;7263;107;2;77.21;0
25110;7263;118;9;11.11;0
25111;7263;102;8;16.63;0
25112;7263;108;10;11.73;0
25113;7263;110;10;87.41;0
25114;7264;103;1;93.05;0
25115;7264;105;5;86.64;0
25116;7264;108;5;11.73;0
25117;7264;106;6;93.64;0
25118;7265;102;4;16.63;0
25119;7265;101;1;44.35;0
25120;7266;111;1;34.02;0
25121;7266;113;4;85.64;0
25122;7266;106;10;93.64;0
25123;7267;107;7;77.21;0
25124;7267;106;9;93.64;0
25125;7267;117;2;94.29;0
25126;7268;102;7;16.63;0
25127;7268;107;2;77.21;0
25128;7269;116;9;31.81;0
25129;7269;113;9;85.64;0
25130;7269;111;9;34.02;0
25131;7269;112;1;11.48;0
25132;7270;105;8;86.64;0
25133;7270;111;8;34.02;0
25134;7271;105;8;86.64;0
25135;7271;106;6;93.64;0
25136;7272;117;10;94.29;0
25137;7272;104;2;4.07;0
25138;7273;112;5;11.48;0
25139;7273;108;1;11.73;0
25140;7273;104;3;4.07;0
25141;7274;112;5;11.48;0
25142;7274;102;5;16.63;0
25143;7274;113;8;85.64;0
25144;7274;104;4;4.07;0
25145;7274;105;6;86.64;0
25146;7275;117;7;94.29;0
25147;7275;102;1;16.63;0
25148;7275;113;4;85.64;0
25149;7275;105;7;86.64;0
25150;7275;112;2;11.48;0
25151;7276;116;5;31.81;0
25152;7276;109;9;14.81;0
25153;7276;103;6;93.05;0
25154;7276;118;1;11.11;0
25155;7277;105;4;86.64;0
25156;7277;101;1;44.35;0
25157;7277;109;5;14.81;0
25158;7277;106;1;93.64;0
25159;7277;116;6;31.81;0
25160;7278;112;10;11.48;0
25161;7278;111;1;34.02;0
25162;7279;104;10;4.07;0
25163;7279;112;3;11.48;0
25164;7279;115;4;21.03;0
25165;7279;113;6;85.64;0
25166;7279;116;5;31.81;0
25167;7280;101;8;44.35;5
25168;7280;109;4;14.81;0
25169;7280;112;3;11.48;0
25170;7280;111;4;34.02;0
25171;7280;108;8;11.73;0
25172;7281;106;10;93.64;0
25173;7281;110;7;87.41;0
25174;7281;116;9;31.81;0
25175;7281;105;3;86.64;0
25176;7281;103;1;93.05;0
25177;7282;105;10;86.64;0
25178;7282;111;10;34.02;0
25179;7282;101;4;44.35;0
25180;7282;104;4;4.07;0
25181;7283;115;9;21.03;0
25182;7284;108;6;11.73;0
25183;7284;103;10;93.05;0
25184;7284;116;5;31.81;0
25185;7284;110;8;87.41;0
25186;7284;115;5;21.03;0
25187;7284;105;5;86.64;0
25188;7285;101;2;44.35;0
25189;7286;103;10;93.05;0
25190;7286;118;6;11.11;0
25191;7286;106;1;93.64;0
25192;7286;117;1;94.29;0
25193;7286;102;1;16.63;0
25194;7287;114;2;31.92;0
25195;7287;108;3;11.73;0
25196;7287;111;8;34.02;0
25197;7288;114;2;31.92;0
25198;7288;106;4;93.64;0
25199;7288;102;5;16.63;0
25200;7288;101;4;44.35;0
25201;7289;115;10;21.03;0
25202;7289;104;4;4.07;0
25203;7289;118;7;11.11;0
25204;7290;110;2;87.41;0
25205;7290;103;4;93.05;0
25206;7290;107;5;77.21;0
25207;7290;114;1;31.92;0
25208;7291;117;6;94.29;0
25209;7291;105;9;86.64;0
25210;7292;113;7;85.64;0
25211;7292;102;4;16.63;0
25212;7292;104;10;4.07;0
25213;7292;117;4;94.29;0
25214;7292;109;4;14.81;0
25215;7292;107;3;77.21;0
25216;7293;103;4;93.05;0
25217;7294;101;8;44.35;0
25218;7295;116;4;31.81;0
25219;7295;105;3;86.64;0
25220;7295;103;2;93.05;0
25221;7295;109;1;14.81;0
25222;7296;109;8;14.81;2
25223;7296;108;5;11.73;0
25224;7296;115;5;21.03;0
25225;7297;105;2;86.64;0
25226;7298;109;1;14.81;0
25227;7298;115;4;21.03;0
25228;7298;116;7;31.81;0
25229;7299;107;9;77.21;0
25230;7299;117;9;94.29;0
25231;7299;118;5;11.11;0
25232;7299;104;9;4.07;0
25233;7299;111;8;34.02;0
25234;7300;111;5;34.02;0
25235;7300;114;2;31.92;0
25236;7300;103;5;93.05;0
25237;7300;101;9;44.35;0
25238;7301;103;5;93.05;0
25239;7302;115;8;21.03;0
25240;7302;105;4;86.64;0
25241;7302;117;2;94.29;0
25242;7302;118;6;11.11;0
25243;7302;107;5;77.21;0
25244;7303;111;8;34.02;0
25245;7303;108;2;11.73;0
25246;7303;106;4;93.64;0
25247;7303;102;9;16.63;0
25248;7303;118;6;11.11;0
25249;7304;101;3;44.35;0
25250;7304;111;8;34.02;0
25251;7304;116;5;31.81;0
25252;7304;114;2;31.92;0
25253;7304;110;3;87.41;0
25254;7304;108;3;11.73;0
25255;7305;105;6;86.64;0
25256;7305;107;6;77.21;0
25257;7305;108;8;11.73;0
25258;7305;118;3;11.11;0
25259;7305;110;9;87.41;0
25260;7305;109;10;14.81;0
25261;7306;107;10;77.21;0
25262;7306;115;4;21.03;0
25263;7306;113;1;85.64;0
25264;7306;111;7;34.02;0
25265;7306;116;6;31.81;0
25266;7306;108;4;11.73;0
25267;7307;103;2;93.05;0
25268;7307;115;6;21.03;0
25269;7308;113;3;85.64;0
25270;7308;115;4;21.03;0
25271;7308;114;8;31.92;0
25272;7308;106;10;93.64;0
25273;7309;112;7;11.48;0
25274;7309;111;5;34.02;0
25275;7309;102;1;16.63;0
25276;7310;118;2;11.11;0
25277;7310;112;10;11.48;0
25278;7310;108;10;11.73;0
25279;7311;112;9;11.48;0
25280;7311;104;9;4.07;0
25281;7311;118;7;11.11;0
25282;7311;108;2;11.73;0
25283;7311;106;2;93.64;0
25284;7311;116;1;31.81;0
25285;7312;117;8;94.29;0
25286;7312;102;10;16.63;0
25287;7312;114;9;31.92;0
25288;7312;116;1;31.81;0
25289;7313;110;8;87.41;0
25290;7313;106;4;93.64;0
25291;7313;102;10;16.63;0
25292;7313;107;3;77.21;0
25293;7313;105;1;86.64;0
25294;7313;109;3;14.81;0
25295;7314;103;7;93.05;0
25296;7314;111;1;34.02;0
25297;7314;108;2;11.73;0
25298;7315;105;2;86.64;0
25299;7316;101;7;44.35;0
25300;7317;108;8;11.73;0
25301;7318;106;2;93.64;0
25302;7318;109;1;14.81;0
25303;7318;111;4;34.02;0
25304;7318;108;2;11.73;0
25305;7318;114;3;31.92;0
25306;7318;116;9;31.81;0
25307;7319;114;10;31.92;0
25308;7319;118;1;11.11;0
25309;7320;105;5;86.64;0
25310;7320;117;4;94.29;0
25311;7320;104;9;4.07;0
25312;7320;114;4;31.92;0
25313;7320;102;7;16.63;0
25314;7320;107;6;77.21;0
25315;7321;111;5;34.02;0
25316;7321;107;9;77.21;0
25317;7322;107;6;77.21;0
25318;7323;110;5;87.41;0
25319;7323;114;2;31.92;0
25320;7323;102;8;16.63;0
25321;7323;103;6;93.05;0
25322;7323;115;6;21.03;0
25323;7323;105;4;86.64;0
25324;7324;105;6;86.64;0
25325;7324;118;3;11.11;0
25326;7324;107;4;77.21;0
25327;7325;106;4;93.64;0
25328;7325;111;2;34.02;0
25329;7325;105;4;86.64;0
25330;7325;117;10;94.29;0
25331;7326;113;5;85.64;0
25332;7326;109;1;14.81;0
25333;7326;111;3;34.02;0
25334;7326;105;3;86.64;0
25335;7327;102;7;16.63;0
25336;7327;107;3;77.21;0
25337;7328;109;1;14.81;0
25338;7328;108;1;11.73;0
25339;7328;111;1;34.02;0
25340;7329;106;4;93.64;0
25341;7330;113;4;85.64;0
25342;7330;114;6;31.92;0
25343;7330;111;8;34.02;0
25344;7330;112;2;11.48;0
25345;7330;104;9;4.07;0
25346;7331;110;1;87.41;0
25347;7331;118;8;11.11;0
25348;7331;111;6;34.02;0
25349;7331;104;1;4.07;0
25350;7332;116;5;31.81;0
25351;7332;105;3;86.64;0
25352;7332;102;3;16.63;0
25353;7332;112;4;11.48;0
25354;7333;117;7;94.29;0
25355;7334;116;8;31.81;0
25356;7334;107;2;77.21;0
25357;7334;109;6;14.81;0
25358;7334;104;3;4.07;0
25359;7335;117;10;94.29;0
25360;7335;105;5;86.64;0
25361;7335;113;2;85.64;0
25362;7335;108;10;11.73;0
25363;7336;103;8;93.05;0
25364;7337;109;9;14.81;0
25365;7337;115;8;21.03;0
25366;7337;101;10;44.35;0
25367;7337;106;9;93.64;0
25368;7338;108;4;11.73;0
25369;7338;117;1;94.29;0
25370;7338;112;4;11.48;0
25371;7338;105;2;86.64;0
25372;7338;110;4;87.41;0
25373;7338;104;5;4.07;0
25374;7339;114;1;31.92;0
25375;7340;102;2;16.63;0
25376;7340;104;2;4.07;0
25377;7341;116;5;31.81;0
25378;7341;110;7;87.41;1
25379;7341;107;1;77.21;0
25380;7341;111;5;34.02;0
25381;7341;101;5;44.35;0
25382;7342;102;9;16.63;0
25383;7342;116;5;31.81;0
25384;7343;109;10;14.81;0
25385;7343;101;4;44.35;0
25386;7343;106;6;93.64;0
25387;7343;107;5;77.21;0
25388;7343;116;6;31.81;0
25389;7344;106;3;93.64;0
25390;7344;118;10;11.11;0
25391;7344;104;2;4.07;0
25392;7344;116;5;31.81;0
25393;7344;110;8;87.41;0
25394;7345;112;2;11.48;0
25395;7345;105;1;86.64;0
25396;7346;103;7;93.05;0
25397;7346;113;3;85.64;0
25398;7346;102;8;16.63;0
25399;7346;116;2;31.81;0
25400;7346;114;6;31.92;3
25401;7347;109;1;14.81;0
25402;7347;102;8;16.63;0
25403;7347;115;7;21.03;0
25404;7347;107;7;77.21;0
25405;7347;103;4;93.05;0
25406;7347;104;6;4.07;0
25407;7348;112;7;11.48;0
25408;7349;109;8;14.81;0
25409;7349;107;5;77.21;0
25410;7349;118;1;11.11;0
25411;7349;112;10;11.48;0
25412;7350;104;2;4.07;0
25413;7350;109;6;14.81;0
25414;7350;117;7;94.29;0
25415;7350;102;1;16.63;0
25416;7350;114;10;31.92;0
25417;7351;102;2;16.63;0
25418;7351;108;2;11.73;0
25419;7351;113;4;85.64;0
25420;7351;117;2;94.29;0
25421;7351;103;4;93.05;0
25422;7352;115;10;21.03;0
25423;7352;109;9;14.81;0
25424;7352;107;6;77.21;0
25425;7352;103;9;93.05;0
25426;7352;118;2;11.11;2
25427;7352;114;5;31.92;0
25428;7353;118;5;11.11;0
25429;7353;113;9;85.64;0
25430;7353;102;9;16.63;0
25431;7353;114;9;31.92;0
25432;7354;103;4;93.05;0
25433;7354;117;2;94.29;0
25434;7354;109;5;14.81;0
25435;7355;103;4;93.05;0
25436;7355;109;10;14.81;0
25437;7355;108;7;11.73;0
25438;7355;105;8;86.64;0
25439;7356;111;10;34.02;0
25440;7356;106;1;93.64;0
25441;7356;101;5;44.35;0
25442;7357;111;4;34.02;0
25443;7358;105;9;86.64;0
25444;7358;113;7;85.64;0
25445;7358;108;9;11.73;0
25446;7358;102;4;16.63;0
25447;7358;106;6;93.64;0
25448;7358;112;5;11.48;0
25449;7359;104;8;4.07;0
25450;7360;102;8;16.63;0
25451;7360;111;9;34.02;0
25452;7361;112;6;11.48;2
25453;7361;101;6;44.35;0
25454;7362;114;5;31.92;0
25455;7362;105;3;86.64;0
25456;7362;111;10;34.02;0
25457;7362;108;5;11.73;0
25458;7362;106;10;93.64;0
25459;7363;111;10;34.02;0
25460;7363;108;2;11.73;0
25461;7364;116;6;31.81;0
25462;7364;106;7;93.64;0
25463;7364;108;9;11.73;0
25464;7364;114;7;31.92;0
25465;7364;117;6;94.29;0
25466;7364;101;8;44.35;0
25467;7365;114;9;31.92;0
25468;7365;111;4;34.02;0
25469;7365;105;7;86.64;0
25470;7366;102;6;16.63;0
25471;7366;112;6;11.48;0
25472;7366;101;9;44.35;0
25473;7366;108;8;11.73;0
25474;7366;109;3;14.81;0
25475;7366;115;10;21.03;0
25476;7367;101;4;44.35;0
25477;7367;112;10;11.48;0
25478;7368;115;10;21.03;0
25479;7368;109;5;14.81;0
25480;7368;118;1;11.11;0
25481;7368;112;2;11.48;0
25482;7369;110;3;87.41;0
25483;7369;104;6;4.07;0
25484;7370;112;4;11.48;0
25485;7371;116;5;31.81;0
25486;7371;114;10;31.92;0
25487;7371;110;1;87.41;0
25488;7371;115;1;21.03;0
25489;7371;102;3;16.63;0
25490;7372;117;8;94.29;0
25491;7372;109;10;14.81;0
25492;7372;115;8;21.03;0
25493;7373;117;3;94.29;0
25494;7373;107;7;77.21;0
25495;7373;114;4;31.92;0
25496;7374;105;9;86.64;0
25497;7374;107;7;77.21;0
25498;7374;114;4;31.92;0
25499;7374;112;5;11.48;0
25500;7375;114;5;31.92;0
25501;7375;102;7;16.63;0
25502;7375;112;7;11.48;0
25503;7375;106;4;93.64;0
25504;7375;110;5;87.41;0
25505;7375;118;5;11.11;0
25506;7376;114;7;31.92;0
25507;7376;115;1;21.03;0
25508;7376;101;2;44.35;0
25509;7377;118;4;11.11;0
25510;7377;105;2;86.64;0
25511;7377;104;5;4.07;0
25512;7377;106;1;93.64;0
25513;7378;113;3;85.64;0
25514;7378;114;4;31.92;0
25515;7378;105;5;86.64;0
25516;7378;106;6;93.64;0
25517;7379;109;3;14.81;0
25518;7379;108;6;11.73;0
25519;7380;105;4;86.64;0
25520;7380;118;5;11.11;0
25521;7380;111;10;34.02;0
25522;7380;110;3;87.41;0
25523;7381;108;6;11.73;0
25524;7382;115;7;21.03;0
25525;7382;113;9;85.64;0
25526;7382;102;2;16.63;0
25527;7382;104;6;4.07;0
25528;7382;107;3;77.21;0
25529;7382;106;6;93.64;0
25530;7383;102;6;16.63;0
25531;7383;118;1;11.11;0
25532;7383;116;6;31.81;0
25533;7383;114;3;31.92;0
25534;7384;114;3;31.92;0
25535;7384;112;8;11.48;0
25536;7385;118;9;11.11;0
25537;7386;105;6;86.64;0
25538;7386;114;8;31.92;0
25539;7386;102;3;16.63;0
25540;7387;118;7;11.11;0
25541;7388;106;1;93.64;0
25542;7389;104;8;4.07;0
25543;7389;101;3;44.35;0
25544;7389;102;6;16.63;0
25545;7389;113;7;85.64;0
25546;7389;110;5;87.41;0
25547;7390;111;7;34.02;0
25548;7390;110;7;87.41;0
25549;7390;107;4;77.21;0
25550;7390;109;9;14.81;0
25551;7390;105;5;86.64;0
25552;7391;108;4;11.73;0
25553;7391;109;9;14.81;0
25554;7392;107;4;77.21;0
25555;7392;109;8;14.81;0
25556;7392;113;9;85.64;0
25557;7392;116;9;31.81;0
25558;7392;103;6;93.05;5
25559;7392;110;9;87.41;0
25560;7393;104;4;4.07;0
25561;7393;111;10;34.02;0
25562;7393;103;9;93.05;0
25563;7394;108;7;11.73;0
25564;7394;103;5;93.05;0
25565;7395;107;4;77.21;0
25566;7395;112;2;11.48;0
25567;7395;117;9;94.29;0
25568;7395;101;2;44.35;0
25569;7395;110;3;87.41;0
25570;7395;115;8;21.03;0
25571;7396;110;3;87.41;0
25572;7397;107;8;77.21;0
25573;7398;113;7;85.64;0
25574;7399;109;2;14.81;0
25575;7399;101;8;44.35;0
25576;7399;103;10;93.05;0
25577;7399;113;3;85.64;0
25578;7400;107;3;77.21;1
25579;7400;117;8;94.29;0
25580;7400;115;10;21.03;0
25581;7400;108;9;11.73;0
25582;7400;101;10;44.35;0
25583;7400;104;9;4.07;0
25584;7401;109;4;14.81;0
25585;7401;102;6;16.63;0
25586;7401;107;4;77.21;0
25587;7401;112;8;11.48;0
25588;7401;103;6;93.05;0
25589;7401;104;10;4.07;0
25590;7402;112;9;11.48;0
25591;7402;109;9;14.81;0
25592;7402;113;9;85.64;0
25593;7402;104;9;4.07;0
25594;7402;108;5;11.73;0
25595;7403;112;9;11.48;0
25596;7403;103;9;93.05;0
25597;7403;108;8;11.73;0
25598;7403;114;4;31.92;0
25599;7403;106;7;93.64;0
25600;7403;110;7;87.41;0
25601;7404;101;8;44.35;0
25602;7405;116;8;31.81;0
25603;7405;114;2;31.92;0
25604;7405;107;9;77.21;0
25605;7405;105;4;86.64;1
25606;7405;108;6;11.73;0
25607;7406;104;1;4.07;0
25608;7406;108;1;11.73;0
25609;7406;116;7;31.81;0
25610;7406;109;9;14.81;0
25611;7406;107;3;77.21;0
25612;7406;114;1;31.92;0
25613;7407;114;7;31.92;0
25614;7407;111;8;34.02;0
25615;7407;118;4;11.11;0
25616;7407;112;1;11.48;0
25617;7408;106;7;93.64;4
25618;7408;109;5;14.81;0
25619;7408;105;3;86.64;0
25620;7408;101;5;44.35;0
25621;7408;114;5;31.92;0
25622;7409;112;1;11.48;0
25623;7409;101;8;44.35;0
25624;7409;113;1;85.64;0
25625;7409;117;2;94.29;0
25626;7409;108;7;11.73;0
25627;7409;106;1;93.64;0
25628;7410;113;9;85.64;0
25629;7410;110;7;87.41;0
25630;7410;117;1;94.29;0
25631;7411;106;3;93.64;0
25632;7411;104;9;4.07;5
25633;7411;107;4;77.21;0
25634;7412;118;7;11.11;0
25635;7412;103;3;93.05;0
25636;7412;101;6;44.35;0
25637;7412;114;7;31.92;0
25638;7413;109;7;14.81;0
25639;7413;104;9;4.07;0
25640;7413;114;5;31.92;0
25641;7413;108;10;11.73;0
25642;7413;107;2;77.21;0
25643;7414;102;3;16.63;0
25644;7414;101;8;44.35;0
25645;7414;105;7;86.64;0
25646;7415;102;9;16.63;0
25647;7415;103;8;93.05;0
25648;7415;110;9;87.41;0
25649;7415;115;2;21.03;0
25650;7415;108;5;11.73;0
25651;7416;118;1;11.11;0
25652;7416;111;3;34.02;0
25653;7416;112;3;11.48;0
25654;7417;105;10;86.64;0
25655;7417;102;4;16.63;0
25656;7418;114;1;31.92;0
25657;7418;104;9;4.07;0
25658;7418;108;2;11.73;0
25659;7418;107;10;77.21;0
25660;7419;115;1;21.03;0
25661;7420;113;5;85.64;0
25662;7420;106;9;93.64;0
25663;7420;103;5;93.05;0
25664;7420;118;10;11.11;3
25665;7420;111;10;34.02;0
25666;7421;105;2;86.64;0
25667;7421;109;1;14.81;0
25668;7421;106;1;93.64;0
25669;7421;102;4;16.63;0
25670;7421;104;4;4.07;0
25671;7422;102;9;16.63;0
25672;7422;105;5;86.64;0
25673;7422;118;1;11.11;0
25674;7422;117;4;94.29;0
25675;7423;111;4;34.02;0
25676;7423;103;7;93.05;0
25677;7423;118;1;11.11;0
25678;7424;114;7;31.92;0
25679;7424;103;1;93.05;0
25680;7424;112;4;11.48;0
25681;7425;105;4;86.64;0
25682;7425;101;1;44.35;0
25683;7425;112;4;11.48;0
25684;7426;116;9;31.81;0
25685;7427;113;10;85.64;0
25686;7427;108;3;11.73;3
25687;7427;110;10;87.41;0
25688;7427;106;2;93.64;0
25689;7427;111;6;34.02;0
25690;7428;112;4;11.48;0
25691;7428;103;10;93.05;0
25692;7428;101;7;44.35;0
25693;7428;106;8;93.64;0
25694;7428;116;3;31.81;0
25695;7429;114;10;31.92;0
25696;7429;104;9;4.07;0
25697;7430;107;9;77.21;0
25698;7430;112;8;11.48;0
25699;7431;102;2;16.63;0
25700;7431;116;3;31.81;0
25701;7431;111;2;34.02;0
25702;7431;106;10;93.64;0
25703;7431;117;9;94.29;0
25704;7432;117;4;94.29;0
25705;7432;110;9;87.41;0
25706;7432;118;4;11.11;0
25707;7433;102;9;16.63;0
25708;7434;107;7;77.21;0
25709;7434;110;5;87.41;0
25710;7434;112;5;11.48;0
25711;7435;117;5;94.29;0
25712;7436;106;7;93.64;0
25713;7436;101;5;44.35;0
25714;7436;112;2;11.48;0
25715;7436;103;5;93.05;0
25716;7436;111;3;34.02;0
25717;7436;105;8;86.64;0
25718;7437;117;10;94.29;0
25719;7437;106;2;93.64;0
25720;7437;112;5;11.48;2
25721;7437;109;7;14.81;0
25722;7437;105;6;86.64;0
25723;7438;106;1;93.64;0
25724;7438;107;10;77.21;0
25725;7439;111;7;34.02;0
25726;7439;110;8;87.41;6
25727;7439;114;8;31.92;0
25728;7439;117;10;94.29;0
25729;7439;115;10;21.03;0
25730;7439;107;6;77.21;0
25731;7440;109;4;14.81;0
25732;7440;107;10;77.21;0
25733;7440;110;3;87.41;0
25734;7440;105;1;86.64;0
25735;7441;115;8;21.03;0
25736;7441;104;2;4.07;0
25737;7441;101;6;44.35;0
25738;7441;110;2;87.41;0
25739;7441;117;5;94.29;0
25740;7442;104;6;4.07;0
25741;7442;112;6;11.48;0
25742;7442;105;2;86.64;0
25743;7442;111;6;34.02;0
25744;7442;109;10;14.81;0
25745;7442;113;7;85.64;0
25746;7443;114;7;31.92;0
25747;7443;107;7;77.21;0
25748;7443;112;8;11.48;0
25749;7443;109;8;14.81;0
25750;7443;117;9;94.29;0
25751;7444;112;8;11.48;5
25752;7444;104;6;4.07;0
25753;7444;102;4;16.63;0
25754;7444;101;10;44.35;0
25755;7444;105;10;86.64;0
25756;7445;111;7;34.02;0
25757;7446;109;10;14.81;0
25758;7446;107;7;77.21;0
25759;7446;112;3;11.48;0
25760;7446;110;3;87.41;0
25761;7447;109;7;14.81;0
25762;7447;114;6;31.92;0
25763;7447;115;3;21.03;0
25764;7448;110;4;87.41;0
25765;7448;111;2;34.02;0
25766;7448;108;7;11.73;0
25767;7449;115;4;21.03;0
25768;7449;112;7;11.48;0
25769;7449;116;7;31.81;0
25770;7449;114;6;31.92;0
25771;7449;118;1;11.11;0
25772;7450;118;7;11.11;0
25773;7450;102;9;16.63;0
25774;7451;107;4;77.21;0
25775;7451;117;2;94.29;0
25776;7451;103;4;93.05;0
25777;7452;116;10;31.81;0
25778;7453;116;10;31.81;0
25779;7454;105;10;86.64;0
25780;7454;107;9;77.21;0
25781;7455;105;5;86.64;0
25782;7455;107;2;77.21;0
25783;7456;112;2;11.48;0
25784;7456;110;3;87.41;0
25785;7457;107;7;77.21;0
25786;7458;117;6;94.29;0
25787;7458;109;7;14.81;0
25788;7458;116;10;31.81;0
25789;7459;116;7;31.81;0
25790;7459;117;9;94.29;0
25791;7459;105;4;86.64;0
25792;7459;101;1;44.35;0
25793;7460;111;4;34.02;0
25794;7460;108;1;11.73;0
25795;7461;103;1;93.05;0
25796;7461;106;3;93.64;0
25797;7462;114;7;31.92;0
25798;7462;112;8;11.48;0
25799;7463;109;10;14.81;0
25800;7463;111;9;34.02;0
25801;7463;102;4;16.63;0
25802;7463;101;4;44.35;0
25803;7464;115;2;21.03;0
25804;7464;110;4;87.41;0
25805;7464;108;9;11.73;0
25806;7464;113;7;85.64;0
25807;7464;106;4;93.64;0
25808;7465;111;5;34.02;0
25809;7465;105;3;86.64;0
25810;7465;102;1;16.63;0
25811;7465;116;3;31.81;0
25812;7466;114;6;31.92;0
25813;7466;116;8;31.81;0
25814;7466;118;6;11.11;0
25815;7466;109;3;14.81;0
25816;7467;118;8;11.11;0
25817;7467;104;5;4.07;0
25818;7467;115;7;21.03;0
25819;7467;114;4;31.92;0
25820;7468;108;4;11.73;0
25821;7468;101;10;44.35;0
25822;7468;116;7;31.81;0
25823;7468;113;2;85.64;0
25824;7468;102;5;16.63;0
25825;7469;116;2;31.81;0
25826;7469;112;2;11.48;0
25827;7470;103;4;93.05;0
25828;7470;109;6;14.81;0
25829;7470;115;5;21.03;0
25830;7471;107;6;77.21;0
25831;7471;109;2;14.81;0
25832;7471;105;8;86.64;0
25833;7471;101;8;44.35;0
25834;7471;108;6;11.73;0
25835;7472;116;2;31.81;0
25836;7472;108;1;11.73;0
25837;7472;111;1;34.02;0
25838;7472;101;5;44.35;0
25839;7472;107;6;77.21;0
25840;7473;115;6;21.03;0
25841;7473;116;1;31.81;0
25842;7473;108;10;11.73;0
25843;7473;114;10;31.92;0
25844;7473;109;8;14.81;0
25845;7474;107;3;77.21;0
25846;7474;112;8;11.48;0
25847;7475;105;5;86.64;0
25848;7475;113;10;85.64;0
25849;7475;115;9;21.03;0
25850;7475;102;4;16.63;0
25851;7476;118;6;11.11;0
25852;7477;113;7;85.64;0
25853;7478;102;9;16.63;0
25854;7479;111;1;34.02;0
25855;7479;109;4;14.81;0
25856;7479;107;3;77.21;0
25857;7479;106;6;93.64;0
25858;7479;113;6;85.64;0
25859;7480;114;9;31.92;0
25860;7481;109;2;14.81;0
25861;7481;116;7;31.81;0
25862;7481;111;5;34.02;0
25863;7481;106;10;93.64;0
25864;7481;114;5;31.92;0
25865;7481;115;8;21.03;0
25866;7482;103;6;93.05;0
25867;7482;105;5;86.64;0
25868;7482;117;8;94.29;0
25869;7483;105;7;86.64;0
25870;7483;110;10;87.41;0
25871;7484;113;2;85.64;0
25872;7484;112;4;11.48;0
25873;7484;114;2;31.92;0
25874;7484;108;8;11.73;0
25875;7485;103;5;93.05;0
25876;7485;118;4;11.11;0
25877;7485;105;10;86.64;0
25878;7485;116;4;31.81;0
25879;7485;108;9;11.73;0
25880;7485;104;9;4.07;0
25881;7486;117;10;94.29;0
25882;7486;108;8;11.73;1
25883;7486;110;1;87.41;0
25884;7487;109;9;14.81;0
25885;7487;105;5;86.64;0
25886;7487;110;5;87.41;0
25887;7487;104;1;4.07;0
25888;7488;111;4;34.02;0
25889;7488;118;3;11.11;0
25890;7488;102;2;16.63;0
25891;7488;109;6;14.81;0
25892;7489;114;2;31.92;0
25893;7489;118;3;11.11;0
25894;7489;113;2;85.64;0
25895;7489;108;6;11.73;0
25896;7489;104;5;4.07;0
25897;7489;116;1;31.81;0
25898;7490;111;1;34.02;0
25899;7490;105;10;86.64;0
25900;7491;112;10;11.48;0
25901;7492;104;3;4.07;0
25902;7492;118;9;11.11;0
25903;7492;101;1;44.35;0
25904;7492;113;10;85.64;0
25905;7492;112;6;11.48;0
25906;7493;114;10;31.92;0
25907;7493;101;7;44.35;0
25908;7493;105;6;86.64;3
25909;7493;113;6;85.64;0
25910;7493;102;9;16.63;0
25911;7493;109;7;14.81;0
25912;7494;112;7;11.48;0
25913;7494;113;2;85.64;0
25914;7494;108;1;11.73;0
25915;7494;115;5;21.03;0
25916;7494;118;8;11.11;0
25917;7495;118;5;11.11;0
25918;7495;103;7;93.05;0
25919;7495;114;8;31.92;0
25920;7495;116;5;31.81;0
25921;7495;109;9;14.81;0
25922;7496;108;8;11.73;0
25923;7496;116;7;31.81;0
25924;7496;102;8;16.63;0
25925;7496;115;8;21.03;0
25926;7496;118;6;11.11;0
25927;7496;111;3;34.02;0
25928;7497;106;5;93.64;0
25929;7497;113;3;85.64;0
25930;7497;101;8;44.35;0
25931;7498;108;8;11.73;0
25932;7498;113;2;85.64;0
25933;7499;118;5;11.11;0
25934;7499;110;5;87.41;0
25935;7499;115;8;21.03;0
25936;7499;106;8;93.64;0
25937;7499;107;4;77.21;0
25938;7500;108;9;11.73;0
25939;7500;111;10;34.02;0
25940;7501;117;3;94.29;1
25941;7501;103;2;93.05;0
25942;7502;111;10;34.02;0
25943;7502;102;3;16.63;0
25944;7502;110;5;87.41;0
25945;7503;107;7;77.21;0
25946;7503;106;1;93.64;1
25947;7503;113;4;85.64;0
25948;7503;116;2;31.81;0
25949;7504;107;6;77.21;0
25950;7504;109;4;14.81;0
25951;7505;112;10;11.48;0
25952;7506;115;3;21.03;0
25953;7507;113;3;85.64;0
25954;7507;107;2;77.21;0
25955;7507;101;7;44.35;0
25956;7507;102;7;16.63;0
25957;7507;103;1;93.05;0
25958;7507;116;2;31.81;0
25959;7508;112;8;11.48;0
25960;7508;104;9;4.07;0
25961;7508;103;9;93.05;0
25962;7508;109;1;14.81;0
25963;7508;107;9;77.21;0
25964;7509;112;9;11.48;0
25965;7509;118;4;11.11;0
25966;7509;105;9;86.64;0
25967;7509;113;6;85.64;0
25968;7510;101;2;44.35;0
25969;7510;115;6;21.03;0
25970;7510;108;7;11.73;0
25971;7511;118;4;11.11;0
25972;7511;109;10;14.81;0
25973;7511;105;4;86.64;0
25974;7511;103;4;93.05;0
25975;7512;107;6;77.21;0
25976;7512;110;9;87.41;0
25977;7512;103;9;93.05;0
25978;7512;114;5;31.92;0
25979;7512;102;4;16.63;0
25980;7513;118;4;11.11;0
25981;7513;102;9;16.63;0
25982;7513;110;5;87.41;0
25983;7513;105;8;86.64;0
25984;7514;112;2;11.48;0
25985;7514;101;8;44.35;0
25986;7515;115;9;21.03;0
25987;7515;111;5;34.02;0
25988;7515;103;1;93.05;0
25989;7515;117;10;94.29;1
25990;7515;108;3;11.73;0
25991;7516;118;6;11.11;0
25992;7516;103;7;93.05;0
25993;7516;116;2;31.81;0
25994;7517;106;3;93.64;0
25995;7518;112;6;11.48;0
25996;7518;111;2;34.02;0
25997;7518;104;4;4.07;0
25998;7519;106;1;93.64;0
25999;7519;107;6;77.21;0
26000;7519;110;1;87.41;0
26001;7519;117;9;94.29;0
26002;7519;108;4;11.73;0
26003;7520;117;6;94.29;0
26004;7520;116;7;31.81;0
26005;7520;114;4;31.92;0
26006;7520;113;8;85.64;0
26007;7520;111;2;34.02;0
26008;7520;102;4;16.63;0
26009;7521;115;10;21.03;0
26010;7522;115;2;21.03;0
26011;7522;118;6;11.11;0
26012;7522;103;5;93.05;0
26013;7522;114;6;31.92;0
26014;7522;109;10;14.81;0
26015;7522;105;9;86.64;0
26016;7523;109;9;14.81;1
26017;7523;108;3;11.73;0
26018;7523;112;3;11.48;0
26019;7524;113;1;85.64;0
26020;7524;116;8;31.81;0
26021;7524;106;10;93.64;0
26022;7525;116;4;31.81;0
26023;7525;110;3;87.41;0
26024;7525;113;1;85.64;0
26025;7525;104;3;4.07;0
26026;7526;117;10;94.29;0
26027;7527;111;8;34.02;0
26028;7527;110;8;87.41;0
26029;7527;113;10;85.64;0
26030;7528;112;6;11.48;0
26031;7528;106;5;93.64;0
26032;7528;107;4;77.21;0
26033;7528;103;6;93.05;0
26034;7528;108;2;11.73;0
26035;7529;114;7;31.92;0
26036;7529;102;10;16.63;0
26037;7529;118;9;11.11;0
26038;7529;111;9;34.02;0
26039;7529;104;8;4.07;7
26040;7530;106;2;93.64;0
26041;7530;105;8;86.64;0
26042;7531;113;1;85.64;0
26043;7531;104;2;4.07;0
26044;7531;108;1;11.73;0
26045;7531;103;4;93.05;0
26046;7531;106;5;93.64;0
26047;7532;107;3;77.21;0
26048;7533;115;9;21.03;0
26049;7533;103;9;93.05;0
26050;7534;109;5;14.81;0
26051;7534;113;4;85.64;0
26052;7534;114;1;31.92;0
26053;7534;102;1;16.63;0
26054;7534;105;2;86.64;0
26055;7534;107;1;77.21;1
26056;7535;116;2;31.81;0
26057;7535;110;5;87.41;0
26058;7535;111;10;34.02;0
26059;7535;112;4;11.48;0
26060;7536;106;4;93.64;0
26061;7536;110;2;87.41;0
26062;7537;109;10;14.81;0
26063;7537;103;8;93.05;0
26064;7537;101;4;44.35;0
26065;7537;114;3;31.92;0
26066;7537;107;5;77.21;0
26067;7537;105;10;86.64;0
26068;7538;112;2;11.48;0
26069;7538;118;1;11.11;0
26070;7538;101;5;44.35;0
26071;7538;117;3;94.29;0
26072;7538;102;7;16.63;0
26073;7538;109;5;14.81;0
26074;7539;102;3;16.63;0
26075;7539;110;9;87.41;0
26076;7539;114;10;31.92;0
26077;7539;104;5;4.07;0
26078;7540;113;1;85.64;0
26079;7541;116;2;31.81;0
26080;7541;115;3;21.03;0
26081;7541;101;5;44.35;0
26082;7541;108;5;11.73;0
26083;7542;118;6;11.11;0
26084;7542;108;3;11.73;0
26085;7542;110;3;87.41;0
26086;7542;102;10;16.63;0
26087;7542;107;2;77.21;0
26088;7542;113;2;85.64;0
26089;7543;103;7;93.05;0
26090;7543;118;1;11.11;0
26091;7544;115;4;21.03;0
26092;7545;117;8;94.29;0
26093;7545;109;2;14.81;0
26094;7545;110;4;87.41;0
26095;7545;106;10;93.64;0
26096;7545;104;9;4.07;0
26097;7546;111;4;34.02;0
26098;7546;109;3;14.81;0
26099;7546;104;2;4.07;0
26100;7546;113;6;85.64;3
26101;7546;114;7;31.92;0
26102;7546;112;6;11.48;0
26103;7547;115;7;21.03;0
26104;7548;115;5;21.03;0
26105;7548;117;4;94.29;0
26106;7548;111;5;34.02;0
26107;7548;116;2;31.81;0
26108;7548;118;9;11.11;0
26109;7549;101;1;44.35;0
26110;7549;114;10;31.92;0
26111;7549;104;2;4.07;0
26112;7549;107;1;77.21;0
26113;7549;109;6;14.81;0
26114;7549;113;5;85.64;0
26115;7550;117;10;94.29;0
26116;7550;109;6;14.81;0
26117;7550;101;10;44.35;0
26118;7550;108;6;11.73;0
26119;7550;112;3;11.48;0
26120;7550;105;6;86.64;0
26121;7551;113;5;85.64;0
26122;7552;109;1;14.81;0
26123;7552;118;2;11.11;0
26124;7553;102;5;16.63;0
26125;7553;107;3;77.21;0
26126;7554;115;6;21.03;0
26127;7555;114;2;31.92;0
26128;7555;111;4;34.02;0
26129;7555;113;4;85.64;0
26130;7555;107;3;77.21;0
26131;7556;108;2;11.73;0
26132;7557;104;7;4.07;0
26133;7557;117;8;94.29;0
26134;7558;103;7;93.05;0
26135;7559;104;4;4.07;0
26136;7559;113;10;85.64;0
26137;7559;117;6;94.29;0
26138;7559;108;10;11.73;0
26139;7559;109;8;14.81;0
26140;7559;103;3;93.05;0
26141;7560;109;10;14.81;0
26142;7560;114;2;31.92;0
26143;7560;106;5;93.64;0
26144;7560;108;6;11.73;0
26145;7561;107;10;77.21;0
26146;7561;115;4;21.03;0
26147;7561;112;10;11.48;0
26148;7562;108;8;11.73;0
26149;7562;101;7;44.35;0
26150;7562;111;10;34.02;0
26151;7563;107;10;77.21;0
26152;7563;105;5;86.64;0
26153;7563;117;3;94.29;0
26154;7564;110;3;87.41;0
26155;7564;102;7;16.63;0
26156;7564;115;7;21.03;0
26157;7565;116;7;31.81;0
26158;7565;107;6;77.21;0
26159;7565;113;4;85.64;3
26160;7565;106;8;93.64;0
26161;7565;117;6;94.29;0
26162;7566;104;4;4.07;0
26163;7566;112;10;11.48;0
26164;7567;103;6;93.05;0
26165;7567;110;6;87.41;0
26166;7567;107;1;77.21;0
26167;7567;104;1;4.07;0
26168;7567;111;7;34.02;0
26169;7568;113;5;85.64;0
26170;7568;114;1;31.92;0
26171;7569;109;3;14.81;0
26172;7569;114;3;31.92;0
26173;7569;102;5;16.63;0
26174;7569;105;9;86.64;0
26175;7569;108;2;11.73;0
26176;7570;110;2;87.41;0
26177;7570;118;2;11.11;0
26178;7570;109;6;14.81;0
26179;7570;108;5;11.73;0
26180;7570;102;10;16.63;0
26181;7570;114;10;31.92;0
26182;7571;118;5;11.11;0
26183;7572;107;9;77.21;0
26184;7572;111;7;34.02;0
26185;7572;116;1;31.81;0
26186;7572;101;10;44.35;0
26187;7572;110;6;87.41;0
26188;7572;115;4;21.03;0
26189;7573;101;1;44.35;0
26190;7573;111;8;34.02;0
26191;7573;113;3;85.64;0
26192;7573;107;2;77.21;0
26193;7573;114;8;31.92;1
26194;7574;116;5;31.81;0
26195;7574;104;10;4.07;0
26196;7574;110;1;87.41;0
26197;7574;109;5;14.81;0
26198;7574;108;3;11.73;0
26199;7575;104;9;4.07;0
26200;7575;101;1;44.35;0
26201;7575;116;2;31.81;0
26202;7575;103;4;93.05;0
26203;7576;110;3;87.41;0
26204;7577;101;8;44.35;0
26205;7578;110;3;87.41;0
26206;7578;107;4;77.21;0
26207;7578;102;1;16.63;0
26208;7578;111;6;34.02;6
26209;7578;104;9;4.07;0
26210;7579;110;4;87.41;0
26211;7579;114;7;31.92;0
26212;7580;114;7;31.92;0
26213;7580;115;5;21.03;0
26214;7580;110;9;87.41;0
26215;7580;109;2;14.81;0
26216;7580;117;5;94.29;0
26217;7581;113;1;85.64;0
26218;7581;105;3;86.64;0
26219;7581;103;7;93.05;0
26220;7581;116;6;31.81;0
26221;7581;110;2;87.41;0
26222;7581;102;5;16.63;0
26223;7582;102;6;16.63;0
26224;7582;105;3;86.64;0
26225;7582;114;7;31.92;0
26226;7583;104;1;4.07;0
26227;7583;105;9;86.64;0
26228;7583;101;4;44.35;0
26229;7584;106;1;93.64;0
26230;7584;117;10;94.29;0
26231;7584;107;6;77.21;0
26232;7585;103;3;93.05;0
26233;7585;117;10;94.29;0
26234;7585;107;8;77.21;0
26235;7585;115;6;21.03;0
26236;7585;104;4;4.07;0
26237;7585;113;9;85.64;0
26238;7586;117;2;94.29;0
26239;7587;103;5;93.05;0
26240;7587;108;4;11.73;0
26241;7587;109;4;14.81;1
26242;7587;115;1;21.03;0
26243;7587;117;2;94.29;0
26244;7587;112;5;11.48;0
26245;7588;115;6;21.03;0
26246;7589;113;3;85.64;0
26247;7590;102;6;16.63;0
26248;7591;114;4;31.92;0
26249;7591;117;9;94.29;0
26250;7592;116;8;31.81;0
26251;7592;115;1;21.03;0
26252;7592;105;3;86.64;0
26253;7592;112;8;11.48;0
26254;7592;106;3;93.64;0
26255;7593;118;3;11.11;0
26256;7593;105;1;86.64;1
26257;7593;116;4;31.81;0
26258;7593;111;9;34.02;0
26259;7594;104;10;4.07;0
26260;7594;115;6;21.03;0
26261;7594;116;5;31.81;0
26262;7594;118;7;11.11;0
26263;7595;116;4;31.81;0
26264;7595;111;7;34.02;0
26265;7595;104;5;4.07;0
26266;7595;105;5;86.64;0
26267;7595;109;7;14.81;0
26268;7596;111;1;34.02;0
26269;7596;109;10;14.81;0
26270;7597;107;3;77.21;0
26271;7598;115;7;21.03;0
26272;7598;117;2;94.29;0
26273;7598;116;1;31.81;0
26274;7598;113;1;85.64;0
26275;7599;109;6;14.81;0
26276;7599;108;8;11.73;0
26277;7600;103;5;93.05;0
26278;7600;116;4;31.81;0
26279;7601;106;10;93.64;0
26280;7601;101;8;44.35;0
26281;7601;109;9;14.81;0
26282;7602;116;4;31.81;1
26283;7602;106;2;93.64;0
26284;7602;102;9;16.63;0
26285;7602;107;7;77.21;0
26286;7602;109;1;14.81;0
26287;7603;103;2;93.05;0
26288;7603;118;1;11.11;0
26289;7603;108;9;11.73;0
26290;7603;106;1;93.64;0
26291;7604;118;7;11.11;0
26292;7605;109;6;14.81;0
26293;7605;102;10;16.63;0
26294;7606;101;6;44.35;0
26295;7606;113;2;85.64;0
26296;7606;117;6;94.29;0
26297;7606;102;10;16.63;0
26298;7606;116;10;31.81;0
26299;7607;108;7;11.73;0
26300;7607;112;10;11.48;0
26301;7607;106;5;93.64;0
26302;7608;115;7;21.03;0
26303;7608;118;4;11.11;0
26304;7609;101;5;44.35;0
26305;7609;105;8;86.64;0
26306;7609;109;9;14.81;0
26307;7609;115;1;21.03;0
26308;7609;111;6;34.02;0
26309;7610;115;4;21.03;0
26310;7610;113;9;85.64;0
26311;7610;103;4;93.05;0
26312;7610;106;4;93.64;0
26313;7610;105;7;86.64;0
26314;7610;109;10;14.81;0
26315;7611;112;6;11.48;0
26316;7612;117;7;94.29;0
26317;7612;108;5;11.73;0
26318;7613;106;4;93.64;0
26319;7613;105;8;86.64;0
26320;7614;112;8;11.48;0
26321;7614;117;7;94.29;0
26322;7614;106;6;93.64;0
26323;7614;107;2;77.21;0
26324;7615;112;3;11.48;0
26325;7615;110;8;87.41;0
26326;7615;106;4;93.64;2
26327;7615;116;2;31.81;0
26328;7615;104;2;4.07;0
26329;7616;118;3;11.11;0
26330;7616;111;7;34.02;0
26331;7617;110;6;87.41;0
26332;7617;103;7;93.05;0
26333;7617;109;5;14.81;0
26334;7617;108;8;11.73;0
26335;7617;112;8;11.48;0
26336;7618;103;1;93.05;0
26337;7618;118;8;11.11;0
26338;7618;111;7;34.02;0
26339;7618;105;5;86.64;3
26340;7619;107;8;77.21;0
26341;7619;113;3;85.64;0
26342;7619;112;7;11.48;0
26343;7619;106;8;93.64;0
26344;7620;113;7;85.64;0
26345;7620;103;2;93.05;0
26346;7621;101;5;44.35;0
26347;7622;111;5;34.02;0
26348;7622;109;10;14.81;0
26349;7622;108;9;11.73;0
26350;7623;115;4;21.03;0
26351;7623;104;3;4.07;0
26352;7624;101;5;44.35;0
26353;7625;106;8;93.64;0
26354;7625;116;5;31.81;0
26355;7625;115;4;21.03;0
26356;7625;105;6;86.64;0
26357;7626;111;9;34.02;1
26358;7626;116;5;31.81;0
26359;7626;106;6;93.64;0
26360;7626;112;2;11.48;0
26361;7626;110;6;87.41;0
26362;7626;113;5;85.64;0
26363;7627;102;2;16.63;0
26364;7627;112;8;11.48;0
26365;7627;108;7;11.73;0
26366;7627;109;7;14.81;0
26367;7627;103;10;93.05;0
26368;7628;102;7;16.63;0
26369;7628;111;7;34.02;0
26370;7629;112;9;11.48;0
26371;7629;101;5;44.35;0
26372;7629;118;1;11.11;0
26373;7629;111;5;34.02;0
26374;7630;102;8;16.63;0
26375;7631;104;9;4.07;0
26376;7631;113;3;85.64;0
26377;7631;108;5;11.73;0
26378;7632;110;1;87.41;0
26379;7632;104;8;4.07;0
26380;7632;102;9;16.63;0
26381;7632;109;1;14.81;0
26382;7632;115;7;21.03;0
26383;7632;107;2;77.21;0
26384;7633;104;2;4.07;0
26385;7633;105;3;86.64;0
26386;7633;117;4;94.29;0
26387;7633;106;2;93.64;0
26388;7633;107;10;77.21;0
26389;7633;108;1;11.73;0
26390;7634;108;3;11.73;1
26391;7634;112;3;11.48;0
26392;7634;113;10;85.64;0
26393;7634;104;1;4.07;0
26394;7634;115;10;21.03;0
26395;7634;118;5;11.11;2
26396;7635;106;2;93.64;0
26397;7636;105;6;86.64;0
26398;7636;102;4;16.63;3
26399;7636;108;4;11.73;0
26400;7636;111;7;34.02;6
26401;7637;115;2;21.03;0
26402;7637;110;5;87.41;0
26403;7637;105;10;86.64;0
26404;7637;108;8;11.73;0
26405;7637;106;6;93.64;0
26406;7637;113;5;85.64;0
26407;7638;102;8;16.63;0
26408;7639;117;4;94.29;0
26409;7639;102;6;16.63;0
26410;7639;109;5;14.81;0
26411;7640;107;9;77.21;0
26412;7640;116;7;31.81;0
26413;7640;106;3;93.64;0
26414;7641;111;3;34.02;0
26415;7641;107;4;77.21;0
26416;7641;109;4;14.81;0
26417;7641;105;3;86.64;0
26418;7642;114;8;31.92;0
26419;7643;104;5;4.07;0
26420;7643;101;5;44.35;4
26421;7644;101;4;44.35;0
26422;7644;109;4;14.81;0
26423;7644;104;10;4.07;0
26424;7645;105;10;86.64;0
26425;7645;115;1;21.03;0
26426;7645;104;4;4.07;0
26427;7646;114;1;31.92;0
26428;7647;117;4;94.29;0
26429;7647;109;5;14.81;0
26430;7647;104;3;4.07;0
26431;7647;107;2;77.21;0
26432;7647;106;8;93.64;0
26433;7647;116;6;31.81;0
26434;7648;101;7;44.35;0
26435;7648;109;4;14.81;0
26436;7649;117;10;94.29;0
26437;7649;108;7;11.73;0
26438;7649;115;7;21.03;0
26439;7649;109;1;14.81;0
26440;7649;111;10;34.02;0
26441;7649;105;6;86.64;0
26442;7650;117;7;94.29;0
26443;7650;110;6;87.41;0
26444;7650;108;2;11.73;0
26445;7650;115;10;21.03;0
26446;7650;105;1;86.64;0
26447;7651;115;1;21.03;0
26448;7651;118;5;11.11;0
26449;7651;104;4;4.07;0
26450;7651;105;4;86.64;0
26451;7651;116;5;31.81;0
26452;7652;103;2;93.05;0
26453;7652;112;6;11.48;0
26454;7653;102;6;16.63;0
26455;7654;105;6;86.64;1
26456;7654;110;9;87.41;0
26457;7654;115;9;21.03;0
26458;7654;116;5;31.81;0
26459;7654;106;8;93.64;0
26460;7655;117;8;94.29;0
26461;7655;116;3;31.81;0
26462;7655;115;4;21.03;0
26463;7655;110;9;87.41;0
26464;7656;102;4;16.63;0
26465;7656;118;9;11.11;8
26466;7656;117;3;94.29;0
26467;7656;108;7;11.73;0
26468;7656;101;4;44.35;0
26469;7657;104;10;4.07;0
26470;7657;110;3;87.41;0
26471;7657;118;9;11.11;0
26472;7658;105;5;86.64;0
26473;7658;116;5;31.81;0
26474;7658;104;1;4.07;0
26475;7658;118;9;11.11;0
26476;7659;101;3;44.35;0
26477;7659;118;5;11.11;0
26478;7660;103;4;93.05;0
26479;7660;109;3;14.81;0
26480;7660;118;6;11.11;0
26481;7660;101;7;44.35;0
26482;7660;104;5;4.07;0
26483;7660;110;2;87.41;0
26484;7661;106;2;93.64;0
26485;7661;115;2;21.03;0
26486;7661;118;5;11.11;0
26487;7662;102;4;16.63;0
26488;7663;107;3;77.21;0
26489;7663;117;9;94.29;0
26490;7663;116;4;31.81;0
26491;7663;110;4;87.41;0
26492;7663;104;4;4.07;0
26493;7664;109;6;14.81;0
26494;7664;104;10;4.07;0
26495;7665;106;4;93.64;0
26496;7665;109;10;14.81;0
26497;7666;103;10;93.05;0
26498;7667;107;2;77.21;0
26499;7667;114;4;31.92;0
26500;7667;111;9;34.02;0
26501;7667;106;6;93.64;0
26502;7667;118;3;11.11;0
26503;7667;113;8;85.64;0
26504;7668;108;9;11.73;0
26505;7668;111;4;34.02;0
26506;7668;115;9;21.03;0
26507;7668;118;6;11.11;0
26508;7668;114;5;31.92;0
26509;7669;117;9;94.29;0
26510;7669;116;10;31.81;0
26511;7669;118;6;11.11;0
26512;7669;103;10;93.05;0
26513;7669;112;8;11.48;2
26514;7670;103;3;93.05;0
26515;7670;111;6;34.02;0
26516;7670;106;9;93.64;0
26517;7670;116;6;31.81;0
26518;7670;101;10;44.35;0
26519;7670;113;6;85.64;0
26520;7671;115;8;21.03;0
26521;7671;103;2;93.05;2
26522;7671;102;4;16.63;0
26523;7671;113;9;85.64;0
26524;7671;104;5;4.07;4
26525;7672;101;2;44.35;0
26526;7672;116;3;31.81;0
26527;7673;108;9;11.73;0
26528;7673;104;5;4.07;0
26529;7673;102;9;16.63;0
26530;7673;101;8;44.35;0
26531;7673;112;7;11.48;0
26532;7674;109;6;14.81;0
26533;7674;104;7;4.07;0
26534;7675;117;7;94.29;0
26535;7675;101;4;44.35;0
26536;7675;113;2;85.64;0
26537;7676;118;4;11.11;0
26538;7677;114;1;31.92;0
26539;7677;110;3;87.41;0
26540;7677;112;1;11.48;0
26541;7678;105;3;86.64;0
26542;7678;106;6;93.64;0
26543;7679;111;8;34.02;0
26544;7679;116;7;31.81;0
26545;7679;106;9;93.64;0
26546;7679;107;4;77.21;0
26547;7679;114;4;31.92;0
26548;7679;118;2;11.11;0
26549;7680;103;1;93.05;0
26550;7681;104;4;4.07;0
26551;7682;106;3;93.64;0
26552;7682;113;9;85.64;0
26553;7682;101;9;44.35;0
26554;7682;109;7;14.81;0
26555;7682;118;6;11.11;0
26556;7682;103;4;93.05;0
26557;7683;103;4;93.05;0
26558;7683;114;7;31.92;0
26559;7684;114;1;31.92;0
26560;7685;111;8;34.02;3
26561;7685;106;10;93.64;0
26562;7686;113;3;85.64;0
26563;7686;107;2;77.21;0
26564;7686;112;2;11.48;0
26565;7686;103;4;93.05;0
26566;7686;108;5;11.73;0
26567;7686;115;5;21.03;0
26568;7687;115;6;21.03;0
26569;7687;103;6;93.05;0
26570;7687;111;7;34.02;0
26571;7687;117;3;94.29;0
26572;7687;105;1;86.64;0
26573;7687;102;4;16.63;0
26574;7688;108;9;11.73;0
26575;7688;101;4;44.35;2
26576;7688;118;6;11.11;1
26577;7688;115;5;21.03;0
26578;7688;105;6;86.64;0
26579;7689;107;8;77.21;0
26580;7689;113;5;85.64;0
26581;7689;101;9;44.35;0
26582;7690;107;7;77.21;0
26583;7691;110;7;87.41;0
26584;7691;105;10;86.64;5
26585;7691;108;7;11.73;0
26586;7691;102;6;16.63;0
26587;7691;107;8;77.21;0
26588;7692;105;5;86.64;0
26589;7692;109;5;14.81;0
26590;7693;105;9;86.64;9
26591;7693;111;5;34.02;0
26592;7693;114;7;31.92;3
26593;7693;112;10;11.48;0
26594;7693;102;6;16.63;1
26595;7693;107;7;77.21;0
26596;7694;102;7;16.63;0
26597;7694;107;10;77.21;0
26598;7694;108;8;11.73;8
26599;7694;116;3;31.81;0
26600;7695;108;6;11.73;0
26601;7695;101;7;44.35;0
26602;7695;112;4;11.48;0
26603;7695;113;9;85.64;0
26604;7695;118;4;11.11;4
26605;7696;107;9;77.21;0
26606;7697;114;3;31.92;0
26607;7697;101;4;44.35;0
26608;7697;115;5;21.03;0
26609;7697;107;2;77.21;0
26610;7697;102;4;16.63;0
26611;7698;117;7;94.29;0
26612;7699;113;10;85.64;0
26613;7699;102;3;16.63;0
26614;7699;104;2;4.07;0
26615;7699;110;8;87.41;0
26616;7699;103;2;93.05;0
26617;7699;115;10;21.03;0
26618;7700;105;2;86.64;0
26619;7700;103;7;93.05;0
26620;7700;111;9;34.02;0
26621;7700;106;7;93.64;0
26622;7700;113;8;85.64;0
26623;7700;109;3;14.81;0
26624;7701;104;5;4.07;0
26625;7701;114;8;31.92;0
26626;7701;110;6;87.41;0
26627;7701;103;9;93.05;0
26628;7701;105;1;86.64;0
26629;7702;110;4;87.41;0
26630;7702;104;10;4.07;0
26631;7702;114;2;31.92;0
26632;7703;111;8;34.02;0
26633;7703;107;1;77.21;0
26634;7703;105;4;86.64;0
26635;7703;101;6;44.35;0
26636;7703;106;5;93.64;0
26637;7704;114;5;31.92;0
26638;7705;101;1;44.35;0
26639;7705;117;8;94.29;0
26640;7706;115;6;21.03;0
26641;7707;101;6;44.35;0
26642;7707;115;5;21.03;0
26643;7707;117;3;94.29;0
26644;7708;110;3;87.41;0
26645;7708;101;6;44.35;0
26646;7708;111;2;34.02;0
26647;7708;112;2;11.48;0
26648;7708;117;9;94.29;0
26649;7709;116;8;31.81;0
26650;7709;107;2;77.21;0
26651;7710;103;6;93.05;0
26652;7710;117;8;94.29;0
26653;7710;114;4;31.92;0
26654;7710;105;10;86.64;0
26655;7711;111;10;34.02;0
26656;7711;118;3;11.11;0
26657;7711;108;8;11.73;0
26658;7712;104;6;4.07;0
26659;7712;116;2;31.81;0
26660;7712;103;7;93.05;0
26661;7712;111;3;34.02;0
26662;7712;107;1;77.21;0
26663;7713;107;10;77.21;0
26664;7714;102;5;16.63;0
26665;7715;108;4;11.73;0
26666;7715;110;3;87.41;1
26667;7715;111;4;34.02;0
26668;7715;101;1;44.35;0
26669;7716;115;10;21.03;0
26670;7716;106;6;93.64;0
26671;7717;108;9;11.73;0
26672;7717;103;9;93.05;0
26673;7717;110;8;87.41;0
26674;7718;105;1;86.64;0
26675;7719;111;4;34.02;0
26676;7719;117;4;94.29;0
26677;7719;105;10;86.64;0
26678;7720;109;10;14.81;0
26679;7720;110;1;87.41;0
26680;7721;101;8;44.35;0
26681;7722;111;5;34.02;0
26682;7722;103;2;93.05;0
26683;7722;101;3;44.35;0
26684;7723;102;8;16.63;0
26685;7724;105;8;86.64;0
26686;7725;109;10;14.81;0
26687;7725;101;3;44.35;0
26688;7725;107;7;77.21;0
26689;7725;112;3;11.48;0
26690;7726;105;1;86.64;0
26691;7726;102;10;16.63;0
26692;7726;109;7;14.81;0
26693;7727;107;8;77.21;0
26694;7727;116;3;31.81;0
26695;7727;115;10;21.03;0
26696;7727;113;10;85.64;0
26697;7727;108;6;11.73;0
26698;7727;103;1;93.05;0
26699;7728;116;9;31.81;0
26700;7728;112;5;11.48;0
26701;7728;105;3;86.64;0
26702;7729;115;7;21.03;0
26703;7729;118;8;11.11;0
26704;7729;107;4;77.21;0
26705;7729;102;2;16.63;2
26706;7729;110;5;87.41;0
26707;7730;109;10;14.81;0
26708;7730;105;2;86.64;0
26709;7730;117;9;94.29;0
26710;7730;102;1;16.63;0
26711;7730;107;8;77.21;0
26712;7731;104;1;4.07;0
26713;7731;105;3;86.64;0
26714;7731;116;3;31.81;0
26715;7731;112;6;11.48;0
26716;7732;102;9;16.63;0
26717;7733;113;4;85.64;0
26718;7733;108;2;11.73;0
26719;7733;101;1;44.35;0
26720;7733;109;8;14.81;0
26721;7734;114;1;31.92;0
26722;7734;109;6;14.81;0
26723;7734;112;2;11.48;0
26724;7734;111;8;34.02;0
26725;7734;108;9;11.73;0
26726;7735;108;4;11.73;0
26727;7735;112;3;11.48;0
26728;7735;107;7;77.21;0
26729;7735;116;7;31.81;0
26730;7735;103;2;93.05;0
26731;7736;110;9;87.41;0
26732;7736;109;2;14.81;0
26733;7736;114;6;31.92;0
26734;7736;111;5;34.02;0
26735;7736;102;5;16.63;0
26736;7737;104;8;4.07;0
26737;7737;117;10;94.29;0
26738;7737;114;3;31.92;0
26739;7737;103;5;93.05;0
26740;7737;115;10;21.03;0
26741;7738;115;1;21.03;0
26742;7738;118;5;11.11;0
26743;7738;106;8;93.64;0
26744;7738;107;9;77.21;0
26745;7739;103;3;93.05;0
26746;7739;118;5;11.11;0
26747;7739;114;9;31.92;0
26748;7739;111;3;34.02;0
26749;7739;115;2;21.03;0
26750;7740;108;9;11.73;0
26751;7740;113;2;85.64;0
26752;7740;103;8;93.05;0
26753;7740;115;7;21.03;0
26754;7740;117;7;94.29;0
26755;7740;110;6;87.41;0
26756;7741;105;7;86.64;0
26757;7741;109;9;14.81;0
26758;7741;114;9;31.92;0
26759;7741;108;8;11.73;0
26760;7741;117;6;94.29;0
26761;7741;113;9;85.64;0
26762;7742;103;8;93.05;0
26763;7743;118;2;11.11;0
26764;7743;103;8;93.05;0
26765;7743;110;10;87.41;0
26766;7744;104;8;4.07;0
26767;7744;102;2;16.63;0
26768;7744;106;8;93.64;0
26769;7744;115;5;21.03;0
26770;7744;105;6;86.64;0
26771;7744;118;6;11.11;0
26772;7745;104;10;4.07;0
26773;7745;108;5;11.73;0
26774;7745;113;2;85.64;0
26775;7745;118;7;11.11;0
26776;7745;109;5;14.81;0
26777;7745;107;9;77.21;0
26778;7746;116;3;31.81;0
26779;7746;107;10;77.21;0
26780;7746;103;7;93.05;0
26781;7747;117;6;94.29;0
26782;7747;106;4;93.64;0
26783;7747;108;4;11.73;0
26784;7747;113;7;85.64;0
26785;7747;114;4;31.92;0
26786;7747;102;8;16.63;0
26787;7748;101;9;44.35;0
26788;7748;117;9;94.29;0
26789;7749;114;2;31.92;0
26790;7749;106;9;93.64;0
26791;7749;104;1;4.07;0
26792;7750;114;5;31.92;0
26793;7751;116;8;31.81;0
26794;7751;112;4;11.48;0
26795;7752;104;5;4.07;0
26796;7752;116;4;31.81;0
26797;7752;103;3;93.05;0
26798;7752;112;3;11.48;1
26799;7753;102;8;16.63;0
26800;7753;115;5;21.03;0
26801;7753;106;5;93.64;0
26802;7753;113;3;85.64;0
26803;7754;106;1;93.64;0
26804;7754;108;6;11.73;0
26805;7755;117;7;94.29;0
26806;7756;106;10;93.64;0
26807;7757;111;5;34.02;0
26808;7757;115;1;21.03;0
26809;7757;101;4;44.35;0
26810;7757;104;3;4.07;0
26811;7757;106;6;93.64;0
26812;7757;112;8;11.48;0
26813;7758;116;8;31.81;0
26814;7758;112;10;11.48;0
26815;7758;109;1;14.81;0
26816;7758;103;9;93.05;0
26817;7758;117;7;94.29;0
26818;7759;108;5;11.73;4
26819;7759;110;8;87.41;0
26820;7759;114;2;31.92;0
26821;7760;109;3;14.81;0
26822;7760;118;4;11.11;0
26823;7761;112;5;11.48;0
26824;7761;102;8;16.63;0
26825;7761;104;4;4.07;0
26826;7761;107;4;77.21;0
26827;7761;106;1;93.64;0
26828;7761;115;7;21.03;0
26829;7762;109;8;14.81;0
26830;7762;112;10;11.48;0
26831;7763;103;3;93.05;0
26832;7763;102;1;16.63;0
26833;7763;114;10;31.92;0
26834;7764;113;5;85.64;3
26835;7764;116;3;31.81;0
26836;7764;102;2;16.63;1
26837;7764;109;2;14.81;0
26838;7764;118;1;11.11;0
26839;7765;106;2;93.64;2
26840;7765;112;10;11.48;10
26841;7765;109;6;14.81;0
26842;7766;118;5;11.11;0
26843;7766;114;7;31.92;0
26844;7766;116;2;31.81;0
26845;7767;102;4;16.63;0
26846;7767;108;5;11.73;0
26847;7768;118;2;11.11;0
26848;7768;116;4;31.81;2
26849;7768;102;10;16.63;0
26850;7769;112;7;11.48;0
26851;7769;105;6;86.64;0
26852;7769;107;5;77.21;0
26853;7769;113;7;85.64;0
26854;7769;109;8;14.81;0
26855;7769;108;3;11.73;0
26856;7770;108;3;11.73;0
26857;7770;104;4;4.07;0
26858;7770;106;4;93.64;0
26859;7771;104;3;4.07;0
26860;7771;117;5;94.29;0
26861;7771;105;5;86.64;0
26862;7771;118;4;11.11;0
26863;7771;109;1;14.81;0
26864;7771;102;5;16.63;0
26865;7772;109;7;14.81;5
26866;7773;104;10;4.07;0
26867;7773;115;9;21.03;0
26868;7773;106;9;93.64;0
26869;7773;101;6;44.35;0
26870;7773;111;4;34.02;0
26871;7774;107;2;77.21;0
26872;7774;111;6;34.02;0
26873;7774;102;10;16.63;0
26874;7774;115;5;21.03;0
26875;7775;101;9;44.35;0
26876;7775;115;5;21.03;0
26877;7775;113;7;85.64;0
26878;7775;103;1;93.05;0
26879;7776;106;2;93.64;0
26880;7776;113;1;85.64;0
26881;7776;101;10;44.35;0
26882;7776;110;10;87.41;0
26883;7776;102;4;16.63;0
26884;7777;110;3;87.41;0
26885;7777;105;3;86.64;0
26886;7777;109;5;14.81;0
26887;7777;106;1;93.64;0
26888;7777;112;6;11.48;0
26889;7777;114;1;31.92;0
26890;7778;103;5;93.05;0
26891;7778;104;1;4.07;0
26892;7779;115;8;21.03;6
26893;7779;113;6;85.64;0
26894;7780;107;2;77.21;0
26895;7781;101;10;44.35;0
26896;7781;104;10;4.07;0
26897;7781;110;7;87.41;0
26898;7781;107;6;77.21;0
26899;7782;117;10;94.29;0
26900;7782;101;1;44.35;0
26901;7782;108;6;11.73;0
26902;7783;103;9;93.05;0
26903;7784;103;8;93.05;0
26904;7784;113;8;85.64;0
26905;7785;113;8;85.64;6
26906;7785;114;3;31.92;0
26907;7785;105;6;86.64;0
26908;7785;111;6;34.02;0
26909;7785;104;9;4.07;0
26910;7786;116;3;31.81;0
26911;7786;114;6;31.92;0
26912;7786;112;4;11.48;0
26913;7786;113;8;85.64;0
26914;7786;107;5;77.21;0
26915;7786;110;3;87.41;0
26916;7787;117;2;94.29;0
26917;7787;104;2;4.07;0
26918;7787;107;8;77.21;0
26919;7787;110;10;87.41;0
26920;7787;114;9;31.92;0
26921;7788;109;10;14.81;0
26922;7788;103;10;93.05;0
26923;7788;117;10;94.29;0
26924;7788;108;4;11.73;0
26925;7788;115;9;21.03;0
26926;7789;117;6;94.29;0
26927;7789;105;2;86.64;0
26928;7789;108;1;11.73;1
26929;7789;114;10;31.92;0
26930;7789;111;5;34.02;5
26931;7790;114;6;31.92;0
26932;7790;109;10;14.81;6
26933;7790;103;10;93.05;0
26934;7790;112;3;11.48;0
26935;7790;101;10;44.35;0
26936;7791;114;9;31.92;0
26937;7791;105;8;86.64;0
26938;7791;102;7;16.63;0
26939;7792;107;9;77.21;0
26940;7792;117;3;94.29;0
26941;7793;113;2;85.64;0
26942;7793;103;6;93.05;0
26943;7793;102;1;16.63;0
26944;7794;116;4;31.81;0
26945;7794;105;9;86.64;0
26946;7794;114;3;31.92;0
26947;7794;104;4;4.07;0
26948;7794;106;5;93.64;0
26949;7794;112;7;11.48;0
26950;7795;118;9;11.11;0
26951;7795;114;4;31.92;0
26952;7796;106;1;93.64;0
26953;7796;103;1;93.05;0
26954;7796;110;10;87.41;0
26955;7796;117;6;94.29;5
26956;7796;101;5;44.35;4
26957;7796;104;3;4.07;0
26958;7797;112;10;11.48;0
26959;7797;115;9;21.03;8
26960;7797;111;10;34.02;0
26961;7798;116;9;31.81;0
26962;7798;113;4;85.64;0
26963;7798;108;6;11.73;0
26964;7798;103;5;93.05;0
26965;7798;104;8;4.07;0
26966;7798;109;5;14.81;0
26967;7799;114;6;31.92;0
26968;7799;110;3;87.41;0
26969;7799;117;5;94.29;0
26970;7799;107;4;77.21;0
26971;7799;106;4;93.64;0
26972;7800;106;10;93.64;0
26973;7800;114;9;31.92;0
26974;7800;101;8;44.35;0
26975;7801;107;2;77.21;0
26976;7801;115;2;21.03;0
26977;7801;118;1;11.11;0
26978;7801;108;2;11.73;0
26979;7801;111;8;34.02;0
26980;7801;112;9;11.48;0
26981;7802;118;1;11.11;0
26982;7803;106;9;93.64;0
26983;7803;109;9;14.81;0
26984;7803;118;8;11.11;0
26985;7804;115;8;21.03;0
26986;7804;111;7;34.02;0
26987;7805;101;10;44.35;5
26988;7806;112;7;11.48;0
26989;7806;104;10;4.07;0
26990;7806;107;3;77.21;0
26991;7806;106;2;93.64;2
26992;7806;105;2;86.64;0
26993;7806;116;4;31.81;0
26994;7807;104;9;4.07;0
26995;7807;105;1;86.64;0
26996;7807;102;6;16.63;0
26997;7807;106;2;93.64;0
26998;7807;118;4;11.11;0
26999;7807;110;7;87.41;0
27000;7808;111;5;34.02;0
27001;7808;117;10;94.29;0
27002;7808;103;4;93.05;0
27003;7808;104;2;4.07;0
27004;7808;118;3;11.11;0
27005;7808;108;10;11.73;0
27006;7809;117;7;94.29;0
27007;7809;114;9;31.92;0
27008;7809;102;10;16.63;0
27009;7809;118;9;11.11;0
27010;7809;107;2;77.21;0
27011;7810;110;5;87.41;0
27012;7810;115;4;21.03;0
27013;7810;112;4;11.48;0
27014;7810;102;2;16.63;0
27015;7810;106;4;93.64;0
27016;7810;104;1;4.07;0
27017;7811;111;2;34.02;1
27018;7811;108;9;11.73;0
27019;7811;102;9;16.63;0
27020;7811;117;5;94.29;0
27021;7812;108;1;11.73;0
27022;7812;114;8;31.92;0
27023;7812;104;1;4.07;0
27024;7812;110;4;87.41;0
27025;7812;102;3;16.63;0
27026;7813;108;5;11.73;0
27027;7813;117;8;94.29;0
27028;7813;106;9;93.64;0
27029;7814;104;9;4.07;0
27030;7814;101;5;44.35;0
27031;7814;110;8;87.41;0
27032;7814;107;9;77.21;0
27033;7814;114;2;31.92;0
27034;7815;111;7;34.02;0
27035;7815;102;8;16.63;0
27036;7815;118;5;11.11;0
27037;7815;112;8;11.48;0
27038;7816;102;10;16.63;0
27039;7816;115;4;21.03;0
27040;7816;106;8;93.64;6
27041;7816;116;5;31.81;0
27042;7816;112;5;11.48;0
27043;7817;112;4;11.48;0
27044;7818;114;5;31.92;0
27045;7818;118;3;11.11;0
27046;7818;101;7;44.35;0
27047;7818;113;1;85.64;0
27048;7819;104;10;4.07;0
27049;7819;118;2;11.11;0
27050;7819;111;7;34.02;0
27051;7819;106;9;93.64;0
27052;7819;117;10;94.29;0
27053;7819;113;2;85.64;0
27054;7820;103;4;93.05;0
27055;7821;113;3;85.64;0
27056;7821;101;10;44.35;0
27057;7821;114;2;31.92;0
27058;7821;115;4;21.03;0
27059;7821;110;8;87.41;0
27060;7822;104;1;4.07;0
27061;7822;105;10;86.64;0
27062;7823;109;5;14.81;0
27063;7823;108;2;11.73;0
27064;7823;107;4;77.21;0
27065;7823;111;1;34.02;0
27066;7824;117;9;94.29;0
27067;7825;117;9;94.29;0
27068;7825;110;8;87.41;0
27069;7825;108;1;11.73;0
27070;7826;113;2;85.64;0
27071;7826;117;6;94.29;0
27072;7826;114;7;31.92;0
27073;7826;118;2;11.11;0
27074;7827;113;10;85.64;0
27075;7827;108;1;11.73;0
27076;7827;104;7;4.07;0
27077;7827;111;7;34.02;0
27078;7827;110;9;87.41;0
27079;7828;104;8;4.07;0
27080;7828;113;3;85.64;0
27081;7828;107;6;77.21;0
27082;7829;114;4;31.92;1
27083;7829;102;9;16.63;0
27084;7829;113;7;85.64;0
27085;7830;103;2;93.05;0
27086;7830;105;10;86.64;0
27087;7830;109;7;14.81;0
27088;7830;111;5;34.02;0
27089;7830;110;9;87.41;0
27090;7830;113;4;85.64;0
27091;7831;115;6;21.03;0
27092;7831;107;4;77.21;0
27093;7831;117;7;94.29;0
27094;7831;118;3;11.11;0
27095;7831;116;5;31.81;0
27096;7832;116;8;31.81;0
27097;7832;105;1;86.64;0
27098;7833;107;1;77.21;0
27099;7834;115;10;21.03;0
27100;7834;116;6;31.81;0
27101;7834;102;7;16.63;0
27102;7834;103;7;93.05;0
27103;7834;117;7;94.29;0
27104;7835;110;4;87.41;0
27105;7835;108;7;11.73;0
27106;7835;115;10;21.03;0
27107;7835;107;7;77.21;3
27108;7835;106;6;93.64;0
27109;7835;103;6;93.05;0
27110;7836;109;1;14.81;0
27111;7836;111;2;34.02;0
27112;7836;107;6;77.21;0
27113;7836;101;10;44.35;0
27114;7837;117;5;94.29;0
27115;7837;110;3;87.41;0
27116;7837;113;6;85.64;0
27117;7837;114;5;31.92;0
27118;7837;116;7;31.81;0
27119;7837;101;6;44.35;0
27120;7838;101;9;44.35;0
27121;7838;103;7;93.05;0
27122;7838;106;6;93.64;0
27123;7838;115;4;21.03;0
27124;7838;114;10;31.92;0
27125;7839;106;6;93.64;6
27126;7839;114;5;31.92;0
27127;7839;103;4;93.05;0
27128;7839;104;5;4.07;0
27129;7840;107;7;77.21;0
27130;7841;105;2;86.64;0
27131;7841;117;4;94.29;0
27132;7841;102;10;16.63;0
27133;7841;111;10;34.02;0
27134;7842;115;6;21.03;0
27135;7842;113;8;85.64;0
27136;7842;111;5;34.02;0
27137;7842;101;1;44.35;0
27138;7842;104;1;4.07;0
27139;7842;102;9;16.63;0
27140;7843;113;5;85.64;0
27141;7843;115;6;21.03;0
27142;7843;104;7;4.07;0
27143;7843;114;6;31.92;0
27144;7843;106;1;93.64;0
27145;7843;111;6;34.02;3
27146;7844;104;8;4.07;0
27147;7844;107;1;77.21;0
27148;7844;113;1;85.64;0
27149;7844;114;5;31.92;0
27150;7844;106;8;93.64;0
27151;7844;109;4;14.81;0
27152;7845;101;6;44.35;0
27153;7845;114;2;31.92;0
27154;7846;118;6;11.11;0
27155;7847;102;4;16.63;3
27156;7848;109;10;14.81;0
27157;7848;115;8;21.03;0
27158;7848;107;8;77.21;0
27159;7848;108;5;11.73;0
27160;7848;103;8;93.05;0
27161;7849;112;8;11.48;0
27162;7850;107;2;77.21;0
27163;7850;117;8;94.29;8
27164;7850;113;1;85.64;0
27165;7851;115;1;21.03;0
27166;7851;109;7;14.81;0
27167;7851;116;3;31.81;2
27168;7851;103;5;93.05;0
27169;7851;113;4;85.64;0
27170;7851;110;8;87.41;0
27171;7852;118;8;11.11;0
27172;7852;111;6;34.02;0
27173;7852;117;3;94.29;0
27174;7852;105;1;86.64;0
27175;7853;106;2;93.64;0
27176;7853;115;1;21.03;0
27177;7853;113;1;85.64;0
27178;7854;115;7;21.03;0
27179;7854;103;3;93.05;0
27180;7854;106;4;93.64;0
27181;7854;117;1;94.29;0
27182;7855;111;10;34.02;0
27183;7855;113;7;85.64;0
27184;7856;103;6;93.05;0
27185;7856;106;6;93.64;0
27186;7856;110;5;87.41;0
27187;7857;107;1;77.21;0
27188;7857;118;6;11.11;0
27189;7857;102;5;16.63;0
27190;7857;116;8;31.81;0
27191;7858;112;6;11.48;0
27192;7858;110;9;87.41;0
27193;7858;101;10;44.35;6
27194;7859;101;8;44.35;0
27195;7859;102;1;16.63;1
27196;7859;110;6;87.41;0
27197;7859;109;8;14.81;0
27198;7859;114;9;31.92;0
27199;7860;113;2;85.64;1
27200;7860;101;9;44.35;0
27201;7860;102;4;16.63;0
27202;7860;116;10;31.81;0
27203;7860;118;10;11.11;0
27204;7860;114;4;31.92;0
27205;7861;102;8;16.63;0
27206;7862;118;6;11.11;0
27207;7862;106;4;93.64;0
27208;7862;111;3;34.02;0
27209;7863;113;1;85.64;0
27210;7863;104;1;4.07;0
27211;7864;117;7;94.29;0
27212;7864;106;3;93.64;0
27213;7864;118;10;11.11;0
27214;7865;110;9;87.41;0
27215;7865;108;7;11.73;0
27216;7866;107;10;77.21;0
27217;7866;116;4;31.81;3
27218;7866;106;4;93.64;0
27219;7867;117;5;94.29;3
27220;7867;113;7;85.64;0
27221;7868;111;4;34.02;0
27222;7868;109;1;14.81;0
27223;7868;106;9;93.64;0
27224;7868;101;6;44.35;0
27225;7869;114;1;31.92;0
27226;7869;112;10;11.48;0
27227;7869;107;10;77.21;0
27228;7869;104;1;4.07;0
27229;7869;105;10;86.64;10
27230;7869;113;1;85.64;0
27231;7870;115;4;21.03;0
27232;7870;101;10;44.35;0
27233;7870;103;9;93.05;1
27234;7870;105;6;86.64;0
27235;7870;117;4;94.29;0
27236;7871;101;8;44.35;0
27237;7871;116;4;31.81;0
27238;7871;108;9;11.73;0
27239;7871;104;1;4.07;0
27240;7872;110;5;87.41;0
27241;7873;109;4;14.81;0
27242;7873;102;3;16.63;0
27243;7873;118;4;11.11;0
27244;7873;107;5;77.21;0
27245;7873;101;9;44.35;0
27246;7874;111;6;34.02;0
27247;7874;116;1;31.81;0
27248;7874;105;6;86.64;6
27249;7874;117;1;94.29;0
27250;7875;102;9;16.63;3
27251;7875;112;7;11.48;0
27252;7875;110;9;87.41;0
27253;7875;114;1;31.92;0
27254;7875;101;6;44.35;0
27255;7876;109;9;14.81;0
27256;7876;112;9;11.48;1
27257;7876;116;1;31.81;0
27258;7876;111;4;34.02;0
27259;7877;116;8;31.81;0
27260;7877;102;9;16.63;0
27261;7878;113;9;85.64;0
27262;7878;106;5;93.64;3
27263;7878;104;2;4.07;0
27264;7878;102;10;16.63;5
27265;7879;115;4;21.03;0
27266;7879;117;4;94.29;0
27267;7880;101;3;44.35;0
27268;7881;118;5;11.11;5
27269;7881;111;6;34.02;0
27270;7882;102;6;16.63;0
27271;7882;110;3;87.41;0
27272;7882;114;4;31.92;0
27273;7883;118;10;11.11;0
27274;7883;116;2;31.81;0
27275;7884;102;9;16.63;0
27276;7884;106;6;93.64;0
27277;7884;109;1;14.81;0
27278;7884;115;4;21.03;0
27279;7884;112;4;11.48;0
27280;7885;106;1;93.64;0
27281;7885;112;8;11.48;0
27282;7885;102;5;16.63;0
27283;7885;114;8;31.92;0
27284;7885;104;2;4.07;2
27285;7886;113;6;85.64;0
27286;7886;106;4;93.64;0
27287;7886;105;1;86.64;0
27288;7886;107;4;77.21;0
27289;7887;106;5;93.64;0
27290;7887;109;2;14.81;0
27291;7887;104;5;4.07;0
27292;7887;110;1;87.41;0
27293;7888;118;8;11.11;0
27294;7888;105;6;86.64;0
27295;7888;116;7;31.81;0
27296;7888;111;5;34.02;0
27297;7889;109;1;14.81;1
27298;7889;103;10;93.05;0
27299;7890;108;8;11.73;0
27300;7890;103;5;93.05;0
27301;7890;105;2;86.64;0
27302;7891;109;9;14.81;0
27303;7892;101;10;44.35;0
27304;7892;116;2;31.81;0
27305;7892;103;5;93.05;0
27306;7892;111;5;34.02;0
27307;7892;102;5;16.63;0
27308;7892;105;5;86.64;0
27309;7893;104;4;4.07;2
27310;7893;108;5;11.73;0
27311;7893;114;2;31.92;0
27312;7894;112;7;11.48;0
27313;7894;114;3;31.92;0
27314;7894;105;1;86.64;0
27315;7894;103;8;93.05;0
27316;7894;111;10;34.02;0
27317;7895;116;3;31.81;0
27318;7895;103;4;93.05;0
27319;7895;111;3;34.02;0
27320;7895;106;2;93.64;0
27321;7895;117;8;94.29;0
27322;7896;111;5;34.02;0
27323;7896;107;9;77.21;0
27324;7897;117;2;94.29;0
27325;7897;103;6;93.05;0
27326;7898;101;6;44.35;0
27327;7898;111;10;34.02;0
27328;7898;116;1;31.81;0
27329;7899;111;2;34.02;0
27330;7899;113;6;85.64;0
27331;7899;103;7;93.05;0
27332;7899;106;1;93.64;0
27333;7899;117;8;94.29;0
27334;7900;118;9;11.11;0
27335;7901;115;3;21.03;0
27336;7901;103;6;93.05;0
27337;7902;104;8;4.07;0
27338;7902;107;10;77.21;0
27339;7902;115;1;21.03;0
27340;7903;107;7;77.21;0
27341;7903;105;10;86.64;0
27342;7903;113;7;85.64;0
27343;7903;112;2;11.48;0
27344;7903;116;1;31.81;0
27345;7904;102;2;16.63;0
27346;7904;109;8;14.81;0
27347;7904;112;6;11.48;0
27348;7905;106;6;93.64;0
27349;7905;108;7;11.73;0
27350;7905;103;2;93.05;0
27351;7905;111;10;34.02;0
27352;7906;111;8;34.02;0
27353;7906;116;8;31.81;0
27354;7906;109;5;14.81;0
27355;7906;102;4;16.63;0
27356;7907;106;10;93.64;0
27357;7907;110;1;87.41;0
27358;7907;111;6;34.02;0
27359;7907;105;7;86.64;0
27360;7907;109;4;14.81;0
27361;7908;111;9;34.02;0
27362;7908;115;5;21.03;0
27363;7908;103;9;93.05;0
27364;7908;118;8;11.11;0
27365;7908;109;4;14.81;0
27366;7908;116;9;31.81;0
27367;7909;118;1;11.11;0
27368;7909;112;4;11.48;0
27369;7909;104;7;4.07;0
27370;7909;108;10;11.73;9
27371;7909;114;9;31.92;0
27372;7910;118;9;11.11;0
27373;7911;106;3;93.64;0
27374;7911;111;5;34.02;0
27375;7911;107;1;77.21;0
27376;7912;105;7;86.64;0
27377;7912;113;3;85.64;0
27378;7913;113;6;85.64;0
27379;7913;105;7;86.64;0
27380;7914;113;10;85.64;0
27381;7914;104;3;4.07;0
27382;7914;109;9;14.81;0
27383;7914;114;7;31.92;0
27384;7915;112;3;11.48;0
27385;7915;108;3;11.73;0
27386;7915;110;2;87.41;0
27387;7915;116;5;31.81;0
27388;7915;105;2;86.64;0
27389;7915;118;2;11.11;0
27390;7916;103;10;93.05;0
27391;7916;114;2;31.92;0
27392;7917;113;6;85.64;0
27393;7917;102;6;16.63;0
27394;7918;108;2;11.73;0
27395;7918;104;8;4.07;0
27396;7918;115;4;21.03;0
27397;7919;102;7;16.63;4
27398;7919;103;6;93.05;2
27399;7919;108;2;11.73;0
27400;7920;110;4;87.41;0
27401;7920;105;10;86.64;0
27402;7921;109;8;14.81;0
27403;7921;101;10;44.35;0
27404;7922;108;5;11.73;0
27405;7922;112;2;11.48;0
27406;7922;105;10;86.64;2
27407;7922;117;1;94.29;0
27408;7922;118;7;11.11;0
27409;7923;107;9;77.21;0
27410;7923;108;8;11.73;0
27411;7923;101;6;44.35;0
27412;7923;102;9;16.63;0
27413;7923;105;1;86.64;0
27414;7923;117;1;94.29;0
27415;7924;111;7;34.02;0
27416;7924;118;1;11.11;0
27417;7924;108;2;11.73;0
27418;7924;104;10;4.07;0
27419;7925;113;2;85.64;0
27420;7925;104;2;4.07;0
27421;7925;114;6;31.92;0
27422;7925;111;1;34.02;1
27423;7926;113;7;85.64;0
27424;7926;101;8;44.35;0
27425;7927;117;4;94.29;0
27426;7928;110;7;87.41;0
27427;7928;113;7;85.64;0
27428;7929;115;10;21.03;0
27429;7929;109;9;14.81;0
27430;7929;114;9;31.92;0
27431;7929;105;4;86.64;0
27432;7930;110;6;87.41;0
27433;7930;109;9;14.81;0
27434;7930;105;1;86.64;0
27435;7931;101;7;44.35;0
27436;7932;110;8;87.41;0
27437;7932;102;3;16.63;0
27438;7933;106;6;93.64;0
27439;7933;111;6;34.02;0
27440;7933;105;9;86.64;9
27441;7933;117;10;94.29;0
27442;7933;103;2;93.05;2
27443;7933;116;4;31.81;0
27444;7934;103;2;93.05;0
27445;7934;116;10;31.81;0
27446;7934;117;9;94.29;0
27447;7934;113;4;85.64;0
27448;7934;109;5;14.81;0
27449;7935;111;1;34.02;0
27450;7935;115;9;21.03;0
27451;7935;106;2;93.64;0
27452;7935;108;6;11.73;2
27453;7936;116;7;31.81;0
27454;7937;115;5;21.03;0
27455;7938;107;9;77.21;0
27456;7938;106;1;93.64;0
27457;7938;103;6;93.05;0
27458;7939;113;4;85.64;0
27459;7939;109;3;14.81;0
27460;7939;118;4;11.11;0
27461;7939;108;6;11.73;0
27462;7939;117;2;94.29;0
27463;7939;105;10;86.64;2
27464;7940;114;9;31.92;0
27465;7940;113;4;85.64;0
27466;7940;101;4;44.35;0
27467;7940;110;5;87.41;0
27468;7940;117;7;94.29;0
27469;7940;106;4;93.64;0
27470;7941;112;1;11.48;0
27471;7941;101;4;44.35;0
27472;7941;111;6;34.02;0
27473;7942;116;2;31.81;0
27474;7942;118;5;11.11;0
27475;7942;101;2;44.35;0
27476;7942;103;10;93.05;0
27477;7942;111;9;34.02;0
27478;7943;104;8;4.07;0
27479;7943;107;1;77.21;0
27480;7943;110;1;87.41;0
27481;7943;108;8;11.73;0
27482;7943;114;2;31.92;0
27483;7944;118;3;11.11;0
27484;7944;115;8;21.03;0
27485;7944;111;4;34.02;0
27486;7944;117;1;94.29;0
27487;7944;106;8;93.64;0
27488;7945;117;9;94.29;0
27489;7945;106;2;93.64;0
27490;7946;105;1;86.64;0
27491;7946;104;1;4.07;0
27492;7946;115;5;21.03;0
27493;7946;107;2;77.21;0
27494;7946;102;5;16.63;0
27495;7947;118;5;11.11;0
27496;7947;110;2;87.41;0
27497;7947;112;5;11.48;0
27498;7947;106;1;93.64;0
27499;7947;117;1;94.29;0
27500;7948;116;8;31.81;0
27501;7949;110;8;87.41;0
27502;7949;105;3;86.64;3
27503;7949;109;4;14.81;0
27504;7950;101;3;44.35;0
27505;7950;118;8;11.11;0
27506;7951;110;9;87.41;0
27507;7951;103;3;93.05;0
27508;7951;114;7;31.92;0
27509;7951;112;8;11.48;4
27510;7951;113;9;85.64;0
27511;7951;108;1;11.73;0
27512;7952;110;8;87.41;0
27513;7953;107;5;77.21;0
27514;7953;112;10;11.48;0
27515;7953;101;3;44.35;0
27516;7953;118;2;11.11;0
27517;7954;108;9;11.73;0
27518;7954;102;7;16.63;0
27519;7954;114;3;31.92;0
27520;7954;118;1;11.11;0
27521;7954;110;7;87.41;0
27522;7955;117;3;94.29;0
27523;7955;107;2;77.21;0
27524;7955;111;4;34.02;0
27525;7956;110;2;87.41;2
27526;7957;114;6;31.92;0
27527;7957;118;7;11.11;0
27528;7957;117;2;94.29;0
27529;7957;111;8;34.02;0
27530;7957;107;9;77.21;0
27531;7958;113;8;85.64;0
27532;7959;103;7;93.05;0
27533;7959;107;9;77.21;0
27534;7959;109;10;14.81;0
27535;7959;113;9;85.64;0
27536;7960;115;8;21.03;0
27537;7960;106;8;93.64;0
27538;7960;113;6;85.64;0
27539;7960;116;8;31.81;0
27540;7960;117;7;94.29;0
27541;7961;113;6;85.64;0
27542;7961;111;5;34.02;0
27543;7962;109;5;14.81;0
27544;7962;113;5;85.64;0
27545;7962;106;8;93.64;0
27546;7962;111;5;34.02;0
27547;7962;105;10;86.64;0
27548;7963;108;7;11.73;0
27549;7963;107;6;77.21;0
27550;7964;103;10;93.05;0
27551;7964;111;5;34.02;0
27552;7965;115;4;21.03;0
27553;7965;101;3;44.35;0
27554;7965;105;8;86.64;0
27555;7965;112;1;11.48;0
27556;7966;114;8;31.92;0
27557;7966;116;3;31.81;2
27558;7966;108;8;11.73;0
27559;7966;103;5;93.05;0
27560;7966;109;9;14.81;0
27561;7967;113;1;85.64;0
27562;7967;102;1;16.63;0
27563;7967;118;4;11.11;0
27564;7967;108;2;11.73;0
27565;7967;115;5;21.03;0
27566;7967;111;8;34.02;0
27567;7968;111;5;34.02;0
27568;7968;104;3;4.07;0
27569;7968;113;9;85.64;0
27570;7969;116;8;31.81;0
27571;7969;107;7;77.21;0
27572;7969;105;2;86.64;0
27573;7969;112;5;11.48;0
27574;7970;106;4;93.64;0
27575;7971;114;8;31.92;0
27576;7971;115;2;21.03;0
27577;7972;107;10;77.21;0
27578;7973;115;5;21.03;0
27579;7973;118;7;11.11;0
27580;7973;106;7;93.64;0
27581;7974;118;3;11.11;0
27582;7974;115;9;21.03;1
27583;7974;105;2;86.64;0
27584;7974;103;1;93.05;0
27585;7974;106;2;93.64;0
27586;7974;112;3;11.48;0
27587;7975;114;6;31.92;0
27588;7975;117;3;94.29;0
27589;7976;117;8;94.29;0
27590;7976;106;7;93.64;0
27591;7976;108;10;11.73;5
27592;7977;108;5;11.73;0
27593;7978;103;2;93.05;0
27594;7978;114;9;31.92;0
27595;7978;117;4;94.29;0
27596;7978;108;8;11.73;0
27597;7979;118;3;11.11;0
27598;7979;101;8;44.35;0
27599;7979;107;2;77.21;0
27600;7979;113;6;85.64;0
27601;7979;111;8;34.02;0
27602;7980;104;1;4.07;0
27603;7980;118;3;11.11;1
27604;7980;107;6;77.21;0
27605;7981;117;2;94.29;0
27606;7981;109;9;14.81;0
27607;7982;105;6;86.64;0
27608;7982;108;5;11.73;0
27609;7983;117;9;94.29;0
27610;7983;114;4;31.92;0
27611;7984;111;7;34.02;0
27612;7984;113;2;85.64;0
27613;7985;114;2;31.92;0
27614;7986;110;9;87.41;0
27615;7986;116;5;31.81;0
27616;7987;103;4;93.05;0
27617;7987;117;1;94.29;0
27618;7987;106;10;93.64;0
27619;7987;105;10;86.64;0
27620;7987;116;1;31.81;0
27621;7988;106;8;93.64;0
27622;7988;109;10;14.81;0
27623;7988;113;6;85.64;0
27624;7989;116;8;31.81;0
27625;7989;110;3;87.41;0
27626;7989;104;8;4.07;0
27627;7989;114;6;31.92;0
27628;7989;109;10;14.81;0
27629;7990;108;9;11.73;0
27630;7990;107;1;77.21;0
27631;7990;118;9;11.11;0
27632;7990;106;10;93.64;0
27633;7991;110;6;87.41;0
27634;7991;101;8;44.35;0
27635;7991;117;4;94.29;0
27636;7991;102;5;16.63;0
27637;7991;105;7;86.64;0
27638;7991;115;8;21.03;0
27639;7992;101;1;44.35;0
27640;7993;113;9;85.64;0
27641;7993;103;5;93.05;0
27642;7993;112;3;11.48;0
27643;7993;108;8;11.73;0
27644;7994;114;9;31.92;0
27645;7994;105;7;86.64;0
27646;7994;116;7;31.81;0
27647;7994;104;1;4.07;0
27648;7994;108;5;11.73;2
27649;7994;111;5;34.02;0
27650;7995;108;9;11.73;0
27651;7995;106;10;93.64;0
27652;7996;113;8;85.64;0
27653;7996;101;5;44.35;0
27654;7996;110;2;87.41;0
27655;7996;102;1;16.63;0
27656;7996;106;5;93.64;0
27657;7996;117;2;94.29;1
27658;7997;114;2;31.92;0
27659;7997;105;8;86.64;0
27660;7997;115;9;21.03;0
27661;7998;117;1;94.29;0
27662;7998;107;1;77.21;0
27663;7998;113;7;85.64;1
27664;7998;103;5;93.05;0
27665;7999;115;1;21.03;0
27666;7999;110;8;87.41;0
27667;7999;117;7;94.29;0
27668;7999;109;10;14.81;0
27669;7999;113;7;85.64;0
27670;7999;111;7;34.02;0
27671;8000;108;4;11.73;0
27672;8000;107;3;77.21;0
27673;8000;115;3;21.03;0
27674;8001;106;1;93.64;0
27675;8001;104;2;4.07;0
27676;8002;115;5;21.03;0
27677;8002;109;5;14.81;0
27678;8003;107;3;77.21;0
27679;8003;110;6;87.41;0
27680;8003;112;7;11.48;0
27681;8003;117;7;94.29;0
27682;8003;114;10;31.92;0
27683;8004;111;1;34.02;0
27684;8004;114;7;31.92;0
27685;8005;109;6;14.81;0
27686;8005;116;1;31.81;0
27687;8005;112;4;11.48;0
27688;8005;111;7;34.02;0
27689;8005;106;9;93.64;0
27690;8005;101;5;44.35;0
27691;8006;104;3;4.07;0
27692;8007;114;6;31.92;0
27693;8008;113;1;85.64;0
27694;8009;109;8;14.81;0
27695;8009;105;6;86.64;0
27696;8009;106;5;93.64;0
27697;8009;114;6;31.92;0
27698;8010;107;7;77.21;0
27699;8010;109;2;14.81;2
27700;8010;113;4;85.64;0
27701;8011;116;2;31.81;0
27702;8011;101;8;44.35;0
27703;8011;103;3;93.05;0
27704;8011;102;8;16.63;0
27705;8011;117;6;94.29;0
27706;8011;106;2;93.64;0
27707;8012;108;9;11.73;0
27708;8013;112;7;11.48;0
27709;8013;115;1;21.03;0
27710;8013;118;4;11.11;0
27711;8013;109;3;14.81;0
27712;8014;107;6;77.21;0
27713;8014;110;4;87.41;0
27714;8015;111;5;34.02;0
27715;8015;101;7;44.35;0
27716;8015;109;7;14.81;0
27717;8015;118;7;11.11;0
27718;8015;107;1;77.21;0
27719;8015;105;6;86.64;0
27720;8016;106;7;93.64;0
27721;8016;109;2;14.81;0
27722;8016;112;9;11.48;0
27723;8016;114;4;31.92;0
27724;8016;102;10;16.63;10
27725;8016;107;9;77.21;0
27726;8017;108;1;11.73;0
27727;8017;107;10;77.21;0
27728;8018;104;5;4.07;0
27729;8018;109;8;14.81;0
27730;8018;106;7;93.64;0
27731;8018;108;7;11.73;0
27732;8019;103;3;93.05;0
27733;8019;108;5;11.73;0
27734;8019;101;3;44.35;0
27735;8019;112;6;11.48;4
27736;8020;101;10;44.35;0
27737;8020;113;3;85.64;0
27738;8020;117;4;94.29;0
27739;8020;105;8;86.64;0
27740;8020;111;7;34.02;3
27741;8021;111;4;34.02;0
27742;8021;110;10;87.41;0
27743;8021;118;2;11.11;0
27744;8022;118;10;11.11;0
27745;8022;101;3;44.35;0
27746;8022;113;1;85.64;0
27747;8023;115;8;21.03;0
27748;8023;117;9;94.29;0
27749;8023;110;6;87.41;0
27750;8023;109;5;14.81;0
27751;8024;103;10;93.05;0
27752;8024;108;1;11.73;0
27753;8024;116;3;31.81;0
27754;8024;105;3;86.64;0
27755;8024;109;6;14.81;0
27756;8024;107;9;77.21;0
27757;8025;108;10;11.73;0
27758;8025;113;7;85.64;0
27759;8025;105;4;86.64;0
27760;8025;109;7;14.81;0
27761;8026;103;5;93.05;0
27762;8027;115;7;21.03;0
27763;8027;103;1;93.05;0
27764;8028;106;3;93.64;0
27765;8028;104;1;4.07;0
27766;8028;108;10;11.73;0
27767;8028;111;3;34.02;0
27768;8029;116;4;31.81;0
27769;8030;118;7;11.11;0
27770;8031;113;1;85.64;0
27771;8031;118;5;11.11;0
27772;8031;117;3;94.29;0
27773;8031;105;8;86.64;0
27774;8031;104;5;4.07;0
27775;8032;103;9;93.05;0
27776;8032;101;6;44.35;0
27777;8032;117;4;94.29;0
27778;8032;104;1;4.07;0
27779;8033;108;5;11.73;0
27780;8033;113;4;85.64;0
27781;8033;112;2;11.48;1
27782;8033;116;10;31.81;0
27783;8033;111;5;34.02;0
27784;8034;102;7;16.63;0
27785;8034;114;6;31.92;0
27786;8034;115;4;21.03;0
27787;8034;107;8;77.21;0
27788;8035;118;3;11.11;0
27789;8035;110;6;87.41;0
27790;8035;117;10;94.29;0
27791;8035;106;9;93.64;0
27792;8035;105;1;86.64;0
27793;8035;109;1;14.81;0
27794;8036;106;3;93.64;0
27795;8037;108;2;11.73;0
27796;8037;110;2;87.41;0
27797;8037;115;3;21.03;0
27798;8037;112;10;11.48;0
27799;8037;117;8;94.29;0
27800;8037;105;10;86.64;0
27801;8038;115;2;21.03;0
27802;8038;114;6;31.92;0
27803;8038;107;8;77.21;0
27804;8038;109;3;14.81;0
27805;8039;109;3;14.81;1
27806;8039;103;10;93.05;0
27807;8039;115;4;21.03;0
27808;8039;117;4;94.29;0
27809;8039;106;9;93.64;0
27810;8040;101;8;44.35;0
27811;8040;112;7;11.48;0
27812;8040;109;8;14.81;0
27813;8040;108;4;11.73;0
27814;8041;107;3;77.21;0
27815;8041;112;2;11.48;0
27816;8041;110;4;87.41;0
27817;8041;114;2;31.92;0
27818;8042;111;8;34.02;0
27819;8042;116;4;31.81;0
27820;8042;118;1;11.11;0
27821;8042;107;1;77.21;0
27822;8042;106;4;93.64;0
27823;8042;110;2;87.41;0
27824;8043;107;6;77.21;0
27825;8043;113;5;85.64;0
27826;8043;106;6;93.64;0
27827;8043;104;2;4.07;0
27828;8044;102;5;16.63;0
27829;8044;111;1;34.02;0
27830;8044;108;8;11.73;4
27831;8044;107;8;77.21;0
27832;8044;114;4;31.92;0
27833;8044;118;5;11.11;0
27834;8045;112;5;11.48;0
27835;8045;101;1;44.35;0
27836;8046;103;8;93.05;0
27837;8046;113;6;85.64;0
27838;8046;107;4;77.21;0
27839;8046;117;8;94.29;0
27840;8046;118;8;11.11;0
27841;8046;110;7;87.41;0
27842;8047;108;5;11.73;0
27843;8048;108;3;11.73;0
27844;8048;116;4;31.81;0
27845;8048;103;6;93.05;0
27846;8048;113;3;85.64;0
27847;8049;105;10;86.64;3
27848;8049;113;1;85.64;0
27849;8049;109;6;14.81;0
27850;8050;105;10;86.64;0
27851;8050;106;3;93.64;0
27852;8051;111;3;34.02;0
27853;8051;116;5;31.81;0
27854;8051;105;5;86.64;0
27855;8052;102;8;16.63;0
27856;8052;105;6;86.64;0
27857;8052;104;10;4.07;0
27858;8053;110;9;87.41;0
27859;8053;117;7;94.29;0
27860;8053;104;6;4.07;0
27861;8053;109;6;14.81;0
27862;8053;103;2;93.05;0
27863;8054;117;9;94.29;0
27864;8054;104;8;4.07;0
27865;8054;103;9;93.05;0
27866;8054;102;10;16.63;0
27867;8055;118;7;11.11;0
27868;8055;106;1;93.64;0
27869;8055;110;6;87.41;0
27870;8056;111;7;34.02;0
27871;8056;106;3;93.64;3
27872;8056;109;2;14.81;0
27873;8056;110;10;87.41;0
27874;8057;106;9;93.64;0
27875;8057;109;2;14.81;0
27876;8057;103;4;93.05;0
27877;8057;111;7;34.02;0
27878;8058;114;3;31.92;0
27879;8058;116;7;31.81;0
27880;8058;117;9;94.29;0
27881;8058;115;7;21.03;0
27882;8058;103;1;93.05;0
27883;8058;113;9;85.64;2
27884;8059;101;3;44.35;0
27885;8059;104;9;4.07;0
27886;8059;116;2;31.81;2
27887;8059;109;10;14.81;0
27888;8059;111;5;34.02;0
27889;8059;106;8;93.64;0
27890;8060;116;5;31.81;0
27891;8060;118;5;11.11;0
27892;8060;108;6;11.73;0
27893;8061;114;2;31.92;1
27894;8061;109;6;14.81;0
27895;8061;112;8;11.48;0
27896;8061;102;7;16.63;0
27897;8062;108;8;11.73;0
27898;8062;110;5;87.41;4
27899;8062;117;5;94.29;0
27900;8062;111;10;34.02;0
27901;8063;107;2;77.21;0
27902;8063;108;10;11.73;0
27903;8063;105;6;86.64;0
27904;8064;105;6;86.64;0
27905;8064;109;8;14.81;0
27906;8064;107;8;77.21;0
27907;8065;107;10;77.21;0
27908;8065;109;10;14.81;0
27909;8066;115;2;21.03;0
27910;8066;118;1;11.11;0
27911;8066;104;10;4.07;0
27912;8066;116;6;31.81;0
27913;8067;113;6;85.64;0
27914;8067;111;4;34.02;0
27915;8067;115;10;21.03;0
27916;8067;118;4;11.11;0
27917;8068;111;8;34.02;0
27918;8068;116;7;31.81;0
27919;8068;110;7;87.41;0
27920;8068;109;8;14.81;0
27921;8069;108;7;11.73;0
27922;8069;111;8;34.02;0
27923;8069;102;4;16.63;0
27924;8069;116;6;31.81;0
27925;8069;113;6;85.64;0
27926;8069;118;8;11.11;0
27927;8070;109;7;14.81;0
27928;8071;114;6;31.92;0
27929;8071;102;5;16.63;0
27930;8071;101;3;44.35;0
27931;8072;114;6;31.92;0
27932;8072;101;3;44.35;0
27933;8072;111;2;34.02;0
27934;8072;103;2;93.05;0
27935;8073;109;2;14.81;0
27936;8073;115;7;21.03;0
27937;8073;110;2;87.41;0
27938;8073;102;5;16.63;0
27939;8073;105;5;86.64;0
27940;8074;115;6;21.03;0
27941;8075;111;5;34.02;0
27942;8075;108;6;11.73;0
27943;8075;106;4;93.64;0
27944;8076;108;8;11.73;0
27945;8076;111;2;34.02;0
27946;8077;114;2;31.92;0
27947;8077;115;10;21.03;0
27948;8077;117;7;94.29;0
27949;8077;101;5;44.35;0
27950;8077;109;9;14.81;0
27951;8077;113;8;85.64;0
27952;8078;103;4;93.05;0
27953;8078;114;5;31.92;2
27954;8078;106;7;93.64;0
27955;8078;101;1;44.35;0
27956;8078;105;1;86.64;0
27957;8079;108;10;11.73;0
27958;8079;102;7;16.63;0
27959;8080;101;3;44.35;0
27960;8080;115;7;21.03;0
27961;8080;109;10;14.81;0
27962;8080;118;1;11.11;0
27963;8081;116;6;31.81;0
27964;8081;108;2;11.73;0
27965;8081;109;8;14.81;0
27966;8081;111;1;34.02;0
27967;8081;110;8;87.41;0
27968;8082;111;5;34.02;0
27969;8082;117;5;94.29;0
27970;8082;112;7;11.48;0
27971;8083;117;3;94.29;0
27972;8083;116;4;31.81;0
27973;8083;113;1;85.64;0
27974;8083;108;6;11.73;4
27975;8083;104;1;4.07;0
27976;8084;105;4;86.64;0
27977;8084;115;6;21.03;0
27978;8084;109;1;14.81;0
27979;8084;107;4;77.21;0
27980;8084;117;10;94.29;0
27981;8085;114;10;31.92;0
27982;8085;107;10;77.21;0
27983;8085;116;5;31.81;0
27984;8085;103;7;93.05;0
27985;8085;105;5;86.64;0
27986;8085;112;2;11.48;0
27987;8086;116;2;31.81;0
27988;8086;107;3;77.21;0
27989;8086;109;6;14.81;1
27990;8086;102;7;16.63;0
27991;8086;104;10;4.07;0
27992;8086;115;2;21.03;0
27993;8087;114;2;31.92;0
27994;8087;117;8;94.29;0
27995;8087;107;1;77.21;0
27996;8087;109;3;14.81;0
27997;8087;103;8;93.05;0
27998;8087;111;8;34.02;0
27999;8088;108;1;11.73;0
28000;8088;106;1;93.64;0
28001;8089;106;4;93.64;0
28002;8089;113;10;85.64;0
28003;8089;102;8;16.63;0
28004;8089;111;8;34.02;0
28005;8089;108;7;11.73;0
28006;8090;102;7;16.63;0
28007;8090;105;4;86.64;0
28008;8090;116;5;31.81;0
28009;8090;108;6;11.73;0
28010;8090;114;2;31.92;0
28011;8090;118;4;11.11;0
28012;8091;103;4;93.05;0
28013;8092;117;3;94.29;0
28014;8092;110;2;87.41;0
28015;8093;109;6;14.81;0
28016;8093;108;5;11.73;0
28017;8094;107;3;77.21;0
28018;8094;102;3;16.63;0
28019;8094;110;5;87.41;0
28020;8095;109;4;14.81;0
28021;8096;110;8;87.41;0
28022;8096;115;6;21.03;0
28023;8096;118;3;11.11;0
28024;8096;113;8;85.64;0
28025;8096;107;3;77.21;0
28026;8097;117;6;94.29;0
28027;8097;108;7;11.73;0
28028;8097;115;3;21.03;3
28029;8097;106;3;93.64;0
28030;8097;118;3;11.11;0
28031;8097;113;1;85.64;0
28032;8098;111;4;34.02;0
28033;8098;114;2;31.92;0
28034;8098;113;7;85.64;0
28035;8098;117;10;94.29;0
28036;8098;104;8;4.07;0
28037;8099;118;10;11.11;0
28038;8099;106;9;93.64;0
28039;8099;104;5;4.07;0
28040;8099;110;10;87.41;0
28041;8099;111;5;34.02;0
28042;8100;109;9;14.81;0
28043;8100;111;10;34.02;0
28044;8101;115;6;21.03;0
28045;8101;105;7;86.64;0
28046;8101;112;1;11.48;0
28047;8101;118;9;11.11;0
28048;8102;116;2;31.81;0
28049;8102;104;2;4.07;0
28050;8102;105;2;86.64;0
28051;8102;112;6;11.48;0
28052;8102;115;4;21.03;0
28053;8102;111;10;34.02;0
28054;8103;103;7;93.05;0
28055;8103;107;8;77.21;0
28056;8103;104;4;4.07;0
28057;8104;110;10;87.41;0
28058;8104;113;8;85.64;0
28059;8104;115;6;21.03;0
28060;8104;109;2;14.81;0
28061;8104;114;1;31.92;0
28062;8104;116;5;31.81;0
28063;8105;110;7;87.41;0
28064;8105;101;10;44.35;0
28065;8106;106;1;93.64;0
28066;8106;101;1;44.35;0
28067;8106;118;4;11.11;0
28068;8106;110;9;87.41;0
28069;8107;107;3;77.21;0
28070;8107;106;7;93.64;0
28071;8107;113;9;85.64;0
28072;8107;104;1;4.07;0
28073;8107;112;1;11.48;0
28074;8108;110;9;87.41;0
28075;8108;101;5;44.35;0
28076;8108;102;4;16.63;0
28077;8108;105;2;86.64;0
28078;8108;103;9;93.05;0
28079;8108;118;9;11.11;0
28080;8109;106;10;93.64;0
28081;8109;107;2;77.21;0
28082;8109;104;5;4.07;0
28083;8109;102;10;16.63;10
28084;8109;110;4;87.41;0
28085;8109;108;4;11.73;0
28086;8110;117;7;94.29;0
28087;8110;107;9;77.21;0
28088;8110;104;8;4.07;0
28089;8110;105;6;86.64;0
28090;8110;115;6;21.03;0
28091;8110;103;7;93.05;0
28092;8111;105;2;86.64;0
28093;8111;104;1;4.07;0
28094;8111;117;2;94.29;0
28095;8111;113;7;85.64;0
28096;8111;109;3;14.81;0
28097;8112;106;1;93.64;0
28098;8112;111;2;34.02;0
28099;8113;117;5;94.29;0
28100;8113;105;10;86.64;0
28101;8113;113;6;85.64;0
28102;8113;115;6;21.03;0
28103;8113;114;3;31.92;0
28104;8113;116;3;31.81;0
28105;8114;103;5;93.05;0
28106;8114;110;5;87.41;0
28107;8114;104;7;4.07;0
28108;8115;112;3;11.48;0
28109;8115;110;10;87.41;0
28110;8115;118;3;11.11;0
28111;8115;107;1;77.21;0
28112;8116;110;6;87.41;0
28113;8116;114;1;31.92;0
28114;8116;116;4;31.81;0
28115;8116;107;5;77.21;0
28116;8116;106;7;93.64;0
28117;8116;105;6;86.64;0
28118;8117;102;6;16.63;0
28119;8117;116;4;31.81;0
28120;8117;109;4;14.81;0
28121;8117;103;3;93.05;0
28122;8117;101;2;44.35;0
28123;8118;116;1;31.81;0
28124;8118;102;2;16.63;0
28125;8118;114;1;31.92;0
28126;8118;103;5;93.05;0
28127;8119;116;10;31.81;0
28128;8119;113;9;85.64;0
28129;8120;110;1;87.41;0
28130;8121;102;7;16.63;0
28131;8121;113;1;85.64;0
28132;8121;117;5;94.29;0
28133;8121;101;1;44.35;0
28134;8122;107;5;77.21;0
28135;8123;112;2;11.48;0
28136;8123;109;3;14.81;0
28137;8124;114;4;31.92;0
28138;8124;118;10;11.11;0
28139;8124;110;6;87.41;0
28140;8125;106;7;93.64;0
28141;8125;115;5;21.03;0
28142;8126;104;7;4.07;0
28143;8126;115;1;21.03;0
28144;8126;114;5;31.92;0
28145;8126;116;5;31.81;0
28146;8127;102;3;16.63;0
28147;8127;118;10;11.11;0
28148;8127;117;7;94.29;0
28149;8127;110;9;87.41;0
28150;8128;103;1;93.05;0
28151;8128;116;4;31.81;4
28152;8128;105;7;86.64;0
28153;8128;118;2;11.11;0
28154;8128;115;9;21.03;0
28155;8128;109;1;14.81;0
28156;8129;103;6;93.05;0
28157;8130;107;6;77.21;0
28158;8130;117;6;94.29;0
28159;8130;113;2;85.64;0
28160;8130;110;3;87.41;0
28161;8131;117;5;94.29;0
28162;8131;116;5;31.81;0
28163;8131;114;9;31.92;0
28164;8131;106;7;93.64;0
28165;8131;102;7;16.63;0
28166;8131;115;10;21.03;0
28167;8132;101;7;44.35;0
28168;8132;110;6;87.41;0
28169;8133;110;6;87.41;0
28170;8133;113;6;85.64;0
28171;8133;101;2;44.35;0
28172;8134;101;7;44.35;0
28173;8134;105;6;86.64;0
28174;8135;111;10;34.02;0
28175;8135;114;1;31.92;1
28176;8135;109;8;14.81;0
28177;8135;116;5;31.81;0
28178;8136;109;8;14.81;0
28179;8136;108;8;11.73;0
28180;8136;110;2;87.41;0
28181;8136;116;8;31.81;0
28182;8137;117;6;94.29;0
28183;8137;109;8;14.81;0
28184;8137;118;1;11.11;0
28185;8138;110;6;87.41;0
28186;8138;102;4;16.63;0
28187;8138;108;8;11.73;4
28188;8138;106;2;93.64;0
28189;8138;103;4;93.05;0
28190;8138;105;7;86.64;0
28191;8139;114;5;31.92;0
28192;8139;113;10;85.64;0
28193;8139;108;2;11.73;0
28194;8139;111;9;34.02;0
28195;8139;118;9;11.11;0
28196;8140;109;2;14.81;0
28197;8140;107;8;77.21;0
28198;8140;110;3;87.41;0
28199;8140;106;5;93.64;0
28200;8141;112;3;11.48;0
28201;8141;107;4;77.21;0
28202;8141;110;5;87.41;0
28203;8142;115;3;21.03;0
28204;8142;104;6;4.07;0
28205;8142;114;6;31.92;0
28206;8142;102;5;16.63;0
28207;8143;117;10;94.29;0
28208;8143;107;2;77.21;0
28209;8143;112;1;11.48;0
28210;8143;104;6;4.07;0
28211;8143;102;6;16.63;0
28212;8143;118;9;11.11;0
28213;8144;111;9;34.02;0
28214;8144;102;8;16.63;0
28215;8145;105;1;86.64;0
28216;8145;112;6;11.48;0
28217;8145;101;9;44.35;0
28218;8146;112;8;11.48;0
28219;8146;115;2;21.03;0
28220;8147;117;4;94.29;0
28221;8147;106;8;93.64;0
28222;8147;113;6;85.64;0
28223;8147;101;6;44.35;0
28224;8148;105;9;86.64;0
28225;8148;116;2;31.81;0
28226;8148;114;9;31.92;0
28227;8149;112;4;11.48;0
28228;8150;114;10;31.92;0
28229;8150;118;8;11.11;0
28230;8150;116;9;31.81;0
28231;8150;110;9;87.41;0
28232;8151;110;9;87.41;0
28233;8151;109;8;14.81;6
28234;8152;117;6;94.29;0
28235;8153;105;2;86.64;0
28236;8153;118;10;11.11;0
28237;8153;106;1;93.64;0
28238;8153;114;6;31.92;0
28239;8153;111;7;34.02;0
28240;8154;112;8;11.48;0
28241;8155;116;7;31.81;0
28242;8155;112;9;11.48;0
28243;8155;114;1;31.92;0
28244;8155;103;4;93.05;0
28245;8155;104;6;4.07;0
28246;8155;101;5;44.35;0
28247;8156;108;9;11.73;0
28248;8156;115;10;21.03;0
28249;8156;104;10;4.07;0
28250;8157;115;7;21.03;0
28251;8157;104;1;4.07;0
28252;8158;110;6;87.41;0
28253;8158;103;3;93.05;0
28254;8158;118;1;11.11;0
28255;8158;111;3;34.02;0
28256;8158;113;1;85.64;0
28257;8159;103;4;93.05;0
28258;8159;106;6;93.64;0
28259;8160;118;9;11.11;0
28260;8161;117;6;94.29;0
28261;8161;105;1;86.64;0
28262;8162;118;3;11.11;0
28263;8162;104;6;4.07;0
28264;8162;103;9;93.05;0
28265;8162;111;9;34.02;0
28266;8162;114;2;31.92;0
28267;8162;107;10;77.21;0
28268;8163;116;5;31.81;0
28269;8164;117;7;94.29;0
28270;8164;103;2;93.05;0
28271;8165;116;8;31.81;0
28272;8165;115;8;21.03;0
28273;8166;112;6;11.48;0
28274;8166;102;5;16.63;0
28275;8166;108;5;11.73;0
28276;8166;109;2;14.81;0
28277;8167;113;5;85.64;0
28278;8168;117;2;94.29;0
28279;8168;109;8;14.81;0
28280;8168;115;8;21.03;0
28281;8168;110;2;87.41;0
28282;8168;103;5;93.05;0
28283;8169;114;10;31.92;0
28284;8170;115;2;21.03;0
28285;8170;103;7;93.05;0
28286;8170;116;3;31.81;0
28287;8170;101;4;44.35;0
28288;8171;118;8;11.11;0
28289;8172;116;4;31.81;0
28290;8172;109;8;14.81;0
28291;8172;108;4;11.73;0
28292;8172;106;5;93.64;0
28293;8172;104;5;4.07;0
28294;8172;110;1;87.41;0
28295;8173;101;7;44.35;0
28296;8173;111;7;34.02;0
28297;8173;115;2;21.03;1
28298;8174;101;1;44.35;1
28299;8174;102;7;16.63;0
28300;8174;113;3;85.64;0
28301;8175;115;5;21.03;0
28302;8175;104;2;4.07;2
28303;8176;111;8;34.02;0
28304;8176;116;6;31.81;0
28305;8176;112;9;11.48;0
28306;8176;103;1;93.05;0
28307;8176;113;8;85.64;0
28308;8176;118;7;11.11;0
28309;8177;111;1;34.02;0
28310;8177;101;9;44.35;0
28311;8177;115;5;21.03;0
28312;8177;107;3;77.21;0
28313;8177;103;1;93.05;0
28314;8177;114;3;31.92;0
28315;8178;105;9;86.64;0
28316;8178;117;1;94.29;0
28317;8178;107;10;77.21;1
28318;8178;110;4;87.41;0
28319;8178;104;10;4.07;0
28320;8179;105;9;86.64;0
28321;8179;113;8;85.64;0
28322;8179;115;6;21.03;0
28323;8180;110;9;87.41;0
28324;8180;102;1;16.63;0
28325;8180;105;4;86.64;0
28326;8180;112;7;11.48;0
28327;8180;106;4;93.64;0
28328;8181;106;10;93.64;0
28329;8182;102;7;16.63;0
28330;8183;117;7;94.29;0
28331;8183;111;2;34.02;0
28332;8183;118;10;11.11;0
28333;8183;102;9;16.63;0
28334;8184;115;4;21.03;0
28335;8184;105;9;86.64;0
28336;8184;107;5;77.21;0
28337;8184;116;5;31.81;0
28338;8184;111;5;34.02;0
28339;8184;102;2;16.63;0
28340;8185;115;4;21.03;0
28341;8185;108;9;11.73;0
28342;8186;109;1;14.81;0
28343;8186;114;8;31.92;0
28344;8186;110;4;87.41;0
28345;8186;117;7;94.29;0
28346;8186;115;7;21.03;0
28347;8187;115;1;21.03;0
28348;8187;107;1;77.21;0
28349;8187;102;4;16.63;0
28350;8187;105;10;86.64;0
28351;8188;102;6;16.63;0
28352;8188;104;9;4.07;0
28353;8188;106;5;93.64;0
28354;8188;101;2;44.35;0
28355;8189;102;8;16.63;0
28356;8189;112;5;11.48;0
28357;8190;107;3;77.21;0
28358;8190;111;6;34.02;0
28359;8190;115;6;21.03;0
28360;8191;103;10;93.05;0
28361;8191;105;3;86.64;1
28362;8191;118;5;11.11;0
28363;8192;106;7;93.64;0
28364;8192;112;9;11.48;0
28365;8193;102;7;16.63;0
28366;8193;107;4;77.21;0
28367;8194;106;7;93.64;0
28368;8194;103;5;93.05;0
28369;8194;113;8;85.64;0
28370;8194;115;10;21.03;0
28371;8194;101;5;44.35;0
28372;8195;102;4;16.63;0
28373;8195;116;3;31.81;0
28374;8195;103;6;93.05;0
28375;8195;107;4;77.21;0
28376;8196;108;7;11.73;0
28377;8196;106;8;93.64;0
28378;8197;111;3;34.02;0
28379;8198;109;3;14.81;0
28380;8198;115;1;21.03;0
28381;8198;103;8;93.05;0
28382;8198;114;1;31.92;0
28383;8199;106;8;93.64;0
28384;8199;101;4;44.35;0
28385;8199;115;4;21.03;0
28386;8199;108;9;11.73;4
28387;8199;104;10;4.07;0
28388;8199;103;3;93.05;0
28389;8200;115;7;21.03;0
28390;8200;110;10;87.41;1
28391;8200;105;5;86.64;0
28392;8200;103;5;93.05;0
28393;8200;109;7;14.81;0
28394;8201;109;3;14.81;0
28395;8201;113;4;85.64;0
28396;8201;106;6;93.64;0
28397;8201;110;5;87.41;0
28398;8202;115;3;21.03;0
28399;8202;106;6;93.64;0
28400;8202;104;5;4.07;0
28401;8202;108;4;11.73;0
28402;8202;101;10;44.35;0
28403;8202;117;3;94.29;2
28404;8203;104;4;4.07;0
28405;8204;113;3;85.64;0
28406;8204;101;4;44.35;0
28407;8204;103;10;93.05;0
28408;8204;114;2;31.92;0
28409;8205;103;8;93.05;0
28410;8205;117;2;94.29;0
28411;8205;112;7;11.48;0
28412;8206;118;7;11.11;0
28413;8206;112;6;11.48;0
28414;8206;104;1;4.07;0
28415;8206;107;8;77.21;0
28416;8206;106;5;93.64;0
28417;8207;115;9;21.03;0
28418;8207;113;2;85.64;0
28419;8207;102;1;16.63;0
28420;8207;116;8;31.81;0
28421;8207;112;4;11.48;0
28422;8207;117;7;94.29;0
28423;8208;111;7;34.02;0
28424;8209;108;5;11.73;0
28425;8209;103;10;93.05;0
28426;8209;112;5;11.48;0
28427;8209;111;1;34.02;0
28428;8209;104;10;4.07;0
28429;8209;107;9;77.21;0
28430;8210;118;1;11.11;0
28431;8211;117;5;94.29;0
28432;8211;113;3;85.64;0
28433;8211;105;5;86.64;0
28434;8211;112;4;11.48;0
28435;8211;116;9;31.81;0
28436;8211;109;3;14.81;0
28437;8212;116;6;31.81;0
28438;8213;118;7;11.11;0
28439;8213;111;4;34.02;0
28440;8213;101;2;44.35;0
28441;8213;113;4;85.64;0
28442;8213;112;1;11.48;0
28443;8213;110;3;87.41;0
28444;8214;108;10;11.73;0
28445;8214;105;7;86.64;0
28446;8215;116;7;31.81;0
28447;8215;118;6;11.11;0
28448;8215;102;1;16.63;0
28449;8215;115;3;21.03;0
28450;8215;113;7;85.64;0
28451;8216;114;6;31.92;0
28452;8217;102;10;16.63;0
28453;8217;103;5;93.05;0
28454;8217;110;2;87.41;0
28455;8218;111;3;34.02;0
28456;8218;109;5;14.81;0
28457;8218;118;9;11.11;0
28458;8218;110;6;87.41;0
28459;8219;106;3;93.64;0
28460;8219;102;7;16.63;0
28461;8219;108;3;11.73;0
28462;8219;101;10;44.35;0
28463;8219;114;8;31.92;3
28464;8220;105;5;86.64;0
28465;8220;115;2;21.03;0
28466;8221;117;7;94.29;0
28467;8221;116;10;31.81;0
28468;8221;111;2;34.02;0
28469;8221;115;7;21.03;0
28470;8222;112;5;11.48;0
28471;8222;106;9;93.64;0
28472;8222;105;5;86.64;0
28473;8222;109;7;14.81;0
28474;8223;110;7;87.41;0
28475;8223;118;9;11.11;0
28476;8223;112;10;11.48;0
28477;8223;114;10;31.92;0
28478;8223;104;10;4.07;0
28479;8224;117;6;94.29;0
28480;8224;115;10;21.03;0
28481;8224;114;3;31.92;0
28482;8224;118;10;11.11;0
28483;8225;118;3;11.11;0
28484;8225;113;3;85.64;0
28485;8225;110;4;87.41;0
28486;8226;103;4;93.05;0
28487;8226;114;9;31.92;0
28488;8227;115;5;21.03;0
28489;8227;105;5;86.64;0
28490;8228;109;4;14.81;0
28491;8229;108;2;11.73;0
28492;8229;109;5;14.81;0
28493;8229;105;4;86.64;0
28494;8229;107;6;77.21;0
28495;8229;117;9;94.29;0
28496;8229;113;2;85.64;0
28497;8230;101;5;44.35;0
28498;8230;118;1;11.11;0
28499;8230;109;4;14.81;0
28500;8230;115;10;21.03;0
28501;8230;113;4;85.64;0
28502;8231;111;1;34.02;0
28503;8231;103;6;93.05;0
28504;8231;114;10;31.92;0
28505;8231;112;1;11.48;0
28506;8231;101;3;44.35;0
28507;8232;111;8;34.02;0
28508;8233;111;7;34.02;0
28509;8233;113;10;85.64;0
28510;8233;103;4;93.05;0
28511;8233;109;3;14.81;0
28512;8234;117;9;94.29;0
28513;8234;105;6;86.64;0
28514;8234;114;6;31.92;0
28515;8234;110;6;87.41;0
28516;8234;115;6;21.03;0
28517;8235;117;2;94.29;0
28518;8235;106;8;93.64;0
28519;8235;116;4;31.81;0
28520;8235;103;1;93.05;0
28521;8235;118;10;11.11;0
28522;8236;109;2;14.81;0
28523;8236;110;1;87.41;0
28524;8237;113;8;85.64;0
28525;8237;107;1;77.21;0
28526;8237;114;5;31.92;0
28527;8238;111;6;34.02;0
28528;8238;114;9;31.92;0
28529;8239;112;10;11.48;0
28530;8239;115;3;21.03;0
28531;8240;118;7;11.11;0
28532;8240;109;5;14.81;0
28533;8240;116;1;31.81;0
28534;8240;101;3;44.35;0
28535;8241;116;8;31.81;1
28536;8241;104;1;4.07;0
28537;8241;114;10;31.92;0
28538;8241;113;10;85.64;0
28539;8242;106;10;93.64;0
28540;8242;114;10;31.92;0
28541;8242;109;2;14.81;0
28542;8242;115;10;21.03;0
28543;8243;108;2;11.73;0
28544;8243;115;5;21.03;0
28545;8243;111;8;34.02;0
28546;8243;114;1;31.92;0
28547;8243;113;2;85.64;2
28548;8244;117;8;94.29;0
28549;8244;110;1;87.41;0
28550;8244;106;1;93.64;0
28551;8245;114;5;31.92;0
28552;8245;103;7;93.05;0
28553;8245;110;5;87.41;0
28554;8245;117;4;94.29;0
28555;8246;105;4;86.64;0
28556;8246;106;9;93.64;6
28557;8246;114;9;31.92;0
28558;8247;107;3;77.21;0
28559;8247;111;6;34.02;0
28560;8247;105;7;86.64;0
28561;8247;102;1;16.63;0
28562;8248;102;4;16.63;0
28563;8248;116;10;31.81;0
28564;8249;115;6;21.03;0
28565;8249;101;8;44.35;0
28566;8249;112;3;11.48;0
28567;8249;113;10;85.64;0
28568;8249;117;6;94.29;0
28569;8249;105;2;86.64;0
28570;8250;118;4;11.11;0
28571;8250;115;2;21.03;0
28572;8251;114;3;31.92;0
28573;8251;110;2;87.41;0
28574;8252;108;7;11.73;0
28575;8252;114;7;31.92;0
28576;8253;113;5;85.64;0
28577;8254;117;3;94.29;0
28578;8254;104;9;4.07;0
28579;8254;112;9;11.48;0
28580;8254;111;4;34.02;0
28581;8255;103;7;93.05;0
28582;8255;105;1;86.64;0
28583;8255;115;8;21.03;0
28584;8255;107;6;77.21;0
28585;8255;111;6;34.02;0
28586;8255;118;2;11.11;0
28587;8256;105;3;86.64;0
28588;8256;116;4;31.81;0
28589;8256;113;4;85.64;0
28590;8256;111;10;34.02;0
28591;8256;104;7;4.07;0
28592;8256;103;4;93.05;0
28593;8257;117;7;94.29;0
28594;8257;116;3;31.81;1
28595;8257;108;7;11.73;0
28596;8257;110;3;87.41;0
28597;8257;111;8;34.02;0
28598;8257;102;2;16.63;0
28599;8258;111;6;34.02;0
28600;8258;118;5;11.11;0
28601;8258;110;3;87.41;0
28602;8258;117;2;94.29;0
28603;8258;114;7;31.92;0
28604;8259;111;1;34.02;0
28605;8259;110;2;87.41;0
28606;8259;102;2;16.63;0
28607;8259;107;7;77.21;0
28608;8259;103;4;93.05;0
28609;8260;105;10;86.64;0
28610;8260;110;3;87.41;0
28611;8260;107;4;77.21;4
28612;8261;118;6;11.11;0
28613;8261;101;1;44.35;0
28614;8261;110;7;87.41;0
28615;8262;118;7;11.11;0
28616;8262;113;2;85.64;0
28617;8262;105;1;86.64;0
28618;8263;108;6;11.73;0
28619;8264;109;8;14.81;0
28620;8265;116;9;31.81;0
28621;8265;112;6;11.48;0
28622;8265;118;1;11.11;0
28623;8266;110;8;87.41;0
28624;8266;109;9;14.81;0
28625;8266;106;4;93.64;0
28626;8266;118;4;11.11;0
28627;8266;111;6;34.02;0
28628;8267;101;5;44.35;0
28629;8267;116;9;31.81;0
28630;8267;104;6;4.07;0
28631;8267;115;9;21.03;0
28632;8267;106;1;93.64;0
28633;8268;115;1;21.03;0
28634;8268;102;2;16.63;0
28635;8268;116;5;31.81;0
28636;8268;112;2;11.48;0
28637;8269;102;2;16.63;0
28638;8270;116;6;31.81;0
28639;8270;109;8;14.81;0
28640;8270;101;2;44.35;0
28641;8270;111;5;34.02;0
28642;8270;117;5;94.29;0
28643;8271;114;7;31.92;0
28644;8271;109;10;14.81;0
28645;8271;118;8;11.11;0
28646;8271;104;6;4.07;0
28647;8271;107;5;77.21;0
28648;8272;104;5;4.07;0
28649;8272;111;3;34.02;0
28650;8272;117;2;94.29;0
28651;8272;108;3;11.73;0
28652;8273;111;9;34.02;0
28653;8273;112;4;11.48;0
28654;8273;110;9;87.41;0
28655;8273;108;4;11.73;0
28656;8274;109;9;14.81;0
28657;8274;108;2;11.73;0
28658;8274;110;3;87.41;0
28659;8274;113;7;85.64;0
28660;8274;116;1;31.81;0
28661;8274;104;8;4.07;0
28662;8275;111;5;34.02;2
28663;8275;103;9;93.05;0
28664;8275;106;8;93.64;0
28665;8275;113;4;85.64;0
28666;8275;118;6;11.11;0
28667;8276;105;1;86.64;0
28668;8276;118;3;11.11;0
28669;8276;109;1;14.81;0
28670;8277;108;2;11.73;0
28671;8277;109;5;14.81;0
28672;8277;106;4;93.64;0
28673;8277;101;2;44.35;0
28674;8278;102;1;16.63;0
28675;8278;108;3;11.73;0
28676;8279;108;7;11.73;0
28677;8280;117;7;94.29;0
28678;8280;101;9;44.35;0
28679;8280;110;4;87.41;0
28680;8281;109;2;14.81;0
28681;8282;115;4;21.03;0
28682;8282;107;2;77.21;0
28683;8283;115;9;21.03;0
28684;8283;106;4;93.64;0
28685;8283;110;3;87.41;0
28686;8283;102;5;16.63;0
28687;8283;105;1;86.64;0
28688;8284;109;7;14.81;0
28689;8284;117;2;94.29;0
28690;8284;108;1;11.73;0
28691;8285;110;1;87.41;0
28692;8285;103;2;93.05;0
28693;8285;116;7;31.81;0
28694;8285;101;7;44.35;0
28695;8285;118;2;11.11;0
28696;8285;115;8;21.03;0
28697;8286;101;5;44.35;0
28698;8286;111;7;34.02;0
28699;8286;107;5;77.21;0
28700;8286;104;9;4.07;0
28701;8286;118;9;11.11;0
28702;8286;109;2;14.81;0
28703;8287;110;6;87.41;0
28704;8287;108;5;11.73;0
28705;8287;106;2;93.64;0
28706;8287;107;7;77.21;0
28707;8288;107;3;77.21;0
28708;8288;110;10;87.41;0
28709;8288;117;7;94.29;0
28710;8288;116;6;31.81;0
28711;8288;108;6;11.73;0
28712;8288;103;3;93.05;0
28713;8289;110;3;87.41;3
28714;8289;107;8;77.21;0
28715;8289;113;6;85.64;0
28716;8289;115;3;21.03;0
28717;8289;104;5;4.07;0
28718;8290;117;10;94.29;0
28719;8290;105;4;86.64;0
28720;8290;102;6;16.63;0
28721;8291;118;7;11.11;0
28722;8291;102;2;16.63;0
28723;8291;112;10;11.48;0
28724;8292;113;7;85.64;0
28725;8292;116;6;31.81;0
28726;8292;117;5;94.29;4
28727;8292;107;7;77.21;0
28728;8293;118;5;11.11;0
28729;8293;104;5;4.07;0
28730;8293;101;1;44.35;0
28731;8293;112;8;11.48;0
28732;8293;108;6;11.73;0
28733;8293;111;10;34.02;0
28734;8294;103;3;93.05;0
28735;8294;114;6;31.92;0
28736;8294;111;9;34.02;0
28737;8294;102;9;16.63;0
28738;8295;105;10;86.64;0
28739;8295;114;1;31.92;0
28740;8295;116;4;31.81;0
28741;8295;110;10;87.41;0
28742;8295;118;3;11.11;0
28743;8296;110;4;87.41;0
28744;8296;106;8;93.64;0
28745;8296;108;5;11.73;1
28746;8296;109;8;14.81;0
28747;8296;117;2;94.29;0
28748;8297;109;5;14.81;0
28749;8297;115;3;21.03;0
28750;8298;116;9;31.81;0
28751;8298;105;8;86.64;0
28752;8299;102;7;16.63;0
28753;8299;113;10;85.64;0
28754;8299;105;7;86.64;0
28755;8299;101;10;44.35;0
28756;8300;105;6;86.64;0
28757;8300;113;7;85.64;0
28758;8300;118;6;11.11;0
28759;8300;115;8;21.03;0
28760;8301;110;9;87.41;0
28761;8301;108;10;11.73;0
28762;8301;118;6;11.11;0
28763;8302;101;1;44.35;0
28764;8302;114;3;31.92;0
28765;8303;102;4;16.63;0
28766;8303;101;9;44.35;5
28767;8304;103;5;93.05;0
28768;8304;110;5;87.41;0
28769;8304;101;3;44.35;0
28770;8304;106;10;93.64;0
28771;8305;115;3;21.03;0
28772;8305;107;3;77.21;3
28773;8305;103;10;93.05;6
28774;8305;118;10;11.11;0
28775;8305;114;2;31.92;0
28776;8305;108;2;11.73;0
28777;8306;113;6;85.64;0
28778;8306;103;8;93.05;0
28779;8306;117;10;94.29;0
28780;8307;103;7;93.05;0
28781;8307;111;7;34.02;0
28782;8308;106;5;93.64;0
28783;8308;104;2;4.07;0
28784;8308;101;1;44.35;0
28785;8309;118;2;11.11;0
28786;8310;106;6;93.64;0
28787;8310;117;4;94.29;0
28788;8310;105;2;86.64;0
28789;8310;111;6;34.02;0
28790;8311;112;10;11.48;0
28791;8311;116;4;31.81;0
28792;8311;105;1;86.64;0
28793;8311;111;2;34.02;0
28794;8311;118;5;11.11;0
28795;8312;104;4;4.07;0
28796;8312;109;5;14.81;0
28797;8312;118;8;11.11;0
28798;8313;116;4;31.81;0
28799;8313;117;8;94.29;0
28800;8313;110;3;87.41;0
28801;8313;112;2;11.48;0
28802;8313;113;2;85.64;0
28803;8314;105;4;86.64;0
28804;8314;117;9;94.29;0
28805;8314;110;5;87.41;0
28806;8314;102;3;16.63;0
28807;8314;108;2;11.73;0
28808;8315;110;5;87.41;0
28809;8315;114;2;31.92;0
28810;8315;103;8;93.05;0
28811;8315;105;10;86.64;0
28812;8316;116;1;31.81;0
28813;8316;109;1;14.81;0
28814;8316;105;10;86.64;0
28815;8317;114;9;31.92;0
28816;8317;118;3;11.11;0
28817;8318;105;7;86.64;0
28818;8318;113;6;85.64;0
28819;8318;102;6;16.63;0
28820;8318;114;9;31.92;0
28821;8318;101;3;44.35;0
28822;8319;109;2;14.81;0
28823;8319;114;6;31.92;0
28824;8319;116;10;31.81;0
28825;8319;101;2;44.35;0
28826;8319;113;2;85.64;0
28827;8319;111;5;34.02;0
28828;8320;115;7;21.03;7
28829;8320;118;4;11.11;0
28830;8320;108;3;11.73;0
28831;8320;113;5;85.64;0
28832;8321;112;10;11.48;0
28833;8321;103;6;93.05;0
28834;8322;108;4;11.73;0
28835;8322;111;7;34.02;0
28836;8322;117;8;94.29;0
28837;8323;115;4;21.03;0
28838;8323;117;1;94.29;0
28839;8323;102;7;16.63;0
28840;8323;110;8;87.41;0
28841;8323;118;7;11.11;0
28842;8323;106;3;93.64;0
28843;8324;103;7;93.05;0
28844;8325;118;4;11.11;0
28845;8326;118;3;11.11;0
28846;8327;118;7;11.11;0
28847;8327;101;2;44.35;0
28848;8327;105;8;86.64;0
28849;8327;103;7;93.05;0
28850;8327;116;5;31.81;0
28851;8327;111;10;34.02;0
28852;8328;104;10;4.07;0
28853;8328;117;10;94.29;0
28854;8328;113;2;85.64;0
28855;8328;102;10;16.63;0
28856;8329;106;9;93.64;0
28857;8329;114;8;31.92;0
28858;8330;108;10;11.73;0
28859;8330;101;2;44.35;0
28860;8330;106;3;93.64;0
28861;8330;104;2;4.07;0
28862;8330;107;10;77.21;0
28863;8331;113;10;85.64;0
28864;8331;116;2;31.81;0
28865;8331;118;9;11.11;0
28866;8331;106;2;93.64;0
28867;8331;115;5;21.03;0
28868;8331;101;3;44.35;0
28869;8332;110;10;87.41;0
28870;8332;113;10;85.64;0
28871;8332;111;6;34.02;0
28872;8332;107;3;77.21;0
28873;8332;103;1;93.05;0
28874;8332;102;3;16.63;0
28875;8333;113;10;85.64;0
28876;8334;111;7;34.02;0
28877;8334;114;7;31.92;0
28878;8334;116;4;31.81;0
28879;8334;110;4;87.41;0
28880;8334;113;6;85.64;0
28881;8335;110;2;87.41;0
28882;8335;112;5;11.48;0
28883;8335;102;1;16.63;0
28884;8336;109;2;14.81;0
28885;8337;104;9;4.07;0
28886;8338;101;4;44.35;0
28887;8338;110;3;87.41;2
28888;8338;117;2;94.29;0
28889;8338;107;4;77.21;0
28890;8338;102;8;16.63;0
28891;8339;116;6;31.81;0
28892;8339;115;8;21.03;0
28893;8339;114;4;31.92;0
28894;8339;101;3;44.35;0
28895;8340;107;2;77.21;0
28896;8340;110;1;87.41;0
28897;8340;105;1;86.64;0
28898;8340;103;6;93.05;0
28899;8341;101;7;44.35;0
28900;8341;116;4;31.81;0
28901;8341;111;1;34.02;0
28902;8341;109;1;14.81;0
28903;8341;104;7;4.07;0
28904;8341;108;1;11.73;0
28905;8342;116;2;31.81;0
28906;8342;117;4;94.29;0
28907;8342;109;4;14.81;0
28908;8342;108;3;11.73;0
28909;8342;103;2;93.05;0
28910;8342;105;3;86.64;0
28911;8343;114;6;31.92;0
28912;8343;111;5;34.02;0
28913;8343;117;5;94.29;0
28914;8343;107;1;77.21;0
28915;8344;103;7;93.05;0
28916;8344;101;10;44.35;0
28917;8344;104;5;4.07;0
28918;8344;113;2;85.64;0
28919;8344;116;4;31.81;2
28920;8344;108;2;11.73;0
28921;8345;105;2;86.64;0
28922;8345;104;3;4.07;0
28923;8345;102;8;16.63;0
28924;8346;110;8;87.41;0
28925;8346;116;1;31.81;1
28926;8347;109;2;14.81;0
28927;8347;113;7;85.64;0
28928;8347;117;10;94.29;0
28929;8347;106;2;93.64;0
28930;8348;110;8;87.41;0
28931;8349;114;3;31.92;0
28932;8350;117;5;94.29;0
28933;8350;114;1;31.92;0
28934;8351;101;2;44.35;0
28935;8351;111;3;34.02;0
28936;8351;103;3;93.05;0
28937;8352;115;10;21.03;0
28938;8352;109;2;14.81;0
28939;8352;102;2;16.63;0
28940;8352;104;7;4.07;0
28941;8353;106;4;93.64;0
28942;8353;105;2;86.64;0
28943;8353;114;6;31.92;2
28944;8354;113;10;85.64;0
28945;8354;101;1;44.35;0
28946;8354;106;9;93.64;0
28947;8354;103;4;93.05;0
28948;8354;112;7;11.48;0
28949;8355;105;4;86.64;0
28950;8355;114;7;31.92;0
28951;8355;111;4;34.02;0
28952;8356;118;9;11.11;0
28953;8356;110;4;87.41;0
28954;8357;102;10;16.63;0
28955;8357;110;10;87.41;0
28956;8357;103;3;93.05;0
28957;8358;108;7;11.73;0
28958;8358;112;2;11.48;0
28959;8359;107;3;77.21;0
28960;8359;116;8;31.81;0
28961;8359;111;7;34.02;0
28962;8359;117;6;94.29;3
28963;8359;101;1;44.35;0
28964;8359;102;6;16.63;0
28965;8360;115;6;21.03;0
28966;8360;105;9;86.64;0
28967;8360;104;6;4.07;0
28968;8360;113;4;85.64;0
28969;8361;118;8;11.11;0
28970;8361;104;1;4.07;0
28971;8361;106;3;93.64;0
28972;8361;111;2;34.02;0
28973;8361;103;1;93.05;0
28974;8361;105;7;86.64;0
28975;8362;102;4;16.63;0
28976;8362;115;7;21.03;0
28977;8362;113;7;85.64;0
28978;8363;115;3;21.03;0
28979;8363;103;2;93.05;0
28980;8363;101;5;44.35;0
28981;8363;108;4;11.73;0
28982;8364;111;2;34.02;0
28983;8364;103;8;93.05;0
28984;8365;109;3;14.81;2
28985;8365;105;3;86.64;0
28986;8366;102;7;16.63;0
28987;8366;109;2;14.81;0
28988;8366;118;4;11.11;0
28989;8366;106;8;93.64;3
28990;8366;115;9;21.03;0
28991;8366;103;8;93.05;0
28992;8367;116;5;31.81;0
28993;8368;116;4;31.81;0
28994;8368;103;3;93.05;0
28995;8368;105;5;86.64;0
28996;8368;104;10;4.07;0
28997;8369;111;4;34.02;0
28998;8369;102;1;16.63;0
28999;8369;109;3;14.81;0
29000;8370;109;10;14.81;0
29001;8370;105;2;86.64;0
29002;8370;114;4;31.92;0
29003;8370;104;7;4.07;6
29004;8370;108;1;11.73;0
29005;8371;102;4;16.63;0
29006;8371;112;5;11.48;0
29007;8371;107;3;77.21;0
29008;8371;118;9;11.11;0
29009;8371;106;10;93.64;0
29010;8371;109;5;14.81;0
29011;8372;114;7;31.92;0
29012;8372;112;1;11.48;0
29013;8373;117;3;94.29;0
29014;8373;116;10;31.81;0
29015;8373;104;8;4.07;0
29016;8373;107;9;77.21;0
29017;8373;105;4;86.64;0
29018;8373;109;2;14.81;0
29019;8374;117;7;94.29;0
29020;8374;110;2;87.41;0
29021;8374;105;3;86.64;0
29022;8375;116;7;31.81;0
29023;8375;105;8;86.64;0
29024;8376;117;10;94.29;0
29025;8376;107;2;77.21;0
29026;8376;112;9;11.48;0
29027;8376;118;2;11.11;0
29028;8376;114;5;31.92;0
29029;8376;101;3;44.35;0
29030;8377;103;9;93.05;0
29031;8378;114;7;31.92;0
29032;8378;102;8;16.63;0
29033;8378;112;9;11.48;0
29034;8378;105;4;86.64;0
29035;8379;117;5;94.29;0
29036;8379;116;7;31.81;0
29037;8379;105;6;86.64;0
29038;8380;101;2;44.35;0
29039;8380;106;4;93.64;0
29040;8381;116;1;31.81;0
29041;8381;107;1;77.21;0
29042;8381;103;6;93.05;0
29043;8381;110;6;87.41;0
29044;8381;102;1;16.63;0
29045;8382;105;4;86.64;0
29046;8382;109;8;14.81;0
29047;8383;117;8;94.29;0
29048;8383;111;2;34.02;0
29049;8384;112;9;11.48;0
29050;8384;115;9;21.03;4
29051;8384;111;3;34.02;0
29052;8385;110;8;87.41;0
29053;8385;106;8;93.64;2
29054;8386;114;4;31.92;0
29055;8386;113;4;85.64;2
29056;8386;104;5;4.07;0
29057;8386;105;5;86.64;0
29058;8386;102;8;16.63;0
29059;8386;103;8;93.05;0
29060;8387;104;8;4.07;0
29061;8387;107;2;77.21;0
29062;8387;115;4;21.03;0
29063;8387;105;1;86.64;0
29064;8387;114;3;31.92;0
29065;8387;116;10;31.81;0
29066;8388;108;3;11.73;0
29067;8388;102;2;16.63;0
29068;8388;118;8;11.11;0
29069;8388;101;3;44.35;0
29070;8388;113;4;85.64;0
29071;8388;116;2;31.81;1
29072;8389;102;10;16.63;8
29073;8389;103;7;93.05;0
29074;8390;108;5;11.73;0
29075;8390;113;8;85.64;0
29076;8390;103;8;93.05;0
29077;8390;112;2;11.48;0
29078;8390;115;2;21.03;0
29079;8391;113;10;85.64;0
29080;8392;118;10;11.11;0
29081;8392;117;4;94.29;0
29082;8393;117;7;94.29;0
29083;8393;107;8;77.21;0
29084;8393;108;3;11.73;0
29085;8393;101;9;44.35;0
29086;8393;106;5;93.64;0
29087;8393;109;7;14.81;0
29088;8394;118;8;11.11;0
29089;8394;101;2;44.35;0
29090;8394;104;1;4.07;0
29091;8394;112;1;11.48;0
29092;8394;117;2;94.29;0
29093;8394;109;4;14.81;0
29094;8395;106;6;93.64;0
29095;8395;109;1;14.81;0
29096;8396;101;9;44.35;0
29097;8396;117;4;94.29;0
29098;8396;108;8;11.73;0
29099;8397;104;9;4.07;0
29100;8397;110;8;87.41;0
29101;8397;107;1;77.21;0
29102;8397;115;7;21.03;0
29103;8397;105;10;86.64;0
29104;8398;104;4;4.07;0
29105;8398;112;8;11.48;0
29106;8398;110;1;87.41;0
29107;8398;116;2;31.81;0
29108;8399;109;1;14.81;0
29109;8399;103;2;93.05;0
29110;8399;112;7;11.48;0
29111;8399;102;5;16.63;0
29112;8400;115;4;21.03;0
29113;8401;113;5;85.64;0
29114;8401;112;9;11.48;0
29115;8401;116;2;31.81;0
29116;8401;105;7;86.64;0
29117;8401;107;7;77.21;0
29118;8401;110;1;87.41;0
29119;8402;107;6;77.21;0
29120;8402;114;2;31.92;0
29121;8402;110;8;87.41;0
29122;8402;104;5;4.07;0
29123;8402;102;6;16.63;0
29124;8403;113;3;85.64;0
29125;8403;107;5;77.21;0
29126;8404;107;5;77.21;0
29127;8404;117;7;94.29;0
29128;8404;104;3;4.07;0
29129;8404;110;1;87.41;0
29130;8404;103;6;93.05;0
29131;8404;113;10;85.64;0
29132;8405;103;5;93.05;0
29133;8406;104;7;4.07;0
29134;8406;107;10;77.21;0
29135;8407;107;10;77.21;0
29136;8407;108;10;11.73;0
29137;8407;102;5;16.63;0
29138;8407;117;7;94.29;0
29139;8407;103;5;93.05;0
29140;8408;101;7;44.35;0
29141;8408;116;3;31.81;0
29142;8409;114;2;31.92;0
29143;8409;113;9;85.64;0
29144;8409;103;4;93.05;0
29145;8409;108;2;11.73;0
29146;8410;102;10;16.63;0
29147;8410;118;6;11.11;0
29148;8410;108;1;11.73;0
29149;8410;105;5;86.64;0
29150;8410;116;4;31.81;0
29151;8410;109;8;14.81;0
29152;8411;112;2;11.48;0
29153;8411;116;8;31.81;0
29154;8412;112;1;11.48;0
29155;8412;113;7;85.64;0
29156;8412;105;9;86.64;0
29157;8412;109;2;14.81;0
29158;8413;101;10;44.35;0
29159;8414;111;6;34.02;0
29160;8414;103;7;93.05;0
29161;8415;110;2;87.41;0
29162;8415;106;1;93.64;0
29163;8416;117;6;94.29;0
29164;8416;110;8;87.41;0
29165;8416;106;9;93.64;0
29166;8417;109;3;14.81;0
29167;8417;107;1;77.21;0
29168;8418;104;3;4.07;0
29169;8418;106;1;93.64;0
29170;8418;118;8;11.11;0
29171;8418;101;4;44.35;0
29172;8419;113;2;85.64;0
29173;8419;106;1;93.64;0
29174;8419;102;3;16.63;0
29175;8419;101;3;44.35;0
29176;8420;104;4;4.07;0
29177;8420;113;8;85.64;0
29178;8420;114;6;31.92;0
29179;8420;102;2;16.63;0
29180;8420;105;2;86.64;0
29181;8420;108;7;11.73;0
29182;8421;115;1;21.03;0
29183;8421;112;4;11.48;0
29184;8421;102;2;16.63;0
29185;8421;101;2;44.35;0
29186;8421;103;10;93.05;0
29187;8421;110;8;87.41;0
29188;8422;108;2;11.73;0
29189;8422;111;8;34.02;0
29190;8423;109;6;14.81;0
29191;8423;106;2;93.64;0
29192;8423;108;3;11.73;0
29193;8424;118;2;11.11;0
29194;8424;116;2;31.81;0
29195;8424;104;1;4.07;0
29196;8424;105;5;86.64;0
29197;8424;114;4;31.92;0
29198;8424;115;10;21.03;0
29199;8425;116;5;31.81;0
29200;8425;113;3;85.64;0
29201;8425;117;1;94.29;0
29202;8426;115;6;21.03;0
29203;8426;110;2;87.41;0
29204;8426;118;8;11.11;0
29205;8426;108;1;11.73;0
29206;8426;106;3;93.64;0
29207;8427;115;4;21.03;0
29208;8427;114;5;31.92;0
29209;8427;111;8;34.02;0
29210;8427;106;3;93.64;0
29211;8427;118;5;11.11;0
29212;8427;113;8;85.64;0
29213;8428;108;3;11.73;0
29214;8428;102;1;16.63;0
29215;8428;101;3;44.35;0
29216;8429;109;5;14.81;0
29217;8429;116;10;31.81;0
29218;8429;111;6;34.02;0
29219;8430;110;1;87.41;0
29220;8431;102;1;16.63;0
29221;8431;110;1;87.41;0
29222;8431;112;6;11.48;0
29223;8431;109;7;14.81;0
29224;8432;109;9;14.81;0
29225;8432;103;6;93.05;0
29226;8432;114;9;31.92;0
29227;8432;116;4;31.81;0
29228;8432;107;10;77.21;0
29229;8432;102;5;16.63;0
29230;8433;111;5;34.02;0
29231;8434;108;6;11.73;0
29232;8435;116;9;31.81;0
29233;8435;105;8;86.64;1
29234;8436;102;5;16.63;0
29235;8436;114;4;31.92;0
29236;8436;106;8;93.64;0
29237;8437;105;8;86.64;0
29238;8437;101;4;44.35;4
29239;8437;109;8;14.81;0
29240;8438;105;3;86.64;0
29241;8438;112;6;11.48;0
29242;8438;109;7;14.81;0
29243;8439;107;8;77.21;0
29244;8439;116;9;31.81;0
29245;8439;102;10;16.63;0
29246;8439;115;4;21.03;0
29247;8439;112;9;11.48;0
29248;8439;110;1;87.41;0
29249;8440;117;5;94.29;0
29250;8441;107;4;77.21;0
29251;8441;101;7;44.35;0
29252;8441;103;7;93.05;0
29253;8441;117;10;94.29;0
29254;8442;108;10;11.73;0
29255;8442;113;7;85.64;0
29256;8442;112;10;11.48;0
29257;8442;109;6;14.81;0
29258;8442;101;6;44.35;0
29259;8443;101;8;44.35;0
29260;8443;114;2;31.92;0
29261;8443;111;10;34.02;0
29262;8444;112;1;11.48;0
29263;8444;111;2;34.02;2
29264;8445;104;1;4.07;0
29265;8445;108;8;11.73;0
29266;8446;118;7;11.11;0
29267;8446;103;8;93.05;0
29268;8446;114;10;31.92;0
29269;8446;109;10;14.81;0
29270;8446;108;1;11.73;0
29271;8447;107;3;77.21;0
29272;8447;110;2;87.41;0
29273;8447;109;7;14.81;0
29274;8447;118;10;11.11;0
29275;8447;106;7;93.64;0
29276;8448;105;4;86.64;0
29277;8449;107;1;77.21;0
29278;8449;104;10;4.07;0
29279;8450;102;6;16.63;0
29280;8450;101;4;44.35;0
29281;8450;114;2;31.92;0
29282;8450;115;4;21.03;0
29283;8450;103;3;93.05;0
29284;8451;109;5;14.81;0
29285;8451;102;7;16.63;0
29286;8452;112;3;11.48;0
29287;8452;117;10;94.29;0
29288;8452;105;2;86.64;0
29289;8452;114;8;31.92;0
29290;8453;107;7;77.21;0
29291;8454;112;9;11.48;0
29292;8454;107;9;77.21;0
29293;8455;105;9;86.64;0
29294;8455;107;8;77.21;0
29295;8455;116;10;31.81;0
29296;8455;117;7;94.29;0
29297;8455;113;8;85.64;0
29298;8455;110;9;87.41;0
29299;8456;102;4;16.63;0
29300;8456;112;6;11.48;0
29301;8456;103;8;93.05;0
29302;8456;118;1;11.11;0
29303;8456;115;8;21.03;0
29304;8456;101;9;44.35;0
29305;8457;114;4;31.92;0
29306;8457;112;10;11.48;0
29307;8457;111;7;34.02;0
29308;8457;109;3;14.81;0
29309;8457;115;1;21.03;0
29310;8457;105;1;86.64;0
29311;8458;106;2;93.64;0
29312;8458;103;9;93.05;0
29313;8458;114;9;31.92;0
29314;8458;102;10;16.63;0
29315;8458;110;9;87.41;0
29316;8459;106;7;93.64;0
29317;8459;107;6;77.21;0
29318;8459;111;3;34.02;0
29319;8459;108;9;11.73;0
29320;8459;110;2;87.41;0
29321;8459;117;7;94.29;0
29322;8460;107;9;77.21;0
29323;8460;108;6;11.73;0
29324;8460;101;1;44.35;0
29325;8461;112;6;11.48;0
29326;8461;114;5;31.92;0
29327;8461;106;6;93.64;0
29328;8462;103;2;93.05;1
29329;8463;104;6;4.07;2
29330;8463;117;4;94.29;0
29331;8463;106;4;93.64;0
29332;8464;106;4;93.64;0
29333;8464;116;2;31.81;0
29334;8464;104;5;4.07;0
29335;8464;103;1;93.05;0
29336;8465;113;6;85.64;0
29337;8465;115;3;21.03;0
29338;8465;112;7;11.48;0
29339;8466;115;10;21.03;0
29340;8466;112;1;11.48;0
29341;8466;116;5;31.81;0
29342;8466;111;3;34.02;0
29343;8466;104;6;4.07;0
29344;8467;116;7;31.81;0
29345;8467;114;4;31.92;0
29346;8467;115;8;21.03;0
29347;8467;108;3;11.73;0
29348;8467;106;3;93.64;0
29349;8467;117;2;94.29;0
29350;8468;107;10;77.21;0
29351;8469;107;1;77.21;0
29352;8469;108;3;11.73;3
29353;8470;106;2;93.64;0
29354;8470;103;7;93.05;4
29355;8471;108;5;11.73;0
29356;8471;113;8;85.64;0
29357;8472;107;2;77.21;0
29358;8472;110;9;87.41;0
29359;8472;106;4;93.64;0
29360;8473;113;2;85.64;0
29361;8473;112;5;11.48;0
29362;8473;117;4;94.29;0
29363;8473;110;2;87.41;0
29364;8473;111;10;34.02;0
29365;8474;106;8;93.64;0
29366;8474;105;1;86.64;0
29367;8474;108;2;11.73;1
29368;8474;103;9;93.05;0
29369;8474;109;3;14.81;0
29370;8474;111;4;34.02;0
29371;8475;102;10;16.63;0
29372;8475;113;5;85.64;0
29373;8475;110;3;87.41;0
29374;8476;117;1;94.29;0
29375;8476;115;3;21.03;0
29376;8476;109;5;14.81;0
29377;8477;112;9;11.48;0
29378;8477;101;3;44.35;0
29379;8477;117;10;94.29;0
29380;8477;116;5;31.81;0
29381;8477;105;9;86.64;0
29382;8477;114;5;31.92;0
29383;8478;107;2;77.21;0
29384;8478;113;7;85.64;0
29385;8478;108;10;11.73;0
29386;8479;115;3;21.03;0
29387;8480;110;7;87.41;0
29388;8480;103;1;93.05;0
29389;8480;118;8;11.11;0
29390;8480;102;10;16.63;0
29391;8481;113;6;85.64;0
29392;8482;113;2;85.64;0
29393;8482;105;3;86.64;0
29394;8482;103;4;93.05;0
29395;8482;110;4;87.41;0
29396;8483;118;9;11.11;0
29397;8483;106;3;93.64;0
29398;8483;116;2;31.81;0
29399;8483;105;1;86.64;0
29400;8484;101;8;44.35;0
29401;8485;105;7;86.64;0
29402;8485;107;8;77.21;0
29403;8486;117;6;94.29;0
29404;8486;102;5;16.63;0
29405;8486;110;7;87.41;0
29406;8487;110;10;87.41;0
29407;8487;117;1;94.29;0
29408;8487;115;8;21.03;0
29409;8487;112;9;11.48;0
29410;8487;106;9;93.64;0
29411;8488;104;2;4.07;0
29412;8488;114;7;31.92;0
29413;8488;113;2;85.64;1
29414;8488;109;4;14.81;0
29415;8489;109;4;14.81;0
29416;8489;101;6;44.35;0
29417;8489;116;5;31.81;0
29418;8489;112;2;11.48;0
29419;8489;117;3;94.29;0
29420;8490;115;9;21.03;3
29421;8490;104;10;4.07;0
29422;8490;112;4;11.48;0
29423;8490;116;4;31.81;0
29424;8491;106;5;93.64;0
29425;8491;111;8;34.02;0
29426;8491;107;7;77.21;0
29427;8491;116;1;31.81;0
29428;8491;109;5;14.81;0
29429;8491;114;6;31.92;0
29430;8492;110;9;87.41;0
29431;8492;112;6;11.48;0
29432;8492;106;4;93.64;0
29433;8492;101;6;44.35;0
29434;8492;111;8;34.02;0
29435;8492;117;8;94.29;0
29436;8493;104;9;4.07;0
29437;8493;115;6;21.03;6
29438;8493;101;2;44.35;0
29439;8493;114;6;31.92;0
29440;8493;103;8;93.05;0
29441;8493;111;10;34.02;0
29442;8494;113;8;85.64;0
29443;8495;117;8;94.29;0
29444;8495;107;7;77.21;0
29445;8495;105;10;86.64;0
29446;8495;113;8;85.64;0
29447;8495;104;4;4.07;0
29448;8496;103;1;93.05;0
29449;8496;109;4;14.81;0
29450;8496;112;9;11.48;0
29451;8496;107;10;77.21;0
29452;8497;110;5;87.41;0
29453;8497;114;8;31.92;0
29454;8498;104;2;4.07;0
29455;8498;105;7;86.64;0
29456;8498;101;7;44.35;0
29457;8498;117;6;94.29;0
29458;8498;111;10;34.02;0
29459;8498;118;7;11.11;0
29460;8499;104;3;4.07;0
29461;8500;108;4;11.73;0
29462;8500;101;4;44.35;0
29463;8500;106;9;93.64;0
29464;8500;112;7;11.48;0
29465;8500;104;3;4.07;0
29466;8501;110;2;87.41;0
29467;8501;112;3;11.48;0
29468;8501;107;2;77.21;0
29469;8502;108;3;11.73;0
29470;8502;118;6;11.11;0
29471;8502;112;7;11.48;0
29472;8502;113;1;85.64;0
29473;8502;106;4;93.64;0
29474;8502;111;8;34.02;0
29475;8503;101;3;44.35;0
29476;8503;108;8;11.73;8
29477;8504;101;4;44.35;0
29478;8504;103;7;93.05;0
29479;8504;112;5;11.48;0
29480;8505;107;8;77.21;0
29481;8506;103;7;93.05;0
29482;8506;107;7;77.21;0
29483;8506;114;1;31.92;0
29484;8506;118;2;11.11;0
29485;8507;117;4;94.29;0
29486;8507;108;6;11.73;0
29487;8507;116;2;31.81;0
29488;8507;114;8;31.92;0
29489;8508;116;1;31.81;0
29490;8508;112;5;11.48;0
29491;8508;110;8;87.41;0
29492;8509;108;9;11.73;0
29493;8509;117;9;94.29;0
29494;8509;110;6;87.41;0
29495;8509;105;4;86.64;0
29496;8509;115;2;21.03;0
29497;8510;116;5;31.81;0
29498;8510;105;7;86.64;0
29499;8510;102;7;16.63;0
29500;8510;110;10;87.41;0
29501;8510;109;7;14.81;0
29502;8510;115;4;21.03;0
29503;8511;109;2;14.81;0
29504;8511;103;9;93.05;0
29505;8511;117;9;94.29;0
29506;8511;118;8;11.11;0
29507;8511;101;6;44.35;0
29508;8512;115;6;21.03;0
29509;8512;102;4;16.63;0
29510;8512;104;3;4.07;0
29511;8512;107;2;77.21;0
29512;8512;105;2;86.64;0
29513;8512;108;6;11.73;0
29514;8513;109;1;14.81;0
29515;8513;106;6;93.64;0
29516;8513;105;1;86.64;0
29517;8513;108;7;11.73;0
29518;8513;114;5;31.92;0
29519;8513;111;4;34.02;0
29520;8514;105;5;86.64;0
29521;8514;116;10;31.81;0
29522;8514;117;5;94.29;0
29523;8515;108;3;11.73;0
29524;8516;116;4;31.81;0
29525;8516;104;4;4.07;0
29526;8516;110;9;87.41;0
29527;8516;117;1;94.29;0
29528;8517;118;6;11.11;0
29529;8517;107;4;77.21;0
29530;8517;109;3;14.81;0
29531;8517;108;10;11.73;0
29532;8517;101;8;44.35;0
29533;8518;106;4;93.64;0
29534;8518;116;1;31.81;0
29535;8518;112;8;11.48;0
29536;8518;114;9;31.92;0
29537;8518;111;9;34.02;5
29538;8519;103;2;93.05;0
29539;8519;101;1;44.35;0
29540;8519;113;1;85.64;0
29541;8520;102;10;16.63;0
29542;8520;107;1;77.21;0
29543;8520;109;2;14.81;1
29544;8520;114;10;31.92;9
29545;8521;117;1;94.29;1
29546;8521;115;7;21.03;0
29547;8521;118;6;11.11;0
29548;8521;107;5;77.21;0
29549;8522;104;1;4.07;0
29550;8522;114;2;31.92;0
29551;8522;118;1;11.11;0
29552;8522;112;5;11.48;0
29553;8522;105;1;86.64;0
29554;8523;106;2;93.64;0
29555;8523;112;3;11.48;0
29556;8523;105;2;86.64;0
29557;8523;103;4;93.05;0
29558;8523;109;7;14.81;0
29559;8524;111;7;34.02;0
29560;8524;112;10;11.48;0
29561;8525;117;3;94.29;0
29562;8525;115;3;21.03;0
29563;8525;109;4;14.81;0
29564;8525;114;1;31.92;0
29565;8526;102;10;16.63;0
29566;8527;116;9;31.81;0
29567;8527;117;1;94.29;0
29568;8527;112;1;11.48;0
29569;8527;115;9;21.03;0
29570;8527;106;10;93.64;0
29571;8528;109;5;14.81;0
29572;8528;103;2;93.05;0
29573;8528;102;5;16.63;0
29574;8529;108;6;11.73;0
29575;8530;116;3;31.81;0
29576;8530;114;1;31.92;0
29577;8530;107;7;77.21;0
29578;8530;108;2;11.73;0
29579;8530;118;8;11.11;0
29580;8530;115;1;21.03;0
29581;8531;102;10;16.63;0
29582;8531;104;4;4.07;0
29583;8531;118;9;11.11;0
29584;8532;113;10;85.64;0
29585;8533;101;1;44.35;0
29586;8533;105;8;86.64;0
29587;8533;114;10;31.92;2
29588;8533;112;4;11.48;0
29589;8534;109;4;14.81;0
29590;8534;110;8;87.41;0
29591;8535;104;8;4.07;0
29592;8535;107;8;77.21;0
29593;8536;102;7;16.63;0
29594;8536;107;9;77.21;0
29595;8536;109;8;14.81;0
29596;8536;108;2;11.73;0
29597;8536;106;10;93.64;0
29598;8537;106;1;93.64;0
29599;8537;111;1;34.02;0
29600;8537;109;3;14.81;0
29601;8537;105;10;86.64;0
29602;8537;107;5;77.21;5
29603;8537;113;7;85.64;0
29604;8538;102;3;16.63;0
29605;8538;105;7;86.64;0
29606;8538;112;10;11.48;0
29607;8538;104;9;4.07;0
29608;8539;115;7;21.03;0
29609;8539;107;6;77.21;0
29610;8539;109;10;14.81;0
29611;8539;105;8;86.64;0
29612;8540;101;8;44.35;0
29613;8540;112;10;11.48;0
29614;8540;104;4;4.07;0
29615;8540;110;3;87.41;0
29616;8540;102;3;16.63;0
29617;8540;105;7;86.64;0
29618;8541;107;4;77.21;0
29619;8542;101;5;44.35;0
29620;8543;110;1;87.41;0
29621;8543;101;9;44.35;0
29622;8543;108;7;11.73;0
29623;8543;103;1;93.05;0
29624;8543;111;2;34.02;0
29625;8544;110;6;87.41;0
29626;8544;106;10;93.64;0
29627;8544;117;3;94.29;1
29628;8544;114;7;31.92;0
29629;8544;111;4;34.02;0
29630;8545;101;8;44.35;0
29631;8546;111;3;34.02;0
29632;8546;104;6;4.07;0
29633;8546;113;8;85.64;0
29634;8547;105;2;86.64;0
29635;8548;105;8;86.64;0
29636;8549;118;1;11.11;0
29637;8549;105;7;86.64;0
29638;8549;113;1;85.64;0
29639;8550;102;7;16.63;0
29640;8550;115;1;21.03;0
29641;8550;104;10;4.07;0
29642;8550;109;9;14.81;0
29643;8550;112;9;11.48;0
29644;8551;112;2;11.48;2
29645;8551;111;10;34.02;0
29646;8552;102;1;16.63;0
29647;8553;114;7;31.92;0
29648;8553;106;3;93.64;0
29649;8553;109;10;14.81;0
29650;8553;102;7;16.63;0
29651;8553;110;9;87.41;0
29652;8554;106;9;93.64;0
29653;8554;114;3;31.92;0
29654;8554;105;9;86.64;0
29655;8554;107;8;77.21;0
29656;8554;101;9;44.35;0
29657;8555;101;7;44.35;0
29658;8555;116;1;31.81;0
29659;8555;108;5;11.73;0
29660;8555;105;10;86.64;0
29661;8555;113;10;85.64;0
29662;8555;104;5;4.07;0
29663;8556;115;2;21.03;0
29664;8556;114;7;31.92;0
29665;8556;104;5;4.07;0
29666;8556;110;9;87.41;0
29667;8556;107;10;77.21;0
29668;8557;110;1;87.41;0
29669;8557;111;5;34.02;0
29670;8557;115;1;21.03;0
29671;8557;114;9;31.92;0
29672;8557;116;10;31.81;0
29673;8558;114;9;31.92;0
29674;8559;106;4;93.64;0
29675;8559;116;9;31.81;0
29676;8559;107;6;77.21;0
29677;8560;114;2;31.92;0
29678;8560;113;2;85.64;0
29679;8561;107;9;77.21;0
29680;8561;117;6;94.29;0
29681;8562;111;10;34.02;0
29682;8562;115;7;21.03;0
29683;8562;109;5;14.81;0
29684;8562;112;10;11.48;0
29685;8562;116;1;31.81;0
29686;8562;102;6;16.63;0
29687;8563;109;10;14.81;0
29688;8563;111;6;34.02;0
29689;8563;101;1;44.35;0
29690;8563;102;7;16.63;0
29691;8563;104;10;4.07;0
29692;8563;106;5;93.64;0
29693;8564;106;1;93.64;0
29694;8564;103;3;93.05;0
29695;8564;105;7;86.64;0
29696;8564;102;7;16.63;0
29697;8564;113;1;85.64;0
29698;8564;114;9;31.92;0
29699;8565;104;1;4.07;0
29700;8565;112;2;11.48;0
29701;8565;105;9;86.64;0
29702;8565;115;6;21.03;0
29703;8565;117;2;94.29;0
29704;8565;110;10;87.41;0
29705;8566;105;6;86.64;0
29706;8566;114;8;31.92;0
29707;8566;115;1;21.03;0
29708;8566;113;2;85.64;0
29709;8567;117;4;94.29;0
29710;8568;104;8;4.07;0
29711;8568;116;1;31.81;0
29712;8568;106;5;93.64;0
29713;8568;101;2;44.35;0
29714;8568;110;9;87.41;0
29715;8569;110;4;87.41;0
29716;8569;117;8;94.29;0
29717;8569;107;7;77.21;0
29718;8569;108;2;11.73;0
29719;8569;112;5;11.48;0
29720;8569;106;9;93.64;0
29721;8570;117;3;94.29;0
29722;8570;112;10;11.48;0
29723;8570;107;1;77.21;0
29724;8570;108;6;11.73;0
29725;8571;103;7;93.05;0
29726;8571;116;2;31.81;0
29727;8571;109;3;14.81;0
29728;8572;109;8;14.81;0
29729;8572;117;5;94.29;0
29730;8572;101;6;44.35;0
29731;8572;115;2;21.03;0
29732;8573;110;4;87.41;0
29733;8573;118;9;11.11;0
29734;8573;103;2;93.05;0
29735;8573;108;7;11.73;0
29736;8574;116;5;31.81;0
29737;8574;113;8;85.64;0
29738;8574;117;6;94.29;0
29739;8574;101;9;44.35;0
29740;8575;115;10;21.03;0
29741;8575;105;2;86.64;0
29742;8575;103;2;93.05;0
29743;8575;102;3;16.63;0
29744;8575;116;3;31.81;3
29745;8575;114;5;31.92;0
29746;8576;109;1;14.81;0
29747;8576;112;9;11.48;0
29748;8576;107;2;77.21;0
29749;8576;106;8;93.64;0
29750;8576;113;10;85.64;0
29751;8577;108;5;11.73;0
29752;8578;101;5;44.35;0
29753;8578;115;10;21.03;0
29754;8578;117;7;94.29;0
29755;8578;110;1;87.41;0
29756;8578;102;4;16.63;0
29757;8579;105;7;86.64;7
29758;8579;103;5;93.05;0
29759;8579;109;2;14.81;0
29760;8579;116;2;31.81;0
29761;8580;112;4;11.48;1
29762;8580;117;4;94.29;0
29763;8580;113;6;85.64;0
29764;8580;106;7;93.64;0
29765;8580;110;3;87.41;0
29766;8580;115;1;21.03;0
29767;8581;103;6;93.05;0
29768;8581;117;9;94.29;0
29769;8581;112;2;11.48;0
29770;8582;118;9;11.11;0
29771;8582;102;9;16.63;0
29772;8582;115;8;21.03;0
29773;8583;109;3;14.81;0
29774;8583;115;3;21.03;0
29775;8583;107;6;77.21;0
29776;8583;111;10;34.02;0
29777;8584;114;6;31.92;0
29778;8584;111;10;34.02;0
29779;8585;115;1;21.03;0
29780;8585;106;7;93.64;0
29781;8585;112;8;11.48;0
29782;8585;104;7;4.07;0
29783;8586;118;4;11.11;0
29784;8586;103;8;93.05;0
29785;8586;115;6;21.03;0
29786;8586;109;9;14.81;0
29787;8586;108;9;11.73;0
29788;8586;110;6;87.41;0
29789;8587;104;5;4.07;0
29790;8587;103;4;93.05;0
29791;8587;101;2;44.35;0
29792;8587;111;3;34.02;0
29793;8587;107;3;77.21;0
29794;8587;106;10;93.64;0
29795;8588;113;9;85.64;0
29796;8588;108;8;11.73;0
29797;8588;104;3;4.07;0
29798;8588;102;4;16.63;0
29799;8588;105;3;86.64;0
29800;8588;107;8;77.21;0
29801;8589;114;9;31.92;0
29802;8589;109;5;14.81;0
29803;8589;115;4;21.03;0
29804;8589;117;8;94.29;0
29805;8589;110;4;87.41;1
29806;8589;108;10;11.73;0
29807;8590;114;2;31.92;0
29808;8590;106;5;93.64;0
29809;8590;112;1;11.48;0
29810;8590;110;7;87.41;0
29811;8591;105;1;86.64;0
29812;8591;107;6;77.21;0
29813;8591;115;6;21.03;0
29814;8591;108;10;11.73;0
29815;8592;107;5;77.21;0
29816;8592;117;8;94.29;0
29817;8593;109;3;14.81;0
29818;8593;101;4;44.35;0
29819;8594;104;3;4.07;1
29820;8594;108;4;11.73;0
29821;8594;118;3;11.11;0
29822;8594;103;1;93.05;1
29823;8595;116;1;31.81;0
29824;8595;113;9;85.64;0
29825;8596;104;6;4.07;0
29826;8596;105;6;86.64;0
29827;8597;113;8;85.64;0
29828;8597;103;5;93.05;0
29829;8597;105;5;86.64;0
29830;8597;102;2;16.63;0
29831;8598;117;2;94.29;0
29832;8598;114;6;31.92;0
29833;8598;116;10;31.81;0
29834;8598;104;7;4.07;0
29835;8598;110;10;87.41;0
29836;8598;113;10;85.64;0
29837;8599;105;2;86.64;0
29838;8599;101;2;44.35;0
29839;8599;111;5;34.02;0
29840;8599;109;2;14.81;0
29841;8599;108;1;11.73;0
29842;8600;110;10;87.41;0
29843;8600;118;2;11.11;0
29844;8600;107;5;77.21;0
29845;8601;113;4;85.64;0
29846;8601;114;9;31.92;0
29847;8601;115;6;21.03;0
29848;8601;110;2;87.41;0
29849;8601;111;2;34.02;0
29850;8601;112;10;11.48;0
29851;8602;103;1;93.05;0
29852;8602;107;8;77.21;0
29853;8602;111;7;34.02;0
29854;8602;101;5;44.35;0
29855;8602;104;10;4.07;0
29856;8602;112;4;11.48;0
29857;8603;108;9;11.73;0
29858;8603;111;8;34.02;0
29859;8604;116;9;31.81;0
29860;8604;111;6;34.02;0
29861;8605;111;2;34.02;1
29862;8606;118;7;11.11;0
29863;8606;110;10;87.41;0
29864;8606;116;5;31.81;0
29865;8607;114;5;31.92;0
29866;8608;115;4;21.03;0
29867;8608;111;4;34.02;0
29868;8609;101;10;44.35;0
29869;8610;110;8;87.41;0
29870;8610;113;5;85.64;0
29871;8610;112;5;11.48;0
29872;8610;109;3;14.81;0
29873;8611;104;1;4.07;0
29874;8611;107;10;77.21;0
29875;8611;117;1;94.29;0
29876;8611;116;9;31.81;0
29877;8611;109;1;14.81;0
29878;8611;110;7;87.41;0
29879;8612;103;2;93.05;0
29880;8612;111;7;34.02;0
29881;8612;108;10;11.73;0
29882;8612;107;2;77.21;0
29883;8612;112;3;11.48;0
29884;8612;116;8;31.81;0
29885;8613;102;10;16.63;0
29886;8613;104;1;4.07;0
29887;8613;106;6;93.64;0
29888;8614;116;4;31.81;0
29889;8615;104;10;4.07;0
29890;8615;109;1;14.81;0
29891;8616;115;6;21.03;0
29892;8616;109;1;14.81;0
29893;8616;102;5;16.63;0
29894;8616;116;8;31.81;0
29895;8616;111;4;34.02;0
29896;8616;108;4;11.73;0
29897;8617;106;6;93.64;0
29898;8617;116;10;31.81;0
29899;8617;112;8;11.48;0
29900;8618;114;3;31.92;0
29901;8618;108;3;11.73;0
29902;8618;103;6;93.05;0
29903;8619;101;6;44.35;0
29904;8619;107;10;77.21;0
29905;8619;106;8;93.64;0
29906;8619;115;2;21.03;0
29907;8619;104;6;4.07;0
29908;8619;112;2;11.48;0
29909;8620;109;7;14.81;7
29910;8620;117;9;94.29;0
29911;8621;106;10;93.64;10
29912;8621;116;9;31.81;0
29913;8621;104;7;4.07;0
29914;8621;115;4;21.03;3
29915;8621;112;10;11.48;0
29916;8622;118;3;11.11;0
29917;8622;106;6;93.64;0
29918;8622;107;4;77.21;0
29919;8622;114;3;31.92;3
29920;8622;108;1;11.73;0
29921;8623;110;9;87.41;0
29922;8623;106;5;93.64;0
29923;8624;114;2;31.92;0
29924;8624;109;6;14.81;0
29925;8624;111;10;34.02;0
29926;8625;101;5;44.35;4
29927;8625;112;3;11.48;0
29928;8625;102;10;16.63;0
29929;8625;108;5;11.73;0
29930;8625;103;8;93.05;0
29931;8625;111;7;34.02;0
29932;8626;115;3;21.03;0
29933;8626;114;9;31.92;0
29934;8626;108;4;11.73;0
29935;8627;113;9;85.64;0
29936;8627;104;3;4.07;0
29937;8627;111;9;34.02;0
29938;8627;105;7;86.64;0
29939;8627;106;6;93.64;0
29940;8628;110;4;87.41;0
29941;8629;111;6;34.02;0
29942;8630;102;4;16.63;0
29943;8630;113;8;85.64;0
29944;8631;101;3;44.35;3
29945;8631;105;3;86.64;0
29946;8631;113;2;85.64;0
29947;8631;118;10;11.11;0
29948;8631;104;8;4.07;0
29949;8631;114;10;31.92;0
29950;8632;112;4;11.48;0
29951;8632;114;9;31.92;0
29952;8633;116;1;31.81;0
29953;8633;118;6;11.11;0
29954;8633;106;5;93.64;0
29955;8633;117;6;94.29;0
29956;8634;105;7;86.64;0
29957;8634;111;3;34.02;0
29958;8635;104;6;4.07;0
29959;8635;101;2;44.35;0
29960;8635;108;1;11.73;0
29961;8635;113;9;85.64;0
29962;8635;103;5;93.05;0
29963;8636;109;8;14.81;0
29964;8637;103;1;93.05;0
29965;8637;115;2;21.03;0
29966;8637;114;10;31.92;0
29967;8637;106;3;93.64;0
29968;8638;110;6;87.41;0
29969;8638;111;10;34.02;0
29970;8639;106;2;93.64;0
29971;8639;117;10;94.29;0
29972;8639;107;3;77.21;0
29973;8639;113;8;85.64;0
29974;8639;105;8;86.64;0
29975;8639;116;3;31.81;0
29976;8640;111;2;34.02;0
29977;8640;116;4;31.81;0
29978;8640;107;5;77.21;0
29979;8641;114;1;31.92;0
29980;8641;108;1;11.73;0
29981;8642;116;6;31.81;0
29982;8642;114;9;31.92;0
29983;8642;101;1;44.35;0
29984;8643;116;4;31.81;0
29985;8644;110;8;87.41;0
29986;8645;104;1;4.07;0
29987;8645;109;3;14.81;0
29988;8645;116;4;31.81;0
29989;8645;106;5;93.64;0
29990;8645;113;5;85.64;0
29991;8646;101;2;44.35;0
29992;8646;109;2;14.81;0
29993;8646;103;8;93.05;0
29994;8646;111;9;34.02;0
29995;8647;113;6;85.64;0
29996;8647;101;7;44.35;0
29997;8647;116;5;31.81;0
29998;8647;108;4;11.73;0
29999;8647;107;7;77.21;0
30000;8647;103;9;93.05;0
30001;8648;110;6;87.41;0
30002;8648;101;5;44.35;0
30003;8649;115;4;21.03;0
30004;8649;101;3;44.35;0
30005;8649;111;8;34.02;0
30006;8650;118;6;11.11;6
30007;8650;114;2;31.92;0
30008;8650;117;7;94.29;0
30009;8650;106;2;93.64;0
30010;8650;107;9;77.21;0
30011;8650;115;3;21.03;0
30012;8651;110;10;87.41;0
30013;8652;107;5;77.21;0
30014;8652;108;2;11.73;2
30015;8652;105;2;86.64;0
30016;8653;102;4;16.63;0
30017;8654;103;6;93.05;0
30018;8654;107;9;77.21;0
30019;8655;114;8;31.92;0
30020;8655;104;4;4.07;3
30021;8655;101;8;44.35;0
30022;8656;104;8;4.07;0
30023;8656;103;3;93.05;0
30024;8657;101;9;44.35;0
30025;8657;115;6;21.03;0
30026;8657;106;1;93.64;0
30027;8657;108;2;11.73;0
30028;8658;114;2;31.92;0
30029;8658;105;6;86.64;0
30030;8658;104;9;4.07;0
30031;8659;113;6;85.64;0
30032;8659;103;2;93.05;0
30033;8659;117;2;94.29;0
30034;8659;104;5;4.07;0
30035;8659;110;9;87.41;1
30036;8660;113;5;85.64;0
30037;8661;103;3;93.05;3
30038;8661;107;10;77.21;0
30039;8661;117;4;94.29;0
30040;8661;101;6;44.35;0
30041;8661;106;10;93.64;0
30042;8662;102;5;16.63;0
30043;8662;104;4;4.07;0
30044;8663;105;4;86.64;0
30045;8663;110;8;87.41;0
30046;8663;118;2;11.11;0
30047;8663;113;8;85.64;0
30048;8664;103;9;93.05;0
30049;8664;115;8;21.03;0
30050;8664;106;9;93.64;0
30051;8664;116;5;31.81;0
30052;8664;111;3;34.02;0
30053;8665;108;6;11.73;0
30054;8665;115;1;21.03;0
30055;8666;102;2;16.63;0
30056;8667;104;8;4.07;0
30057;8667;102;5;16.63;0
30058;8667;117;5;94.29;0
30059;8667;111;3;34.02;0
30060;8668;116;6;31.81;0
30061;8668;101;7;44.35;0
30062;8668;103;8;93.05;0
30063;8668;118;2;11.11;0
30064;8668;107;2;77.21;0
30065;8669;106;10;93.64;0
30066;8669;110;10;87.41;0
30067;8670;104;4;4.07;0
30068;8670;106;3;93.64;0
30069;8670;113;8;85.64;0
30070;8671;111;9;34.02;0
30071;8671;101;10;44.35;0
30072;8671;118;3;11.11;0
30073;8672;104;6;4.07;0
30074;8672;106;8;93.64;0
30075;8673;110;3;87.41;0
30076;8673;101;4;44.35;0
30077;8674;107;7;77.21;0
30078;8675;103;7;93.05;0
30079;8675;112;9;11.48;0
30080;8675;106;1;93.64;0
30081;8675;105;7;86.64;0
30082;8676;117;3;94.29;0
30083;8676;104;9;4.07;0
30084;8676;118;7;11.11;0
30085;8676;113;3;85.64;0
30086;8676;116;9;31.81;0
30087;8676;112;7;11.48;0
30088;8677;117;9;94.29;0
30089;8677;105;1;86.64;0
30090;8677;102;8;16.63;0
30091;8677;113;7;85.64;0
30092;8678;101;4;44.35;0
30093;8679;116;2;31.81;0
30094;8679;114;2;31.92;0
30095;8679;106;9;93.64;0
30096;8679;107;9;77.21;0
30097;8679;104;7;4.07;0
30098;8679;117;3;94.29;0
30099;8680;110;4;87.41;0
30100;8680;102;8;16.63;0
30101;8680;114;8;31.92;0
30102;8680;109;3;14.81;0
30103;8681;108;8;11.73;0
30104;8681;101;1;44.35;0
30105;8682;104;3;4.07;0
30106;8682;107;1;77.21;0
30107;8682;116;8;31.81;0
30108;8682;110;7;87.41;0
30109;8682;105;4;86.64;0
30110;8682;115;5;21.03;0
30111;8683;117;4;94.29;0
30112;8683;101;2;44.35;0
30113;8683;116;4;31.81;0
30114;8683;104;1;4.07;0
30115;8683;102;7;16.63;0
30116;8684;104;6;4.07;0
30117;8684;107;7;77.21;0
30118;8684;117;9;94.29;0
30119;8685;111;5;34.02;0
30120;8685;117;8;94.29;0
30121;8685;106;7;93.64;0
30122;8686;104;10;4.07;0
30123;8686;112;9;11.48;0
30124;8686;116;2;31.81;0
30125;8686;107;9;77.21;0
30126;8687;118;4;11.11;0
30127;8688;114;8;31.92;0
30128;8688;116;1;31.81;0
30129;8688;103;2;93.05;0
30130;8688;102;9;16.63;0
30131;8689;105;8;86.64;2
30132;8689;114;7;31.92;0
30133;8690;111;8;34.02;0
30134;8690;102;1;16.63;0
30135;8690;113;8;85.64;0
30136;8690;118;3;11.11;0
30137;8690;104;4;4.07;0
30138;8690;105;10;86.64;0
30139;8691;117;1;94.29;0
30140;8692;118;5;11.11;4
30141;8692;106;8;93.64;0
30142;8692;103;7;93.05;0
30143;8693;109;6;14.81;0
30144;8693;111;5;34.02;0
30145;8694;114;1;31.92;0
30146;8694;105;4;86.64;0
30147;8695;104;4;4.07;0
30148;8695;113;4;85.64;0
30149;8695;103;4;93.05;0
30150;8696;109;7;14.81;0
30151;8696;103;6;93.05;0
30152;8696;102;2;16.63;0
30153;8696;107;2;77.21;0
30154;8696;112;1;11.48;0
30155;8696;108;2;11.73;0
30156;8697;102;9;16.63;0
30157;8697;110;8;87.41;0
30158;8697;112;7;11.48;0
30159;8697;117;8;94.29;0
30160;8697;106;6;93.64;0
30161;8697;118;1;11.11;0
30162;8698;114;1;31.92;0
30163;8698;103;2;93.05;0
30164;8698;109;2;14.81;0
30165;8698;102;6;16.63;0
30166;8698;115;2;21.03;1
30167;8699;107;9;77.21;0
30168;8699;109;4;14.81;0
30169;8699;105;9;86.64;0
30170;8699;116;5;31.81;0
30171;8699;108;6;11.73;0
30172;8699;117;7;94.29;0
30173;8700;117;6;94.29;6
30174;8701;117;2;94.29;0
30175;8702;103;3;93.05;0
30176;8702;118;7;11.11;0
30177;8703;105;7;86.64;0
30178;8703;114;1;31.92;0
30179;8704;113;3;85.64;0
30180;8704;117;7;94.29;0
30181;8705;101;1;44.35;0
30182;8706;111;10;34.02;0
30183;8707;101;4;44.35;0
30184;8707;107;2;77.21;0
30185;8707;108;5;11.73;0
30186;8707;106;7;93.64;0
30187;8707;111;9;34.02;0
30188;8708;106;5;93.64;0
30189;8708;109;7;14.81;0
30190;8708;118;10;11.11;0
30191;8709;118;2;11.11;2
30192;8710;101;6;44.35;0
30193;8710;116;2;31.81;0
30194;8710;117;8;94.29;0
30195;8710;106;3;93.64;0
30196;8711;114;1;31.92;0
30197;8711;103;6;93.05;0
30198;8711;104;5;4.07;0
30199;8711;108;2;11.73;0
30200;8711;102;2;16.63;1
30201;8712;104;6;4.07;0
30202;8712;107;5;77.21;0
30203;8712;111;10;34.02;0
30204;8712;106;5;93.64;0
30205;8713;107;3;77.21;0
30206;8713;117;6;94.29;0
30207;8713;113;7;85.64;0
30208;8713;106;9;93.64;0
30209;8714;107;10;77.21;0
30210;8714;111;3;34.02;0
30211;8714;110;1;87.41;0
30212;8715;111;3;34.02;0
30213;8715;103;3;93.05;0
30214;8715;115;1;21.03;0
30215;8715;116;4;31.81;0
30216;8716;101;1;44.35;0
30217;8716;117;8;94.29;0
30218;8716;108;3;11.73;0
30219;8716;114;6;31.92;0
30220;8717;117;5;94.29;0
30221;8717;116;2;31.81;0
30222;8717;112;7;11.48;0
30223;8718;110;4;87.41;0
30224;8718;104;7;4.07;0
30225;8718;106;2;93.64;0
30226;8718;107;5;77.21;0
30227;8718;114;4;31.92;0
30228;8719;113;1;85.64;0
30229;8719;116;10;31.81;0
30230;8719;102;8;16.63;0
30231;8719;107;2;77.21;0
30232;8719;112;4;11.48;0
30233;8720;102;3;16.63;0
30234;8720;115;3;21.03;0
30235;8720;108;5;11.73;0
30236;8720;112;1;11.48;0
30237;8720;118;7;11.11;0
30238;8721;105;9;86.64;0
30239;8721;109;3;14.81;0
30240;8721;113;1;85.64;0
30241;8721;114;10;31.92;0
30242;8721;115;7;21.03;0
30243;8722;105;8;86.64;0
30244;8723;103;10;93.05;0
30245;8723;108;6;11.73;0
30246;8723;112;9;11.48;0
30247;8723;107;7;77.21;0
30248;8723;115;8;21.03;0
30249;8724;115;9;21.03;0
30250;8724;102;2;16.63;0
30251;8724;109;8;14.81;0
30252;8724;104;10;4.07;0
30253;8724;108;2;11.73;0
30254;8724;110;9;87.41;0
30255;8725;107;3;77.21;0
30256;8726;112;6;11.48;0
30257;8726;115;4;21.03;0
30258;8726;101;9;44.35;0
30259;8726;117;5;94.29;0
30260;8726;116;9;31.81;0
30261;8727;114;9;31.92;0
30262;8727;104;5;4.07;0
30263;8727;108;8;11.73;0
30264;8728;104;5;4.07;0
30265;8728;117;4;94.29;0
30266;8729;115;3;21.03;0
30267;8729;106;1;93.64;1
30268;8729;113;7;85.64;0
30269;8730;116;1;31.81;0
30270;8730;112;9;11.48;0
30271;8730;110;2;87.41;0
30272;8730;106;10;93.64;0
30273;8730;111;2;34.02;0
30274;8730;104;10;4.07;4
30275;8731;113;5;85.64;0
30276;8731;109;4;14.81;0
30277;8731;105;4;86.64;0
30278;8731;116;2;31.81;0
30279;8732;113;4;85.64;0
30280;8732;109;10;14.81;0
30281;8732;117;6;94.29;0
30282;8732;104;10;4.07;0
30283;8732;103;3;93.05;0
30284;8732;107;6;77.21;0
30285;8733;111;4;34.02;0
30286;8733;106;4;93.64;0
30287;8733;104;4;4.07;0
30288;8733;107;5;77.21;0
30289;8733;118;9;11.11;0
30290;8734;113;8;85.64;0
30291;8734;104;4;4.07;0
30292;8734;101;7;44.35;0
30293;8734;111;5;34.02;0
30294;8734;105;9;86.64;0
30295;8735;101;3;44.35;0
30296;8735;110;9;87.41;0
30297;8735;104;10;4.07;0
30298;8736;111;3;34.02;0
30299;8736;116;10;31.81;0
30300;8737;110;2;87.41;0
30301;8737;107;4;77.21;0
30302;8737;113;6;85.64;0
30303;8738;110;4;87.41;0
30304;8738;108;2;11.73;0
30305;8738;117;9;94.29;0
30306;8739;109;9;14.81;0
30307;8739;105;9;86.64;0
30308;8739;114;5;31.92;0
30309;8739;111;6;34.02;0
30310;8739;102;8;16.63;0
30311;8739;101;1;44.35;0
30312;8740;101;5;44.35;0
30313;8740;115;2;21.03;0
30314;8740;106;2;93.64;0
30315;8740;109;6;14.81;0
30316;8741;115;3;21.03;0
30317;8742;111;1;34.02;0
30318;8742;107;6;77.21;0
30319;8742;112;8;11.48;0
30320;8742;108;10;11.73;0
30321;8742;118;9;11.11;0
30322;8743;118;2;11.11;0
30323;8744;101;1;44.35;0
30324;8744;107;2;77.21;0
30325;8744;106;8;93.64;0
30326;8744;104;8;4.07;0
30327;8744;111;6;34.02;0
30328;8745;118;7;11.11;0
30329;8745;115;10;21.03;0
30330;8745;106;2;93.64;0
30331;8745;105;3;86.64;0
30332;8746;107;1;77.21;0
30333;8746;108;6;11.73;0
30334;8747;118;7;11.11;0
30335;8747;109;7;14.81;0
30336;8747;113;7;85.64;0
30337;8748;112;1;11.48;0
30338;8748;102;3;16.63;0
30339;8749;102;5;16.63;0
30340;8749;114;4;31.92;0
30341;8749;112;4;11.48;0
30342;8750;108;1;11.73;0
30343;8751;118;8;11.11;0
30344;8752;103;7;93.05;0
30345;8752;106;2;93.64;0
30346;8752;107;3;77.21;1
30347;8753;105;6;86.64;0
30348;8753;111;6;34.02;0
30349;8754;115;2;21.03;0
30350;8754;112;2;11.48;0
30351;8754;108;7;11.73;4
30352;8754;103;10;93.05;0
30353;8754;102;1;16.63;0
30354;8754;110;3;87.41;0
30355;8755;118;3;11.11;0
30356;8755;105;5;86.64;0
30357;8755;109;3;14.81;0
30358;8755;101;5;44.35;0
30359;8755;115;5;21.03;0
30360;8755;104;6;4.07;0
30361;8756;103;4;93.05;0
30362;8756;115;6;21.03;0
30363;8756;116;2;31.81;0
30364;8756;105;7;86.64;0
30365;8757;118;2;11.11;0
30366;8757;106;7;93.64;0
30367;8757;103;4;93.05;0
30368;8757;107;2;77.21;0
30369;8758;101;4;44.35;0
30370;8758;116;7;31.81;0
30371;8758;110;6;87.41;0
30372;8759;102;8;16.63;0
30373;8759;112;6;11.48;0
30374;8759;106;9;93.64;0
30375;8759;104;1;4.07;0
30376;8759;117;1;94.29;0
30377;8759;114;9;31.92;0
30378;8760;105;9;86.64;0
30379;8760;107;9;77.21;0
30380;8760;114;5;31.92;0
30381;8760;108;5;11.73;0
30382;8760;113;9;85.64;0
30383;8761;105;10;86.64;0
30384;8761;111;8;34.02;6
30385;8761;109;8;14.81;0
30386;8761;110;3;87.41;0
30387;8761;101;10;44.35;0
30388;8762;104;1;4.07;0
30389;8762;102;9;16.63;0
30390;8762;113;1;85.64;0
30391;8763;108;2;11.73;0
30392;8763;118;7;11.11;0
30393;8763;105;7;86.64;0
30394;8763;107;3;77.21;0
30395;8763;110;5;87.41;0
30396;8763;111;5;34.02;0
30397;8764;118;2;11.11;0
30398;8764;110;1;87.41;0
30399;8764;114;7;31.92;6
30400;8764;105;3;86.64;0
30401;8764;117;5;94.29;0
30402;8765;112;5;11.48;0
30403;8766;113;3;85.64;0
30404;8766;115;4;21.03;0
30405;8766;112;7;11.48;0
30406;8767;114;4;31.92;0
30407;8767;113;3;85.64;0
30408;8768;107;6;77.21;0
30409;8768;109;7;14.81;0
30410;8769;103;7;93.05;0
30411;8769;106;1;93.64;0
30412;8769;118;3;11.11;0
30413;8769;105;10;86.64;0
30414;8769;112;10;11.48;0
30415;8770;108;2;11.73;0
30416;8770;109;9;14.81;0
30417;8770;110;4;87.41;0
30418;8770;113;2;85.64;0
30419;8770;101;3;44.35;3
30420;8770;103;5;93.05;0
30421;8771;113;5;85.64;0
30422;8771;106;10;93.64;0
30423;8771;109;2;14.81;2
30424;8771;118;2;11.11;1
30425;8772;102;4;16.63;0
30426;8772;105;4;86.64;0
30427;8772;106;10;93.64;0
30428;8772;110;4;87.41;0
30429;8772;104;7;4.07;0
30430;8773;116;10;31.81;0
30431;8773;106;9;93.64;0
30432;8773;108;6;11.73;0
30433;8773;112;6;11.48;0
30434;8773;115;8;21.03;3
30435;8774;103;9;93.05;0
30436;8774;113;5;85.64;0
30437;8774;115;8;21.03;0
30438;8774;109;6;14.81;0
30439;8774;101;10;44.35;0
30440;8775;116;9;31.81;0
30441;8775;115;10;21.03;0
30442;8775;107;8;77.21;0
30443;8775;111;1;34.02;0
30444;8776;116;4;31.81;0
30445;8776;109;9;14.81;6
30446;8776;118;1;11.11;0
30447;8776;113;4;85.64;0
30448;8777;110;1;87.41;0
30449;8778;117;2;94.29;0
30450;8778;114;10;31.92;0
30451;8779;104;3;4.07;0
30452;8779;102;8;16.63;0
30453;8780;113;3;85.64;0
30454;8780;117;3;94.29;0
30455;8780;109;2;14.81;0
30456;8780;102;2;16.63;0
30457;8781;103;9;93.05;0
30458;8781;106;9;93.64;0
30459;8782;118;5;11.11;0
30460;8782;107;1;77.21;0
30461;8782;105;8;86.64;0
30462;8782;109;8;14.81;0
30463;8782;102;4;16.63;0
30464;8783;106;2;93.64;0
30465;8783;102;3;16.63;0
30466;8784;116;3;31.81;0
30467;8784;117;1;94.29;0
30468;8784;110;6;87.41;0
30469;8784;104;3;4.07;0
30470;8785;108;7;11.73;0
30471;8785;106;2;93.64;1
30472;8785;114;4;31.92;0
30473;8785;117;8;94.29;0
30474;8786;113;5;85.64;0
30475;8786;101;6;44.35;0
30476;8786;115;9;21.03;0
30477;8786;114;8;31.92;0
30478;8786;103;6;93.05;0
30479;8787;105;9;86.64;2
30480;8787;115;6;21.03;0
30481;8787;101;8;44.35;0
30482;8787;110;6;87.41;0
30483;8787;117;7;94.29;4
30484;8787;116;10;31.81;4
30485;8788;109;5;14.81;0
30486;8788;107;9;77.21;0
30487;8788;115;3;21.03;0
30488;8788;117;3;94.29;0
30489;8789;106;10;93.64;0
30490;8789;105;3;86.64;0
30491;8789;103;7;93.05;0
30492;8789;102;6;16.63;0
30493;8790;113;4;85.64;0
30494;8790;103;8;93.05;0
30495;8790;108;7;11.73;0
30496;8791;102;1;16.63;0
30497;8791;111;2;34.02;0
30498;8791;108;9;11.73;0
30499;8791;116;10;31.81;0
30500;8791;109;10;14.81;0
30501;8792;117;7;94.29;0
30502;8792;102;8;16.63;0
30503;8792;110;6;87.41;0
30504;8793;114;5;31.92;0
30505;8793;106;9;93.64;0
30506;8793;103;5;93.05;0
30507;8793;109;1;14.81;0
30508;8793;105;10;86.64;0
30509;8794;115;5;21.03;0
30510;8794;117;6;94.29;0
30511;8794;106;1;93.64;0
30512;8794;111;8;34.02;0
30513;8794;107;7;77.21;0
30514;8794;109;7;14.81;0
30515;8795;116;10;31.81;0
30516;8795;101;7;44.35;0
30517;8796;107;5;77.21;2
30518;8796;113;8;85.64;0
30519;8796;118;1;11.11;0
30520;8797;101;6;44.35;0
30521;8797;104;6;4.07;0
30522;8797;110;2;87.41;0
30523;8797;108;2;11.73;0
30524;8797;113;4;85.64;0
30525;8798;112;9;11.48;0
30526;8798;106;8;93.64;0
30527;8798;114;2;31.92;0
30528;8798;104;10;4.07;0
30529;8799;114;4;31.92;0
30530;8799;113;9;85.64;0
30531;8799;105;5;86.64;0
30532;8800;104;1;4.07;0
30533;8800;115;7;21.03;0
30534;8800;101;1;44.35;0
30535;8801;111;2;34.02;0
30536;8802;102;1;16.63;0
30537;8802;118;9;11.11;0
30538;8802;116;9;31.81;0
30539;8803;101;4;44.35;0
30540;8804;113;8;85.64;0
30541;8805;110;6;87.41;0
30542;8805;112;8;11.48;0
30543;8805;114;5;31.92;0
30544;8805;102;2;16.63;0
30545;8806;101;1;44.35;0
30546;8806;109;7;14.81;0
30547;8806;103;3;93.05;0
30548;8807;116;6;31.81;0
30549;8807;115;7;21.03;0
30550;8807;110;3;87.41;0
30551;8807;114;1;31.92;0
30552;8807;109;3;14.81;0
30553;8807;113;2;85.64;0
30554;8808;105;2;86.64;2
30555;8808;112;3;11.48;0
30556;8808;106;4;93.64;0
30557;8808;104;8;4.07;4
30558;8809;107;8;77.21;0
30559;8809;114;2;31.92;0
30560;8809;102;6;16.63;0
30561;8809;115;3;21.03;0
30562;8809;117;8;94.29;0
30563;8810;107;4;77.21;0
30564;8811;102;10;16.63;0
30565;8811;115;1;21.03;0
30566;8812;105;1;86.64;0
30567;8812;109;7;14.81;0
30568;8813;109;3;14.81;0
30569;8814;107;2;77.21;0
30570;8814;115;4;21.03;0
30571;8814;101;5;44.35;0
30572;8814;106;10;93.64;0
30573;8815;103;7;93.05;0
30574;8815;109;5;14.81;0
30575;8815;116;2;31.81;0
30576;8815;114;2;31.92;2
30577;8816;109;2;14.81;0
30578;8816;101;7;44.35;0
30579;8816;117;10;94.29;0
30580;8816;115;8;21.03;0
30581;8817;109;4;14.81;0
30582;8817;101;2;44.35;0
30583;8818;115;7;21.03;0
30584;8818;104;6;4.07;0
30585;8818;113;2;85.64;0
30586;8818;106;5;93.64;0
30587;8818;109;7;14.81;0
30588;8819;101;10;44.35;0
30589;8819;111;4;34.02;3
30590;8819;112;5;11.48;0
30591;8819;118;10;11.11;0
30592;8819;110;2;87.41;0
30593;8819;104;1;4.07;0
30594;8820;115;9;21.03;0
30595;8820;117;5;94.29;1
30596;8820;104;5;4.07;0
30597;8820;106;8;93.64;0
30598;8820;113;8;85.64;0
30599;8820;101;1;44.35;0
30600;8821;113;10;85.64;0
30601;8821;106;2;93.64;0
30602;8821;114;4;31.92;0
30603;8821;115;6;21.03;0
30604;8821;104;3;4.07;0
30605;8822;110;7;87.41;0
30606;8822;117;6;94.29;0
30607;8822;107;4;77.21;0
30608;8823;106;3;93.64;0
30609;8823;102;1;16.63;0
30610;8823;113;4;85.64;0
30611;8824;110;1;87.41;0
30612;8825;118;8;11.11;0
30613;8825;104;8;4.07;0
30614;8825;112;2;11.48;0
30615;8826;107;5;77.21;2
30616;8827;104;10;4.07;0
30617;8828;114;6;31.92;0
30618;8828;101;9;44.35;0
30619;8828;109;9;14.81;0
30620;8828;110;10;87.41;0
30621;8828;104;3;4.07;2
30622;8829;112;7;11.48;0
30623;8830;103;8;93.05;0
30624;8830;114;3;31.92;0
30625;8830;112;2;11.48;0
30626;8830;113;5;85.64;0
30627;8831;114;6;31.92;0
30628;8832;118;7;11.11;0
30629;8832;113;9;85.64;0
30630;8832;115;3;21.03;0
30631;8832;110;2;87.41;0
30632;8832;116;10;31.81;0
30633;8833;104;5;4.07;0
30634;8833;115;1;21.03;0
30635;8833;116;3;31.81;0
30636;8833;101;10;44.35;0
30637;8833;112;9;11.48;0
30638;8833;109;10;14.81;0
30639;8834;102;3;16.63;0
30640;8835;117;2;94.29;0
30641;8835;110;2;87.41;0
30642;8836;117;1;94.29;0
30643;8836;103;8;93.05;0
30644;8836;110;7;87.41;0
30645;8836;105;7;86.64;0
30646;8836;108;10;11.73;0
30647;8836;114;4;31.92;0
30648;8837;111;8;34.02;0
30649;8837;103;4;93.05;0
30650;8837;112;9;11.48;0
30651;8838;101;1;44.35;0
30652;8838;104;5;4.07;0
30653;8839;116;2;31.81;0
30654;8839;118;3;11.11;0
30655;8839;105;5;86.64;0
30656;8840;116;9;31.81;0
30657;8841;113;4;85.64;0
30658;8842;114;2;31.92;0
30659;8842;110;4;87.41;0
30660;8842;109;5;14.81;0
30661;8842;104;5;4.07;0
30662;8842;116;5;31.81;0
30663;8842;101;9;44.35;0
30664;8843;101;6;44.35;0
30665;8844;113;9;85.64;0
30666;8844;114;2;31.92;0
30667;8844;117;10;94.29;0
30668;8844;118;8;11.11;0
30669;8844;111;3;34.02;0
30670;8844;106;8;93.64;0
30671;8845;105;3;86.64;0
30672;8846;116;3;31.81;0
30673;8846;115;4;21.03;0
30674;8846;114;2;31.92;0
30675;8846;101;2;44.35;0
30676;8847;117;4;94.29;4
30677;8847;116;7;31.81;0
30678;8847;109;3;14.81;0
30679;8848;117;10;94.29;0
30680;8848;113;7;85.64;0
30681;8848;110;6;87.41;0
30682;8849;111;6;34.02;0
30683;8850;109;9;14.81;0
30684;8850;108;1;11.73;0
30685;8851;108;5;11.73;0
30686;8852;114;4;31.92;0
30687;8852;105;2;86.64;0
30688;8852;106;3;93.64;0
30689;8852;110;6;87.41;0
30690;8853;110;7;87.41;0
30691;8853;108;9;11.73;0
30692;8853;116;5;31.81;0
30693;8853;114;2;31.92;2
30694;8854;101;9;44.35;0
30695;8854;116;7;31.81;0
30696;8854;105;5;86.64;0
30697;8854;107;9;77.21;0
30698;8854;118;5;11.11;0
30699;8854;108;3;11.73;0
30700;8855;101;6;44.35;0
30701;8855;110;3;87.41;0
30702;8855;107;5;77.21;0
30703;8856;103;1;93.05;0
30704;8856;102;4;16.63;0
30705;8856;117;3;94.29;0
30706;8856;107;5;77.21;0
30707;8856;116;1;31.81;0
30708;8857;108;8;11.73;0
30709;8857;104;3;4.07;0
30710;8858;107;1;77.21;0
30711;8858;106;9;93.64;0
30712;8859;104;6;4.07;0
30713;8859;109;3;14.81;0
30714;8859;103;5;93.05;0
30715;8860;109;10;14.81;0
30716;8860;110;3;87.41;0
30717;8861;111;4;34.02;0
30718;8862;117;5;94.29;0
30719;8862;103;7;93.05;0
30720;8862;107;4;77.21;0
30721;8862;109;6;14.81;0
30722;8863;106;2;93.64;0
30723;8863;101;3;44.35;0
30724;8863;103;10;93.05;0
30725;8864;106;4;93.64;0
30726;8864;101;3;44.35;0
30727;8864;111;10;34.02;4
30728;8864;110;3;87.41;0
30729;8865;101;7;44.35;0
30730;8865;109;10;14.81;0
30731;8865;106;3;93.64;3
30732;8865;102;2;16.63;0
30733;8865;112;9;11.48;0
30734;8866;108;3;11.73;0
30735;8866;115;7;21.03;0
30736;8866;109;6;14.81;0
30737;8867;103;4;93.05;0
30738;8867;110;7;87.41;0
30739;8867;118;1;11.11;0
30740;8868;108;5;11.73;0
30741;8868;113;8;85.64;0
30742;8868;115;7;21.03;0
30743;8868;117;1;94.29;0
30744;8869;101;3;44.35;0
30745;8869;105;8;86.64;0
30746;8869;110;2;87.41;0
30747;8869;106;1;93.64;0
30748;8869;108;3;11.73;0
30749;8869;117;10;94.29;0
30750;8870;108;8;11.73;0
30751;8870;105;1;86.64;0
30752;8870;113;7;85.64;0
30753;8870;117;9;94.29;0
30754;8870;114;4;31.92;0
30755;8871;109;10;14.81;0
30756;8872;106;7;93.64;7
30757;8873;111;2;34.02;0
30758;8873;103;8;93.05;0
30759;8874;102;8;16.63;0
30760;8875;105;4;86.64;0
30761;8875;110;8;87.41;0
30762;8875;106;1;93.64;0
30763;8875;118;4;11.11;0
30764;8875;113;4;85.64;0
30765;8875;117;10;94.29;9
30766;8876;108;4;11.73;0
30767;8876;111;7;34.02;0
30768;8876;101;6;44.35;0
30769;8877;109;2;14.81;0
30770;8878;101;8;44.35;0
30771;8878;104;10;4.07;0
30772;8878;108;10;11.73;0
30773;8878;107;8;77.21;0
30774;8879;113;1;85.64;0
30775;8879;115;1;21.03;0
30776;8879;110;4;87.41;0
30777;8879;107;2;77.21;0
30778;8879;117;1;94.29;0
30779;8879;101;9;44.35;0
30780;8880;111;3;34.02;0
30781;8880;101;4;44.35;0
30782;8880;118;9;11.11;0
30783;8881;107;3;77.21;0
30784;8881;108;2;11.73;0
30785;8881;104;4;4.07;0
30786;8881;115;2;21.03;0
30787;8881;109;4;14.81;0
30788;8882;107;8;77.21;0
30789;8883;114;7;31.92;0
30790;8883;112;4;11.48;0
30791;8883;117;9;94.29;0
30792;8883;108;10;11.73;0
30793;8883;107;7;77.21;0
30794;8884;114;2;31.92;0
30795;8884;116;5;31.81;0
30796;8884;101;8;44.35;0
30797;8884;118;4;11.11;0
30798;8884;112;9;11.48;0
30799;8884;108;7;11.73;0
30800;8885;110;8;87.41;0
30801;8885;114;8;31.92;0
30802;8885;102;9;16.63;0
30803;8886;112;10;11.48;0
30804;8886;113;8;85.64;1
30805;8887;110;10;87.41;0
30806;8887;113;8;85.64;0
30807;8887;107;1;77.21;0
30808;8887;118;8;11.11;0
30809;8887;105;3;86.64;0
30810;8887;117;9;94.29;0
30811;8888;106;9;93.64;0
30812;8888;110;5;87.41;0
30813;8889;103;6;93.05;0
30814;8889;110;4;87.41;0
30815;8889;114;7;31.92;0
30816;8889;108;8;11.73;0
30817;8889;117;8;94.29;0
30818;8890;118;10;11.11;0
30819;8890;101;9;44.35;0
30820;8890;114;6;31.92;0
30821;8890;105;8;86.64;0
30822;8890;108;10;11.73;0
30823;8891;102;7;16.63;0
30824;8891;108;3;11.73;0
30825;8891;115;8;21.03;0
30826;8891;118;4;11.11;0
30827;8892;110;6;87.41;0
30828;8892;106;6;93.64;0
30829;8892;103;8;93.05;0
30830;8892;101;9;44.35;0
30831;8893;110;8;87.41;0
30832;8893;101;6;44.35;0
30833;8893;111;9;34.02;0
30834;8894;117;10;94.29;0
30835;8894;112;10;11.48;0
30836;8894;108;6;11.73;0
30837;8894;115;1;21.03;0
30838;8895;111;10;34.02;0
30839;8895;113;9;85.64;0
30840;8895;107;3;77.21;0
30841;8896;103;9;93.05;0
30842;8896;114;10;31.92;0
30843;8897;103;8;93.05;0
30844;8897;118;9;11.11;0
30845;8897;111;5;34.02;0
30846;8897;112;10;11.48;0
30847;8897;102;2;16.63;0
30848;8898;108;5;11.73;0
30849;8898;102;10;16.63;0
30850;8898;111;8;34.02;0
30851;8898;112;9;11.48;0
30852;8898;113;6;85.64;0
30853;8899;105;8;86.64;0
30854;8899;106;1;93.64;0
30855;8899;107;9;77.21;0
30856;8899;102;7;16.63;0
30857;8899;116;1;31.81;0
30858;8900;111;8;34.02;0
30859;8900;118;7;11.11;0
30860;8901;106;6;93.64;4
30861;8902;116;10;31.81;0
30862;8902;106;5;93.64;0
30863;8903;117;3;94.29;0
30864;8903;103;2;93.05;0
30865;8903;114;3;31.92;0
30866;8904;109;10;14.81;6
30867;8904;114;1;31.92;0
30868;8905;107;4;77.21;3
30869;8905;115;1;21.03;0
30870;8905;109;1;14.81;0
30871;8905;118;7;11.11;0
30872;8905;116;1;31.81;1
30873;8905;105;7;86.64;0
30874;8906;108;1;11.73;0
30875;8906;115;3;21.03;0
30876;8906;109;4;14.81;0
30877;8906;105;6;86.64;0
30878;8906;113;3;85.64;0
30879;8906;118;5;11.11;0
30880;8907;117;2;94.29;0
30881;8907;101;5;44.35;0
30882;8907;104;4;4.07;0
30883;8907;113;1;85.64;0
30884;8907;115;6;21.03;0
30885;8907;106;1;93.64;0
30886;8908;104;1;4.07;0
30887;8908;102;6;16.63;0
30888;8908;108;1;11.73;0
30889;8909;118;7;11.11;0
30890;8909;109;3;14.81;2
30891;8910;112;8;11.48;0
30892;8910;102;8;16.63;0
30893;8910;114;8;31.92;0
30894;8910;117;9;94.29;1
30895;8910;106;7;93.64;0
30896;8911;106;7;93.64;0
30897;8911;113;9;85.64;0
30898;8911;115;8;21.03;0
30899;8911;114;1;31.92;0
30900;8912;114;3;31.92;2
30901;8912;113;7;85.64;0
30902;8912;104;2;4.07;0
30903;8912;107;8;77.21;0
30904;8912;112;5;11.48;0
30905;8912;105;7;86.64;0
30906;8913;101;1;44.35;0
30907;8913;118;7;11.11;0
30908;8913;104;7;4.07;0
30909;8913;111;10;34.02;0
30910;8914;114;1;31.92;0
30911;8915;106;7;93.64;0
30912;8915;107;3;77.21;0
30913;8915;109;10;14.81;0
30914;8916;107;8;77.21;5
30915;8916;105;7;86.64;7
30916;8916;109;10;14.81;6
30917;8916;113;2;85.64;0
30918;8916;114;4;31.92;0
30919;8917;109;2;14.81;0
30920;8917;106;9;93.64;0
30921;8917;105;7;86.64;0
30922;8917;104;10;4.07;0
30923;8917;113;3;85.64;0
30924;8917;118;10;11.11;0
30925;8918;103;9;93.05;0
30926;8918;114;7;31.92;0
30927;8918;106;9;93.64;0
30928;8918;111;3;34.02;0
30929;8918;108;2;11.73;0
30930;8919;110;9;87.41;0
30931;8920;110;9;87.41;0
30932;8920;107;5;77.21;0
30933;8921;107;7;77.21;0
30934;8921;110;10;87.41;0
30935;8921;102;1;16.63;0
30936;8922;106;3;93.64;0
30937;8922;113;7;85.64;0
30938;8922;109;2;14.81;0
30939;8922;108;2;11.73;0
30940;8923;113;3;85.64;0
30941;8924;115;7;21.03;0
30942;8924;104;3;4.07;0
30943;8925;104;2;4.07;0
30944;8926;111;3;34.02;0
30945;8927;115;5;21.03;0
30946;8927;117;2;94.29;0
30947;8927;101;3;44.35;0
30948;8927;110;5;87.41;0
30949;8928;112;8;11.48;0
30950;8928;113;8;85.64;0
30951;8928;111;4;34.02;0
30952;8928;104;1;4.07;0
30953;8928;115;10;21.03;0
30954;8928;103;5;93.05;5
30955;8929;109;1;14.81;0
30956;8929;114;2;31.92;0
30957;8929;113;10;85.64;0
30958;8929;107;6;77.21;0
30959;8929;102;2;16.63;0
30960;8930;114;8;31.92;8
30961;8930;106;9;93.64;0
30962;8930;116;2;31.81;0
30963;8930;102;9;16.63;0
30964;8931;109;2;14.81;0
30965;8931;112;1;11.48;0
30966;8932;107;9;77.21;0
30967;8932;112;2;11.48;0
30968;8933;111;3;34.02;0
30969;8934;112;9;11.48;0
30970;8935;117;5;94.29;0
30971;8935;101;6;44.35;0
30972;8936;102;6;16.63;0
30973;8936;109;5;14.81;0
30974;8936;113;9;85.64;0
30975;8936;107;10;77.21;0
30976;8936;114;5;31.92;0
30977;8937;109;9;14.81;0
30978;8938;107;8;77.21;0
30979;8938;105;6;86.64;0
30980;8939;102;9;16.63;0
30981;8939;110;4;87.41;0
30982;8940;107;4;77.21;0
30983;8940;104;10;4.07;0
30984;8940;112;6;11.48;0
30985;8940;102;5;16.63;0
30986;8941;102;1;16.63;0
30987;8942;102;9;16.63;0
30988;8943;118;7;11.11;0
30989;8943;111;10;34.02;0
30990;8943;108;1;11.73;0
30991;8943;115;3;21.03;0
30992;8943;109;5;14.81;0
30993;8944;103;5;93.05;0
30994;8944;105;3;86.64;0
30995;8945;111;1;34.02;0
30996;8946;114;10;31.92;0
30997;8946;108;4;11.73;0
30998;8946;105;6;86.64;0
30999;8946;106;7;93.64;0
31000;8946;101;5;44.35;0
31001;8947;109;7;14.81;0
31002;8947;107;8;77.21;0
31003;8948;115;5;21.03;0
31004;8948;107;5;77.21;0
31005;8948;108;2;11.73;0
31006;8948;109;8;14.81;0
31007;8949;106;10;93.64;0
31008;8949;108;8;11.73;0
31009;8949;110;1;87.41;0
31010;8950;109;1;14.81;0
31011;8950;115;5;21.03;0
31012;8950;114;2;31.92;0
31013;8950;110;7;87.41;0
31014;8950;108;7;11.73;0
31015;8950;118;2;11.11;0
31016;8951;111;2;34.02;0
31017;8952;116;5;31.81;0
31018;8952;103;6;93.05;0
31019;8952;117;3;94.29;0
31020;8952;114;7;31.92;0
31021;8952;101;2;44.35;0
31022;8953;112;8;11.48;0
31023;8953;101;9;44.35;0
31024;8953;102;2;16.63;0
31025;8953;113;6;85.64;2
31026;8953;111;4;34.02;0
31027;8954;118;1;11.11;0
31028;8954;117;8;94.29;0
31029;8954;114;4;31.92;0
31030;8954;112;3;11.48;0
31031;8954;109;3;14.81;0
31032;8955;109;9;14.81;0
31033;8955;108;6;11.73;0
31034;8955;110;6;87.41;0
31035;8955;115;7;21.03;0
31036;8955;105;6;86.64;0
31037;8956;108;10;11.73;0
31038;8956;109;6;14.81;0
31039;8956;118;5;11.11;0
31040;8956;113;6;85.64;0
31041;8956;107;9;77.21;0
31042;8956;115;3;21.03;0
31043;8957;102;5;16.63;0
31044;8957;109;9;14.81;0
31045;8957;108;9;11.73;0
31046;8958;112;10;11.48;0
31047;8959;113;3;85.64;0
31048;8959;114;9;31.92;0
31049;8959;107;9;77.21;0
31050;8959;103;3;93.05;0
31051;8959;102;2;16.63;0
31052;8960;105;7;86.64;0
31053;8960;107;10;77.21;0
31054;8960;115;8;21.03;0
31055;8960;117;5;94.29;0
31056;8960;108;4;11.73;0
31057;8961;107;5;77.21;0
31058;8961;104;7;4.07;3
31059;8961;112;6;11.48;0
31060;8962;116;3;31.81;0
31061;8962;109;4;14.81;0
31062;8962;108;2;11.73;0
31063;8963;108;2;11.73;0
31064;8963;117;8;94.29;0
31065;8963;110;4;87.41;0
31066;8963;102;5;16.63;0
31067;8963;111;10;34.02;0
31068;8963;114;2;31.92;0
31069;8964;104;6;4.07;0
31070;8964;101;8;44.35;0
31071;8964;105;5;86.64;0
31072;8964;111;3;34.02;0
31073;8965;111;8;34.02;0
31074;8965;114;3;31.92;0
31075;8965;113;10;85.64;0
31076;8965;108;7;11.73;0
31077;8965;107;9;77.21;0
31078;8965;101;2;44.35;0
31079;8966;103;7;93.05;0
31080;8966;113;8;85.64;0
31081;8966;105;2;86.64;0
31082;8966;106;3;93.64;0
31083;8967;106;2;93.64;0
31084;8968;110;7;87.41;0
31085;8968;116;1;31.81;0
31086;8968;106;3;93.64;0
31087;8968;115;8;21.03;0
31088;8968;113;7;85.64;0
31089;8969;110;1;87.41;0
31090;8969;114;8;31.92;0
31091;8969;104;1;4.07;0
31092;8969;111;6;34.02;4
31093;8969;103;4;93.05;0
31094;8970;104;7;4.07;0
31095;8970;110;2;87.41;0
31096;8970;111;4;34.02;0
31097;8971;113;5;85.64;2
31098;8971;114;8;31.92;0
31099;8972;104;4;4.07;0
31100;8972;108;6;11.73;0
31101;8972;103;9;93.05;0
31102;8972;118;4;11.11;0
31103;8972;105;6;86.64;0
31104;8972;114;10;31.92;0
31105;8973;110;4;87.41;0
31106;8973;108;7;11.73;0
31107;8973;115;6;21.03;0
31108;8973;103;1;93.05;0
31109;8973;106;9;93.64;0
31110;8974;118;4;11.11;0
31111;8975;106;4;93.64;0
31112;8975;112;3;11.48;0
31113;8975;107;9;77.21;0
31114;8975;101;1;44.35;0
31115;8975;110;3;87.41;0
31116;8975;116;10;31.81;0
31117;8976;111;7;34.02;0
31118;8976;113;5;85.64;0
31119;8976;103;5;93.05;0
31120;8976;107;6;77.21;0
31121;8976;101;3;44.35;0
31122;8976;110;1;87.41;0
31123;8977;108;8;11.73;0
31124;8978;101;10;44.35;0
31125;8978;109;3;14.81;0
31126;8978;106;6;93.64;0
31127;8979;116;10;31.81;0
31128;8979;115;1;21.03;0
31129;8980;115;6;21.03;0
31130;8980;103;9;93.05;0
31131;8980;113;4;85.64;0
31132;8980;108;8;11.73;0
31133;8980;111;5;34.02;0
31134;8980;101;4;44.35;0
31135;8981;106;9;93.64;0
31136;8981;109;1;14.81;0
31137;8981;118;7;11.11;0
31138;8981;116;8;31.81;0
31139;8981;101;8;44.35;0
31140;8982;106;3;93.64;0
31141;8983;105;7;86.64;0
31142;8984;116;8;31.81;0
31143;8985;106;10;93.64;0
31144;8986;104;8;4.07;0
31145;8987;115;3;21.03;0
31146;8987;109;10;14.81;7
31147;8988;108;7;11.73;0
31148;8988;112;7;11.48;0
31149;8988;111;5;34.02;0
31150;8989;105;8;86.64;0
31151;8989;107;7;77.21;0
31152;8989;106;3;93.64;0
31153;8989;113;5;85.64;0
31154;8989;108;1;11.73;0
31155;8990;111;9;34.02;0
31156;8991;111;3;34.02;0
31157;8991;112;6;11.48;0
31158;8991;103;1;93.05;0
31159;8991;118;6;11.11;0
31160;8991;117;3;94.29;0
31161;8992;111;1;34.02;1
31162;8993;107;10;77.21;0
31163;8993;101;6;44.35;6
31164;8993;108;2;11.73;0
31165;8993;114;10;31.92;0
31166;8993;115;1;21.03;0
31167;8994;104;10;4.07;0
31168;8994;112;3;11.48;0
31169;8994;118;2;11.11;0
31170;8995;108;7;11.73;0
31171;8995;105;1;86.64;0
31172;8995;104;4;4.07;0
31173;8995;111;7;34.02;0
31174;8995;114;5;31.92;0
31175;8996;111;4;34.02;0
31176;8996;102;9;16.63;0
31177;8996;109;3;14.81;0
31178;8996;114;2;31.92;0
31179;8996;103;5;93.05;0
31180;8997;118;10;11.11;0
31181;8998;110;6;87.41;0
31182;8998;113;3;85.64;0
31183;8998;106;6;93.64;0
31184;8998;105;4;86.64;0
31185;8998;112;6;11.48;0
31186;8998;117;9;94.29;0
31187;8999;114;6;31.92;0
31188;8999;105;3;86.64;0
31189;9000;101;6;44.35;0
31190;9000;106;1;93.64;0
31191;9001;113;4;85.64;0
31192;9001;106;9;93.64;0
31193;9001;117;5;94.29;0
31194;9001;103;7;93.05;0
31195;9002;115;8;21.03;0
31196;9002;105;9;86.64;0
31197;9002;114;8;31.92;0
31198;9002;107;5;77.21;0
31199;9002;116;9;31.81;0
31200;9002;106;9;93.64;0
31201;9003;109;8;14.81;0
31202;9004;107;9;77.21;0
31203;9004;106;2;93.64;0
31204;9005;102;4;16.63;0
31205;9005;106;8;93.64;0
31206;9005;115;9;21.03;0
31207;9006;107;9;77.21;0
31208;9007;116;10;31.81;0
31209;9007;108;3;11.73;0
31210;9007;109;1;14.81;0
31211;9007;106;1;93.64;0
31212;9007;111;2;34.02;0
31213;9008;115;2;21.03;0
31214;9008;106;4;93.64;0
31215;9008;107;10;77.21;0
31216;9008;104;3;4.07;0
31217;9009;104;8;4.07;0
31218;9010;116;5;31.81;0
31219;9010;104;3;4.07;0
31220;9010;118;7;11.11;0
31221;9010;105;9;86.64;0
31222;9010;108;5;11.73;0
31223;9010;106;5;93.64;0
31224;9011;114;8;31.92;0
31225;9011;106;3;93.64;0
31226;9011;104;1;4.07;0
31227;9011;111;6;34.02;0
31228;9011;118;10;11.11;0
31229;9011;108;6;11.73;0
31230;9012;109;2;14.81;0
31231;9012;103;4;93.05;0
31232;9012;114;8;31.92;0
31233;9012;107;5;77.21;0
31234;9012;111;8;34.02;0
31235;9012;106;6;93.64;0
31236;9013;117;6;94.29;0
31237;9014;102;1;16.63;0
31238;9014;108;8;11.73;0
31239;9014;113;10;85.64;3
31240;9014;114;3;31.92;1
31241;9014;110;7;87.41;0
31242;9014;115;6;21.03;0
31243;9015;111;6;34.02;3
31244;9015;112;4;11.48;0
31245;9015;113;4;85.64;0
31246;9015;108;10;11.73;0
31247;9016;110;10;87.41;0
31248;9016;113;9;85.64;0
31249;9016;107;3;77.21;0
31250;9016;109;4;14.81;0
31251;9016;106;1;93.64;0
31252;9017;109;8;14.81;0
31253;9017;114;6;31.92;0
31254;9017;112;10;11.48;8
31255;9018;115;9;21.03;0
31256;9018;107;1;77.21;1
31257;9018;118;1;11.11;0
31258;9019;115;1;21.03;0
31259;9020;113;3;85.64;0
31260;9020;106;1;93.64;0
31261;9020;105;6;86.64;0
31262;9021;117;3;94.29;0
31263;9021;109;8;14.81;0
31264;9021;111;9;34.02;0
31265;9022;115;10;21.03;0
31266;9022;117;10;94.29;0
31267;9022;108;9;11.73;0
31268;9022;104;4;4.07;0
31269;9022;118;4;11.11;0
31270;9023;113;2;85.64;0
31271;9024;106;6;93.64;0
31272;9024;116;5;31.81;0
31273;9024;105;10;86.64;0
31274;9024;107;5;77.21;0
31275;9025;114;2;31.92;0
31276;9026;104;4;4.07;0
31277;9027;109;2;14.81;0
31278;9027;105;5;86.64;0
31279;9027;117;3;94.29;0
31280;9027;106;3;93.64;0
31281;9027;101;1;44.35;0
31282;9027;115;8;21.03;0
31283;9028;115;6;21.03;0
31284;9028;114;2;31.92;0
31285;9028;103;5;93.05;0
31286;9028;111;5;34.02;0
31287;9028;108;7;11.73;0
31288;9029;109;9;14.81;0
31289;9029;110;2;87.41;2
31290;9029;102;9;16.63;0
31291;9029;116;10;31.81;0
31292;9029;118;4;11.11;4
31293;9029;107;7;77.21;0
31294;9030;108;9;11.73;0
31295;9030;116;7;31.81;0
31296;9030;115;1;21.03;0
31297;9030;109;10;14.81;0
31298;9030;114;5;31.92;0
31299;9031;106;10;93.64;0
31300;9031;112;2;11.48;0
31301;9032;118;2;11.11;0
31302;9032;114;9;31.92;1
31303;9032;104;7;4.07;0
31304;9032;108;10;11.73;0
31305;9033;109;3;14.81;0
31306;9033;102;10;16.63;0
31307;9033;106;2;93.64;0
31308;9033;104;10;4.07;0
31309;9033;112;4;11.48;0
31310;9033;115;6;21.03;3
31311;9034;107;4;77.21;0
31312;9034;102;2;16.63;0
31313;9034;110;3;87.41;1
31314;9035;106;5;93.64;0
31315;9035;114;1;31.92;0
31316;9035;115;2;21.03;0
31317;9035;101;1;44.35;0
31318;9035;108;6;11.73;0
31319;9035;111;1;34.02;0
31320;9036;116;3;31.81;0
31321;9036;106;6;93.64;0
31322;9037;105;6;86.64;0
31323;9037;108;9;11.73;0
31324;9037;116;5;31.81;0
31325;9037;107;2;77.21;0
31326;9038;108;6;11.73;0
31327;9038;101;8;44.35;0
31328;9039;112;7;11.48;0
31329;9040;114;1;31.92;0
31330;9040;112;4;11.48;0
31331;9040;101;3;44.35;0
31332;9040;108;1;11.73;0
31333;9040;116;9;31.81;0
31334;9040;102;2;16.63;0
31335;9041;110;10;87.41;0
31336;9041;112;7;11.48;0
31337;9042;106;10;93.64;0
31338;9043;111;8;34.02;0
31339;9043;116;8;31.81;0
31340;9043;106;4;93.64;0
31341;9043;109;1;14.81;0
31342;9043;102;9;16.63;0
31343;9043;103;9;93.05;0
31344;9044;113;4;85.64;0
31345;9045;107;4;77.21;0
31346;9045;114;1;31.92;0
31347;9045;110;4;87.41;0
31348;9046;102;5;16.63;0
31349;9046;107;8;77.21;0
31350;9047;118;8;11.11;0
31351;9047;112;6;11.48;0
31352;9048;107;3;77.21;1
31353;9048;109;10;14.81;0
31354;9048;113;8;85.64;6
31355;9048;115;3;21.03;0
31356;9048;103;8;93.05;4
31357;9049;118;2;11.11;0
31358;9050;112;5;11.48;0
31359;9050;110;8;87.41;0
31360;9050;105;3;86.64;0
31361;9051;118;4;11.11;0
31362;9051;107;6;77.21;0
31363;9051;104;1;4.07;0
31364;9052;108;8;11.73;0
31365;9052;101;7;44.35;0
31366;9052;117;8;94.29;0
31367;9052;104;6;4.07;0
31368;9052;118;9;11.11;0
31369;9052;116;6;31.81;0
31370;9053;116;1;31.81;1
31371;9054;103;6;93.05;0
31372;9054;118;8;11.11;0
31373;9054;111;2;34.02;0
31374;9054;116;1;31.81;0
31375;9055;118;7;11.11;0
31376;9055;111;6;34.02;0
31377;9056;114;5;31.92;0
31378;9056;112;7;11.48;0
31379;9056;105;4;86.64;0
31380;9056;101;9;44.35;0
31381;9057;101;9;44.35;0
31382;9057;114;7;31.92;0
31383;9057;104;1;4.07;0
31384;9057;117;9;94.29;0
31385;9058;118;2;11.11;0
31386;9058;104;4;4.07;0
31387;9058;116;4;31.81;0
31388;9058;102;8;16.63;0
31389;9058;103;9;93.05;0
31390;9058;101;9;44.35;0
31391;9059;106;6;93.64;0
31392;9059;102;3;16.63;0
31393;9059;107;3;77.21;0
31394;9060;104;6;4.07;0
31395;9060;117;1;94.29;0
31396;9060;112;2;11.48;0
31397;9060;110;1;87.41;0
31398;9060;116;9;31.81;0
31399;9061;104;9;4.07;0
31400;9062;107;6;77.21;0
31401;9062;105;4;86.64;0
31402;9062;112;2;11.48;0
31403;9062;113;8;85.64;0
31404;9062;118;10;11.11;0
31405;9062;108;5;11.73;1
31406;9063;107;5;77.21;0
31407;9064;103;1;93.05;0
31408;9064;114;10;31.92;0
31409;9064;108;2;11.73;0
31410;9065;104;6;4.07;0
31411;9065;113;5;85.64;0
31412;9065;101;9;44.35;6
31413;9065;118;5;11.11;0
31414;9065;106;10;93.64;0
31415;9066;107;7;77.21;0
31416;9066;110;3;87.41;0
31417;9066;112;6;11.48;0
31418;9066;104;3;4.07;0
31419;9066;115;10;21.03;4
31420;9066;116;9;31.81;0
31421;9067;111;7;34.02;0
31422;9067;110;6;87.41;0
31423;9067;113;10;85.64;0
31424;9068;113;8;85.64;0
31425;9068;105;7;86.64;0
31426;9068;118;9;11.11;0
31427;9068;116;6;31.81;0
31428;9069;103;4;93.05;0
31429;9069;116;2;31.81;0
31430;9069;106;6;93.64;0
31431;9069;110;2;87.41;0
31432;9069;112;9;11.48;5
31433;9069;118;8;11.11;0
31434;9070;110;7;87.41;0
31435;9070;102;7;16.63;0
31436;9070;109;9;14.81;0
31437;9070;116;8;31.81;0
31438;9071;118;8;11.11;0
31439;9071;106;6;93.64;0
31440;9071;117;6;94.29;0
31441;9071;103;6;93.05;0
31442;9071;111;4;34.02;0
31443;9072;118;7;11.11;0
31444;9072;107;4;77.21;0
31445;9072;117;4;94.29;0
31446;9072;116;2;31.81;0
31447;9072;110;6;87.41;2
31448;9073;111;4;34.02;0
31449;9073;109;7;14.81;0
31450;9073;101;9;44.35;7
31451;9074;108;5;11.73;0
31452;9074;107;6;77.21;0
31453;9075;113;6;85.64;0
31454;9076;111;10;34.02;0
31455;9076;108;6;11.73;0
31456;9076;114;2;31.92;0
31457;9077;102;5;16.63;0
31458;9078;112;1;11.48;1
31459;9078;115;1;21.03;0
31460;9078;111;7;34.02;0
31461;9078;108;6;11.73;0
31462;9079;103;4;93.05;0
31463;9079;106;6;93.64;0
31464;9079;109;2;14.81;0
31465;9079;110;6;87.41;0
31466;9079;104;5;4.07;0
31467;9079;116;4;31.81;0
31468;9080;116;8;31.81;0
31469;9080;112;1;11.48;0
31470;9081;118;6;11.11;4
31471;9081;116;3;31.81;0
31472;9082;107;3;77.21;0
31473;9083;101;8;44.35;0
31474;9083;102;4;16.63;0
31475;9084;102;9;16.63;0
31476;9084;104;1;4.07;0
31477;9084;106;2;93.64;0
31478;9084;111;8;34.02;0
31479;9085;108;9;11.73;0
31480;9085;115;1;21.03;0
31481;9085;102;3;16.63;0
31482;9085;111;10;34.02;0
31483;9086;103;1;93.05;0
31484;9086;117;7;94.29;0
31485;9086;102;8;16.63;0
31486;9086;105;7;86.64;0
31487;9086;101;3;44.35;0
31488;9087;114;10;31.92;0
31489;9087;102;1;16.63;0
31490;9087;109;3;14.81;0
31491;9087;105;2;86.64;0
31492;9087;115;5;21.03;0
31493;9087;116;9;31.81;0
31494;9088;111;7;34.02;0
31495;9088;103;3;93.05;0
31496;9088;108;1;11.73;0
31497;9089;104;1;4.07;0
31498;9089;115;2;21.03;0
31499;9089;108;4;11.73;0
31500;9089;114;10;31.92;0
31501;9089;110;6;87.41;0
31502;9089;107;2;77.21;0
31503;9090;106;2;93.64;0
31504;9090;103;6;93.05;0
31505;9090;108;9;11.73;0
31506;9090;114;5;31.92;0
31507;9091;111;6;34.02;0
31508;9092;110;6;87.41;0
31509;9092;108;7;11.73;4
31510;9092;105;2;86.64;0
31511;9092;115;8;21.03;0
31512;9092;104;6;4.07;0
31513;9092;103;4;93.05;0
31514;9093;103;2;93.05;0
31515;9093;116;5;31.81;0
31516;9094;101;2;44.35;0
31517;9094;116;2;31.81;0
31518;9094;105;1;86.64;0
31519;9094;117;1;94.29;0
31520;9095;106;6;93.64;0
31521;9095;108;8;11.73;0
31522;9095;117;10;94.29;0
31523;9095;115;4;21.03;0
31524;9095;118;10;11.11;0
31525;9096;102;2;16.63;0
31526;9096;106;6;93.64;0
31527;9096;107;4;77.21;0
31528;9096;117;4;94.29;0
31529;9096;116;9;31.81;0
31530;9096;109;2;14.81;0
31531;9097;110;5;87.41;0
31532;9097;116;10;31.81;0
31533;9098;114;9;31.92;0
31534;9098;115;3;21.03;0
31535;9099;102;2;16.63;0
31536;9100;114;9;31.92;0
31537;9100;117;6;94.29;0
31538;9100;105;2;86.64;0
31539;9100;110;6;87.41;0
31540;9100;102;1;16.63;0
31541;9100;101;8;44.35;0
31542;9101;111;3;34.02;0
31543;9101;102;8;16.63;0
31544;9101;105;9;86.64;0
31545;9101;110;8;87.41;0
31546;9102;112;1;11.48;0
31547;9102;117;5;94.29;0
31548;9103;112;7;11.48;5
31549;9103;111;10;34.02;0
31550;9103;114;5;31.92;0
31551;9103;116;8;31.81;0
31552;9103;108;1;11.73;0
31553;9104;109;1;14.81;0
31554;9104;111;10;34.02;0
31555;9104;114;8;31.92;5
31556;9105;104;5;4.07;0
31557;9105;115;1;21.03;0
31558;9105;110;3;87.41;0
31559;9105;108;2;11.73;0
31560;9105;117;3;94.29;0
31561;9105;111;8;34.02;0
31562;9106;116;10;31.81;0
31563;9106;108;2;11.73;0
31564;9106;109;7;14.81;0
31565;9106;114;6;31.92;0
31566;9107;108;6;11.73;0
31567;9107;112;8;11.48;0
31568;9107;110;1;87.41;0
31569;9107;114;1;31.92;0
31570;9107;103;7;93.05;0
31571;9108;118;9;11.11;0
31572;9108;110;6;87.41;0
31573;9109;103;9;93.05;0
31574;9110;111;3;34.02;0
31575;9110;103;2;93.05;0
31576;9110;108;4;11.73;0
31577;9111;102;9;16.63;0
31578;9111;101;8;44.35;0
31579;9111;103;3;93.05;0
31580;9111;104;10;4.07;0
31581;9111;106;2;93.64;0
31582;9111;108;1;11.73;0
31583;9112;106;10;93.64;0
31584;9113;117;6;94.29;0
31585;9113;104;7;4.07;0
31586;9113;113;10;85.64;0
31587;9113;116;2;31.81;0
31588;9114;114;3;31.92;1
31589;9115;103;9;93.05;0
31590;9115;111;4;34.02;0
31591;9115;109;6;14.81;0
31592;9115;102;5;16.63;0
31593;9115;115;8;21.03;0
31594;9116;103;5;93.05;0
31595;9116;112;1;11.48;0
31596;9116;115;8;21.03;0
31597;9116;113;10;85.64;0
31598;9116;118;6;11.11;0
31599;9117;116;10;31.81;0
31600;9117;110;5;87.41;0
31601;9117;101;10;44.35;0
31602;9117;105;1;86.64;0
31603;9118;112;2;11.48;0
31604;9118;118;5;11.11;0
31605;9118;110;4;87.41;0
31606;9118;113;4;85.64;0
31607;9119;111;9;34.02;2
31608;9119;114;1;31.92;0
31609;9119;101;1;44.35;1
31610;9119;105;9;86.64;0
31611;9119;118;10;11.11;0
31612;9120;113;1;85.64;0
31613;9120;104;1;4.07;0
31614;9120;116;3;31.81;0
31615;9120;114;4;31.92;0
31616;9121;112;9;11.48;0
31617;9121;110;3;87.41;0
31618;9121;117;8;94.29;0
31619;9121;107;1;77.21;0
31620;9122;118;4;11.11;0
31621;9123;111;10;34.02;0
31622;9123;103;2;93.05;0
31623;9123;102;1;16.63;0
31624;9124;101;5;44.35;0
31625;9124;112;3;11.48;0
31626;9124;103;9;93.05;0
31627;9125;102;9;16.63;0
31628;9125;113;2;85.64;0
31629;9125;101;7;44.35;0
31630;9125;115;7;21.03;0
31631;9125;111;10;34.02;0
31632;9125;104;4;4.07;0
31633;9126;113;1;85.64;0
31634;9126;110;5;87.41;0
31635;9126;108;10;11.73;0
31636;9126;102;3;16.63;0
31637;9126;109;2;14.81;0
31638;9127;117;9;94.29;0
31639;9127;109;4;14.81;0
31640;9127;110;5;87.41;0
31641;9127;106;8;93.64;0
31642;9127;113;7;85.64;0
31643;9127;107;9;77.21;0
31644;9128;110;4;87.41;0
31645;9128;115;5;21.03;0
31646;9129;103;1;93.05;0
31647;9129;101;7;44.35;0
31648;9129;102;2;16.63;0
31649;9130;104;5;4.07;0
31650;9130;111;7;34.02;0
31651;9130;112;8;11.48;0
31652;9130;117;10;94.29;0
31653;9130;105;6;86.64;0
31654;9131;114;3;31.92;0
31655;9131;112;2;11.48;0
31656;9131;109;9;14.81;0
31657;9132;115;1;21.03;0
31658;9132;117;7;94.29;0
31659;9133;105;9;86.64;0
31660;9134;105;9;86.64;0
31661;9134;106;8;93.64;0
31662;9134;113;10;85.64;0
31663;9134;108;8;11.73;0
31664;9134;103;6;93.05;0
31665;9135;104;10;4.07;4
31666;9135;115;4;21.03;0
31667;9135;110;4;87.41;0
31668;9135;111;8;34.02;0
31669;9135;103;8;93.05;0
31670;9136;108;8;11.73;0
31671;9136;118;4;11.11;0
31672;9136;113;9;85.64;0
31673;9136;106;5;93.64;0
31674;9136;103;4;93.05;0
31675;9137;112;4;11.48;0
31676;9137;102;2;16.63;0
31677;9138;118;7;11.11;0
31678;9138;113;10;85.64;0
31679;9138;103;5;93.05;0
31680;9138;111;5;34.02;2
31681;9138;116;7;31.81;0
31682;9139;117;3;94.29;0
31683;9139;103;2;93.05;0
31684;9139;111;1;34.02;0
31685;9139;105;6;86.64;0
31686;9139;110;8;87.41;0
31687;9139;106;7;93.64;0
31688;9140;106;2;93.64;0
31689;9140;115;6;21.03;0
31690;9140;107;3;77.21;0
31691;9140;102;7;16.63;0
31692;9141;114;10;31.92;0
31693;9141;107;8;77.21;0
31694;9141;105;3;86.64;0
31695;9141;108;8;11.73;0
31696;9141;112;3;11.48;0
31697;9142;115;9;21.03;0
31698;9142;107;4;77.21;0
31699;9143;106;1;93.64;0
31700;9144;103;3;93.05;0
31701;9144;113;6;85.64;0
31702;9144;107;3;77.21;2
31703;9144;106;3;93.64;0
31704;9144;102;8;16.63;0
31705;9144;108;6;11.73;0
31706;9145;111;8;34.02;0
31707;9145;117;9;94.29;0
31708;9145;103;2;93.05;0
31709;9145;101;4;44.35;2
31710;9145;104;4;4.07;0
31711;9145;118;2;11.11;0
31712;9146;115;5;21.03;0
31713;9146;107;3;77.21;0
31714;9146;113;4;85.64;0
31715;9147;104;4;4.07;3
31716;9148;112;7;11.48;0
31717;9148;101;6;44.35;0
31718;9148;118;5;11.11;0
31719;9148;115;9;21.03;0
31720;9148;116;8;31.81;0
31721;9149;102;8;16.63;0
31722;9149;112;8;11.48;0
31723;9149;116;10;31.81;0
31724;9149;110;5;87.41;0
31725;9150;105;3;86.64;0
31726;9151;114;7;31.92;0
31727;9151;110;4;87.41;0
31728;9151;109;2;14.81;0
31729;9151;101;5;44.35;0
31730;9151;102;9;16.63;8
31731;9151;113;10;85.64;0
31732;9152;101;6;44.35;0
31733;9152;113;1;85.64;1
31734;9152;115;2;21.03;0
31735;9152;107;8;77.21;0
31736;9152;112;4;11.48;0
31737;9153;111;5;34.02;0
31738;9153;104;1;4.07;0
31739;9154;111;3;34.02;0
31740;9154;102;3;16.63;0
31741;9154;107;2;77.21;0
31742;9154;114;7;31.92;2
31743;9154;106;2;93.64;0
31744;9155;118;9;11.11;0
31745;9155;104;4;4.07;0
31746;9155;101;1;44.35;0
31747;9155;111;4;34.02;0
31748;9155;103;6;93.05;0
31749;9156;105;10;86.64;0
31750;9156;110;4;87.41;0
31751;9156;106;4;93.64;0
31752;9156;101;4;44.35;0
31753;9157;118;4;11.11;0
31754;9157;102;3;16.63;0
31755;9158;111;7;34.02;0
31756;9158;103;10;93.05;1
31757;9158;118;2;11.11;0
31758;9159;107;9;77.21;3
31759;9159;112;10;11.48;0
31760;9159;117;4;94.29;0
31761;9160;112;2;11.48;0
31762;9160;102;8;16.63;0
31763;9160;101;1;44.35;0
31764;9161;114;9;31.92;0
31765;9161;104;7;4.07;0
31766;9161;109;7;14.81;0
31767;9161;110;10;87.41;0
31768;9161;103;7;93.05;0
31769;9161;108;1;11.73;0
31770;9162;107;7;77.21;0
31771;9162;113;1;85.64;0
31772;9162;115;9;21.03;0
31773;9162;112;2;11.48;0
31774;9163;113;2;85.64;0
31775;9164;101;3;44.35;0
31776;9164;115;4;21.03;0
31777;9164;110;5;87.41;0
31778;9164;105;1;86.64;0
31779;9164;109;1;14.81;0
31780;9165;113;4;85.64;0
31781;9165;114;8;31.92;0
31782;9165;112;2;11.48;0
31783;9165;118;8;11.11;0
31784;9166;104;2;4.07;0
31785;9166;116;4;31.81;0
31786;9166;108;9;11.73;0
31787;9166;112;6;11.48;0
31788;9166;115;5;21.03;2
31789;9167;115;8;21.03;0
31790;9168;101;1;44.35;0
31791;9168;104;8;4.07;0
31792;9168;103;5;93.05;0
31793;9168;114;9;31.92;0
31794;9168;107;3;77.21;0
31795;9168;109;2;14.81;0
31796;9169;114;5;31.92;0
31797;9170;106;1;93.64;0
31798;9170;104;4;4.07;0
31799;9170;110;4;87.41;0
31800;9170;103;7;93.05;7
31801;9170;117;8;94.29;0
31802;9170;115;3;21.03;0
31803;9171;113;5;85.64;0
31804;9171;117;6;94.29;0
31805;9171;105;7;86.64;0
31806;9171;110;7;87.41;0
31807;9172;109;6;14.81;0
31808;9172;103;3;93.05;0
31809;9172;105;3;86.64;1
31810;9172;107;4;77.21;0
31811;9173;102;6;16.63;6
31812;9173;101;1;44.35;0
31813;9173;106;9;93.64;0
31814;9173;114;1;31.92;0
31815;9173;113;6;85.64;0
31816;9173;118;9;11.11;0
31817;9174;114;6;31.92;0
31818;9174;106;7;93.64;0
31819;9174;115;5;21.03;0
31820;9175;117;6;94.29;0
31821;9175;111;3;34.02;0
31822;9175;107;6;77.21;0
31823;9175;115;1;21.03;1
31824;9175;118;3;11.11;0
31825;9176;104;10;4.07;0
31826;9176;116;1;31.81;0
31827;9176;101;5;44.35;0
31828;9176;106;1;93.64;0
31829;9176;114;10;31.92;0
31830;9177;111;8;34.02;0
31831;9177;115;2;21.03;0
31832;9177;105;3;86.64;3
31833;9178;109;3;14.81;0
31834;9178;102;4;16.63;0
31835;9178;111;9;34.02;0
31836;9178;103;7;93.05;0
31837;9179;118;7;11.11;0
31838;9179;103;2;93.05;2
31839;9180;110;10;87.41;0
31840;9180;104;2;4.07;0
31841;9180;108;2;11.73;0
31842;9181;111;4;34.02;4
31843;9181;101;6;44.35;0
31844;9181;103;3;93.05;0
31845;9181;115;3;21.03;0
31846;9181;112;6;11.48;0
31847;9182;102;2;16.63;0
31848;9183;115;7;21.03;0
31849;9183;109;8;14.81;0
31850;9183;103;9;93.05;0
31851;9184;114;6;31.92;0
31852;9184;107;1;77.21;0
31853;9184;112;9;11.48;0
31854;9184;116;1;31.81;0
31855;9184;106;2;93.64;0
31856;9185;110;2;87.41;0
31857;9185;118;6;11.11;0
31858;9186;117;5;94.29;0
31859;9186;101;1;44.35;0
31860;9186;114;2;31.92;0
31861;9186;110;7;87.41;0
31862;9186;112;9;11.48;0
31863;9186;105;1;86.64;0
31864;9187;104;8;4.07;0
31865;9187;107;4;77.21;0
31866;9187;118;10;11.11;0
31867;9187;115;7;21.03;0
31868;9187;101;1;44.35;0
31869;9187;112;9;11.48;0
31870;9188;113;10;85.64;0
31871;9188;115;1;21.03;1
31872;9188;103;4;93.05;0
31873;9188;106;6;93.64;0
31874;9189;108;10;11.73;0
31875;9189;103;3;93.05;0
31876;9189;115;2;21.03;0
31877;9189;105;7;86.64;0
31878;9189;114;1;31.92;1
31879;9190;108;9;11.73;0
31880;9190;106;3;93.64;0
31881;9190;110;5;87.41;0
31882;9190;118;5;11.11;0
31883;9190;103;6;93.05;0
31884;9191;110;5;87.41;0
31885;9191;107;10;77.21;0
31886;9191;113;10;85.64;0
31887;9192;114;2;31.92;0
31888;9192;106;7;93.64;0
31889;9192;112;1;11.48;0
31890;9193;116;5;31.81;0
31891;9193;103;8;93.05;0
31892;9193;117;2;94.29;0
31893;9193;113;8;85.64;0
31894;9194;113;5;85.64;0
31895;9195;103;4;93.05;0
31896;9195;102;6;16.63;0
31897;9195;112;7;11.48;0
31898;9195;106;5;93.64;0
31899;9196;107;2;77.21;0
31900;9196;108;10;11.73;0
31901;9196;112;2;11.48;0
31902;9196;101;5;44.35;0
31903;9196;118;6;11.11;0
31904;9196;102;6;16.63;0
31905;9197;113;6;85.64;0
31906;9197;117;8;94.29;6
31907;9197;115;2;21.03;0
31908;9197;118;10;11.11;0
31909;9197;114;6;31.92;0
31910;9198;106;3;93.64;0
31911;9198;111;8;34.02;0
31912;9198;109;1;14.81;0
31913;9198;102;3;16.63;0
31914;9198;108;10;11.73;0
31915;9198;116;3;31.81;0
31916;9199;115;9;21.03;0
31917;9200;101;6;44.35;0
31918;9201;103;9;93.05;0
31919;9201;108;6;11.73;0
31920;9201;105;8;86.64;0
31921;9201;118;3;11.11;0
31922;9201;109;7;14.81;0
31923;9201;102;8;16.63;0
31924;9202;112;5;11.48;0
31925;9202;105;10;86.64;0
31926;9202;116;7;31.81;3
31927;9202;115;5;21.03;0
31928;9203;114;2;31.92;0
31929;9203;106;4;93.64;0
31930;9203;113;4;85.64;0
31931;9204;111;2;34.02;0
31932;9205;110;8;87.41;2
31933;9205;117;2;94.29;0
31934;9205;102;9;16.63;0
31935;9206;107;10;77.21;0
31936;9206;112;7;11.48;0
31937;9206;116;1;31.81;0
31938;9206;109;5;14.81;0
31939;9206;105;5;86.64;0
31940;9207;116;8;31.81;0
31941;9207;101;9;44.35;0
31942;9207;109;8;14.81;0
31943;9207;114;8;31.92;0
31944;9208;103;2;93.05;0
31945;9208;108;1;11.73;0
31946;9208;106;9;93.64;0
31947;9208;114;10;31.92;0
31948;9208;116;2;31.81;0
31949;9209;117;5;94.29;0
31950;9209;105;9;86.64;0
31951;9210;117;8;94.29;0
31952;9210;103;4;93.05;0
31953;9211;110;4;87.41;0
31954;9211;114;8;31.92;0
31955;9211;108;9;11.73;0
31956;9212;118;2;11.11;0
31957;9212;114;5;31.92;0
31958;9213;111;2;34.02;0
31959;9213;103;2;93.05;1
31960;9213;113;2;85.64;0
31961;9213;115;9;21.03;0
31962;9214;104;10;4.07;0
31963;9214;113;7;85.64;0
31964;9214;117;3;94.29;3
31965;9214;115;1;21.03;0
31966;9214;107;9;77.21;0
31967;9215;118;6;11.11;0
31968;9215;101;9;44.35;0
31969;9215;113;8;85.64;0
31970;9216;118;1;11.11;0
31971;9216;101;2;44.35;0
31972;9216;102;6;16.63;0
31973;9217;118;1;11.11;0
31974;9217;110;5;87.41;0
31975;9218;112;4;11.48;0
31976;9218;116;2;31.81;0
31977;9218;111;6;34.02;0
31978;9218;103;10;93.05;0
31979;9219;102;7;16.63;0
31980;9219;109;1;14.81;0
31981;9219;111;10;34.02;0
31982;9220;105;2;86.64;0
31983;9220;117;8;94.29;0
31984;9221;112;4;11.48;0
31985;9222;115;6;21.03;0
31986;9223;114;5;31.92;0
31987;9223;104;9;4.07;0
31988;9223;115;10;21.03;0
31989;9224;105;10;86.64;0
31990;9224;114;7;31.92;0
31991;9225;109;1;14.81;0
31992;9225;112;8;11.48;0
31993;9225;103;1;93.05;0
31994;9225;116;7;31.81;0
31995;9226;108;7;11.73;0
31996;9226;102;3;16.63;0
31997;9226;110;5;87.41;0
31998;9226;112;9;11.48;0
31999;9226;111;5;34.02;0
32000;9227;102;9;16.63;0
32001;9227;104;2;4.07;0
32002;9227;118;10;11.11;0
32003;9228;111;9;34.02;0
32004;9228;105;4;86.64;0
32005;9229;115;10;21.03;0
32006;9229;106;10;93.64;0
32007;9229;117;6;94.29;0
32008;9229;109;3;14.81;0
32009;9229;118;10;11.11;0
32010;9230;105;2;86.64;0
32011;9230;109;1;14.81;0
32012;9230;101;10;44.35;0
32013;9230;117;1;94.29;0
32014;9231;107;2;77.21;0
32015;9231;111;6;34.02;0
32016;9231;114;3;31.92;0
32017;9231;104;7;4.07;0
32018;9231;102;10;16.63;0
32019;9232;115;2;21.03;0
32020;9232;109;5;14.81;0
32021;9232;102;2;16.63;0
32022;9232;110;10;87.41;0
32023;9232;111;3;34.02;0
32024;9233;101;8;44.35;0
32025;9234;109;4;14.81;0
32026;9234;115;4;21.03;0
32027;9235;117;2;94.29;2
32028;9235;108;4;11.73;0
32029;9235;109;7;14.81;0
32030;9235;112;10;11.48;0
32031;9235;106;8;93.64;0
32032;9236;118;1;11.11;0
32033;9236;108;7;11.73;0
32034;9236;115;2;21.03;0
32035;9237;113;3;85.64;0
32036;9237;112;9;11.48;0
32037;9237;117;6;94.29;0
32038;9237;116;9;31.81;0
32039;9237;115;8;21.03;0
32040;9237;105;9;86.64;0
32041;9238;111;1;34.02;0
32042;9239;101;6;44.35;0
32043;9239;110;7;87.41;0
32044;9239;116;6;31.81;0
32045;9240;105;7;86.64;5
32046;9240;110;1;87.41;0
32047;9240;118;7;11.11;0
32048;9241;105;6;86.64;0
32049;9241;102;2;16.63;0
32050;9241;103;9;93.05;0
32051;9241;111;3;34.02;0
32052;9242;117;7;94.29;0
32053;9242;114;5;31.92;2
32054;9242;112;6;11.48;0
32055;9242;106;7;93.64;0
32056;9242;103;4;93.05;0
32057;9243;113;5;85.64;0
32058;9243;107;5;77.21;0
32059;9243;104;7;4.07;0
32060;9243;105;3;86.64;0
32061;9243;116;1;31.81;0
32062;9243;112;8;11.48;0
32063;9244;104;5;4.07;0
32064;9245;101;2;44.35;0
32065;9245;104;4;4.07;0
32066;9245;111;2;34.02;0
32067;9246;105;10;86.64;0
32068;9246;117;8;94.29;0
32069;9247;102;1;16.63;0
32070;9247;117;5;94.29;0
32071;9247;110;3;87.41;0
32072;9247;104;10;4.07;0
32073;9247;114;5;31.92;0
32074;9248;106;2;93.64;0
32075;9248;111;3;34.02;0
32076;9249;114;8;31.92;0
32077;9249;112;2;11.48;0
32078;9249;105;7;86.64;0
32079;9250;118;8;11.11;0
32080;9250;113;3;85.64;0
32081;9250;110;3;87.41;0
32082;9250;114;5;31.92;0
32083;9251;113;4;85.64;0
32084;9251;102;10;16.63;0
32085;9251;104;8;4.07;0
32086;9251;110;1;87.41;0
32087;9251;108;7;11.73;0
32088;9251;117;2;94.29;0
32089;9252;107;6;77.21;0
32090;9252;113;9;85.64;0
32091;9252;112;1;11.48;0
32092;9252;115;1;21.03;0
32093;9253;115;7;21.03;0
32094;9253;114;7;31.92;0
32095;9253;109;5;14.81;0
32096;9253;110;4;87.41;0
32097;9253;105;6;86.64;0
32098;9253;106;4;93.64;0
32099;9254;109;4;14.81;2
32100;9254;112;9;11.48;0
32101;9254;104;9;4.07;0
32102;9254;111;5;34.02;0
32103;9254;115;1;21.03;0
32104;9254;117;4;94.29;0
32105;9255;104;9;4.07;0
32106;9255;103;3;93.05;0
32107;9255;111;1;34.02;0
32108;9255;112;8;11.48;0
32109;9255;106;9;93.64;0
32110;9255;102;2;16.63;0
32111;9256;116;2;31.81;0
32112;9256;107;9;77.21;0
32113;9256;111;6;34.02;0
32114;9256;110;2;87.41;0
32115;9256;117;8;94.29;0
32116;9256;104;8;4.07;0
32117;9257;109;10;14.81;0
32118;9257;101;2;44.35;0
32119;9258;111;7;34.02;0
32120;9259;118;9;11.11;0
32121;9259;101;10;44.35;8
32122;9259;108;2;11.73;0
32123;9259;105;4;86.64;0
32124;9259;103;2;93.05;0
32125;9260;108;8;11.73;0
32126;9260;106;7;93.64;0
32127;9260;109;3;14.81;0
32128;9260;107;5;77.21;0
32129;9260;115;8;21.03;0
32130;9260;112;2;11.48;0
32131;9261;102;9;16.63;0
32132;9261;118;8;11.11;0
32133;9261;107;8;77.21;0
32134;9261;113;10;85.64;0
32135;9261;112;8;11.48;0
32136;9261;105;9;86.64;0
32137;9262;110;9;87.41;0
32138;9262;118;7;11.11;0
32139;9262;113;1;85.64;0
32140;9262;112;6;11.48;5
32141;9262;104;7;4.07;0
32142;9262;103;8;93.05;0
32143;9263;109;6;14.81;0
32144;9263;115;2;21.03;0
32145;9263;118;7;11.11;0
32146;9263;101;4;44.35;0
32147;9263;117;10;94.29;0
32148;9264;114;6;31.92;0
32149;9265;109;7;14.81;0
32150;9265;112;2;11.48;0
32151;9265;107;1;77.21;0
32152;9266;107;10;77.21;0
32153;9266;111;9;34.02;0
32154;9266;105;3;86.64;0
32155;9267;104;2;4.07;0
32156;9268;111;6;34.02;0
32157;9269;111;7;34.02;0
32158;9269;110;7;87.41;0
32159;9269;104;4;4.07;3
32160;9269;102;5;16.63;0
32161;9269;112;3;11.48;0
32162;9270;105;1;86.64;0
32163;9270;107;5;77.21;4
32164;9270;116;2;31.81;0
32165;9270;111;4;34.02;0
32166;9271;113;10;85.64;0
32167;9271;101;10;44.35;3
32168;9271;102;6;16.63;0
32169;9272;114;9;31.92;0
32170;9272;102;7;16.63;0
32171;9272;104;8;4.07;0
32172;9272;109;5;14.81;0
32173;9272;111;1;34.02;0
32174;9273;104;6;4.07;1
32175;9273;114;1;31.92;0
32176;9273;118;1;11.11;0
32177;9273;102;1;16.63;1
32178;9274;102;3;16.63;3
32179;9275;111;6;34.02;0
32180;9275;102;8;16.63;0
32181;9275;107;8;77.21;0
32182;9275;101;2;44.35;0
32183;9276;109;10;14.81;0
32184;9276;118;10;11.11;0
32185;9276;113;10;85.64;0
32186;9277;114;5;31.92;0
32187;9277;104;7;4.07;0
32188;9278;111;8;34.02;0
32189;9278;102;9;16.63;0
32190;9278;115;1;21.03;0
32191;9279;117;9;94.29;0
32192;9280;116;8;31.81;0
32193;9280;105;2;86.64;0
32194;9280;114;7;31.92;0
32195;9281;115;2;21.03;2
32196;9281;101;10;44.35;0
32197;9281;104;4;4.07;0
32198;9282;114;4;31.92;2
32199;9282;113;8;85.64;0
32200;9282;107;1;77.21;0
32201;9283;113;9;85.64;3
32202;9284;106;2;93.64;0
32203;9284;115;10;21.03;0
32204;9284;102;4;16.63;0
32205;9284;113;6;85.64;0
32206;9284;108;1;11.73;0
32207;9284;112;9;11.48;0
32208;9285;114;10;31.92;0
32209;9285;102;1;16.63;0
32210;9285;108;9;11.73;0
32211;9285;104;6;4.07;0
32212;9285;110;10;87.41;0
32213;9285;117;3;94.29;0
32214;9286;102;7;16.63;0
32215;9286;116;4;31.81;0
32216;9286;103;7;93.05;0
32217;9286;101;8;44.35;0
32218;9286;112;2;11.48;0
32219;9286;115;1;21.03;0
32220;9287;109;3;14.81;0
32221;9287;112;4;11.48;0
32222;9287;118;7;11.11;0
32223;9287;116;1;31.81;1
32224;9287;111;4;34.02;0
32225;9288;103;10;93.05;0
32226;9288;101;9;44.35;0
32227;9288;110;10;87.41;0
32228;9288;117;7;94.29;0
32229;9288;102;1;16.63;0
32230;9289;117;7;94.29;0
32231;9289;109;8;14.81;0
32232;9289;115;7;21.03;0
32233;9289;101;10;44.35;0
32234;9289;106;7;93.64;0
32235;9290;103;10;93.05;0
32236;9291;108;7;11.73;0
32237;9291;102;3;16.63;0
32238;9291;104;1;4.07;0
32239;9291;113;6;85.64;0
32240;9292;105;8;86.64;0
32241;9293;107;9;77.21;0
32242;9293;104;8;4.07;3
32243;9293;118;5;11.11;0
32244;9294;114;4;31.92;0
32245;9294;111;10;34.02;0
32246;9294;103;3;93.05;0
32247;9294;115;10;21.03;0
32248;9294;109;7;14.81;0
32249;9294;113;5;85.64;0
32250;9295;114;8;31.92;3
32251;9295;103;10;93.05;0
32252;9295;118;4;11.11;0
32253;9296;113;10;85.64;0
32254;9296;114;6;31.92;0
32255;9296;112;6;11.48;0
32256;9296;111;4;34.02;4
32257;9296;105;8;86.64;0
32258;9297;101;9;44.35;0
32259;9297;108;7;11.73;0
32260;9297;109;5;14.81;0
32261;9297;103;8;93.05;0
32262;9298;110;4;87.41;0
32263;9298;113;8;85.64;0
32264;9298;102;10;16.63;0
32265;9299;112;3;11.48;0
32266;9300;111;5;34.02;0
32267;9300;101;10;44.35;0
32268;9300;113;4;85.64;0
32269;9300;106;10;93.64;0
32270;9300;115;1;21.03;0
32271;9301;101;9;44.35;0
32272;9301;114;6;31.92;0
32273;9302;116;5;31.81;0
32274;9302;111;6;34.02;0
32275;9302;108;6;11.73;0
32276;9302;103;9;93.05;0
32277;9302;105;4;86.64;0
32278;9302;102;6;16.63;0
32279;9303;103;2;93.05;0
32280;9303;108;3;11.73;0
32281;9303;117;4;94.29;0
32282;9304;115;3;21.03;0
32283;9304;112;1;11.48;1
32284;9304;104;7;4.07;0
32285;9305;108;6;11.73;0
32286;9305;105;2;86.64;0
32287;9305;113;2;85.64;0
32288;9305;101;10;44.35;0
32289;9305;103;1;93.05;0
32290;9305;115;6;21.03;0
32291;9306;110;1;87.41;0
32292;9306;106;2;93.64;0
32293;9306;111;10;34.02;0
32294;9306;101;6;44.35;0
32295;9307;115;1;21.03;0
32296;9307;109;6;14.81;0
32297;9308;113;5;85.64;4
32298;9308;109;2;14.81;0
32299;9308;105;8;86.64;0
32300;9308;114;5;31.92;0
32301;9308;108;4;11.73;0
32302;9308;101;10;44.35;0
32303;9309;113;1;85.64;0
32304;9309;107;10;77.21;0
32305;9309;104;7;4.07;0
32306;9309;117;3;94.29;0
32307;9309;106;6;93.64;0
32308;9310;110;10;87.41;0
32309;9310;106;6;93.64;0
32310;9310;101;9;44.35;0
32311;9310;115;5;21.03;0
32312;9310;108;5;11.73;0
32313;9310;109;7;14.81;0
32314;9311;108;5;11.73;0
32315;9311;101;10;44.35;0
32316;9312;101;7;44.35;2
32317;9312;106;2;93.64;0
32318;9312;112;7;11.48;0
32319;9312;113;2;85.64;0
32320;9313;104;9;4.07;0
32321;9313;112;8;11.48;0
32322;9313;115;9;21.03;0
32323;9313;108;2;11.73;0
32324;9313;118;6;11.11;0
32325;9314;113;7;85.64;3
32326;9315;103;1;93.05;0
32327;9315;110;3;87.41;0
32328;9316;105;2;86.64;0
32329;9316;103;4;93.05;0
32330;9317;112;5;11.48;0
32331;9317;110;9;87.41;0
32332;9318;114;10;31.92;0
32333;9318;104;10;4.07;0
32334;9319;105;10;86.64;0
32335;9319;110;1;87.41;0
32336;9319;111;10;34.02;0
32337;9319;103;3;93.05;0
32338;9319;118;10;11.11;0
32339;9320;111;4;34.02;0
32340;9321;104;8;4.07;0
32341;9321;112;9;11.48;0
32342;9322;103;8;93.05;0
32343;9323;115;10;21.03;0
32344;9323;118;2;11.11;0
32345;9323;113;5;85.64;0
32346;9323;106;3;93.64;0
32347;9323;109;2;14.81;0
32348;9324;107;8;77.21;0
32349;9324;114;10;31.92;0
32350;9324;109;4;14.81;0
32351;9324;106;5;93.64;4
32352;9325;106;1;93.64;0
32353;9325;115;8;21.03;0
32354;9325;108;3;11.73;0
32355;9325;102;5;16.63;0
32356;9326;113;4;85.64;0
32357;9326;108;8;11.73;0
32358;9326;102;1;16.63;0
32359;9326;118;3;11.11;0
32360;9326;115;6;21.03;0
32361;9326;101;1;44.35;0
32362;9327;107;1;77.21;0
32363;9327;109;5;14.81;0
32364;9327;118;3;11.11;0
32365;9327;111;6;34.02;0
32366;9327;114;1;31.92;0
32367;9328;111;1;34.02;0
32368;9329;114;1;31.92;0
32369;9329;108;6;11.73;0
32370;9329;106;5;93.64;0
32371;9329;109;8;14.81;0
32372;9329;107;7;77.21;0
32373;9330;110;6;87.41;0
32374;9330;101;1;44.35;0
32375;9330;117;7;94.29;7
32376;9330;118;7;11.11;0
32377;9331;116;2;31.81;0
32378;9331;108;4;11.73;0
32379;9331;107;7;77.21;0
32380;9331;115;10;21.03;0
32381;9332;105;9;86.64;0
32382;9332;108;3;11.73;0
32383;9332;101;1;44.35;0
32384;9332;103;9;93.05;0
32385;9332;111;9;34.02;0
32386;9333;106;5;93.64;0
32387;9334;101;9;44.35;0
32388;9334;102;1;16.63;0
32389;9334;114;6;31.92;0
32390;9334;113;2;85.64;0
32391;9334;108;6;11.73;1
32392;9335;118;4;11.11;0
32393;9335;101;5;44.35;0
32394;9335;117;2;94.29;0
32395;9335;111;2;34.02;0
32396;9335;116;5;31.81;1
32397;9336;102;8;16.63;0
32398;9337;103;2;93.05;2
32399;9338;113;7;85.64;0
32400;9339;101;4;44.35;0
32401;9339;108;3;11.73;0
32402;9339;109;6;14.81;0
32403;9339;110;1;87.41;0
32404;9339;106;3;93.64;0
32405;9339;117;10;94.29;0
32406;9340;117;10;94.29;0
32407;9340;118;9;11.11;0
32408;9340;116;8;31.81;0
32409;9340;103;8;93.05;0
32410;9341;105;9;86.64;0
32411;9341;107;10;77.21;0
32412;9342;113;8;85.64;0
32413;9342;103;3;93.05;0
32414;9342;117;4;94.29;0
32415;9342;102;2;16.63;0
32416;9343;112;8;11.48;0
32417;9343;107;3;77.21;0
32418;9344;104;4;4.07;0
32419;9345;109;3;14.81;3
32420;9345;114;10;31.92;0
32421;9345;101;9;44.35;0
32422;9345;105;3;86.64;0
32423;9345;113;1;85.64;0
32424;9346;115;5;21.03;0
32425;9346;103;3;93.05;0
32426;9346;108;7;11.73;0
32427;9346;116;8;31.81;0
32428;9346;107;2;77.21;0
32429;9347;102;8;16.63;0
32430;9347;110;7;87.41;0
32431;9347;111;7;34.02;0
32432;9348;113;4;85.64;0
32433;9348;105;9;86.64;0
32434;9348;116;7;31.81;0
32435;9348;118;1;11.11;0
32436;9348;111;4;34.02;0
32437;9349;103;10;93.05;0
32438;9349;105;5;86.64;0
32439;9349;108;6;11.73;0
32440;9349;106;6;93.64;0
32441;9349;102;7;16.63;0
32442;9350;117;1;94.29;0
32443;9350;115;9;21.03;0
32444;9350;114;10;31.92;0
32445;9350;105;6;86.64;0
32446;9350;108;4;11.73;0
32447;9351;106;8;93.64;0
32448;9352;104;3;4.07;0
32449;9352;103;9;93.05;0
32450;9352;109;6;14.81;0
32451;9352;110;7;87.41;0
32452;9352;114;5;31.92;0
32453;9352;117;1;94.29;0
32454;9353;112;6;11.48;0
32455;9353;101;3;44.35;0
32456;9353;107;8;77.21;0
32457;9353;118;6;11.11;0
32458;9353;103;2;93.05;0
32459;9354;106;1;93.64;0
32460;9354;102;9;16.63;0
32461;9354;103;4;93.05;0
32462;9354;112;3;11.48;0
32463;9354;101;3;44.35;0
32464;9354;109;10;14.81;0
32465;9355;118;8;11.11;0
32466;9355;114;6;31.92;0
32467;9355;102;8;16.63;0
32468;9355;117;7;94.29;4
32469;9355;110;6;87.41;0
32470;9356;113;2;85.64;0
32471;9356;105;1;86.64;1
32472;9356;101;10;44.35;0
32473;9356;106;6;93.64;0
32474;9356;116;7;31.81;0
32475;9356;109;5;14.81;0
32476;9357;114;4;31.92;0
32477;9357;110;5;87.41;0
32478;9357;117;4;94.29;2
32479;9357;107;3;77.21;1
32480;9357;109;3;14.81;0
32481;9357;118;6;11.11;0
32482;9358;110;10;87.41;0
32483;9358;105;8;86.64;0
32484;9358;114;5;31.92;1
32485;9358;117;8;94.29;0
32486;9358;108;7;11.73;0
32487;9358;118;9;11.11;0
32488;9359;101;7;44.35;0
32489;9360;107;7;77.21;0
32490;9360;106;7;93.64;0
32491;9360;118;4;11.11;0
32492;9360;109;1;14.81;0
32493;9361;109;6;14.81;1
32494;9361;118;8;11.11;0
32495;9361;115;4;21.03;0
32496;9361;116;1;31.81;0
32497;9361;104;5;4.07;0
32498;9362;105;4;86.64;0
32499;9362;107;5;77.21;0
32500;9362;112;8;11.48;0
32501;9362;106;3;93.64;0
32502;9363;105;9;86.64;0
32503;9364;118;3;11.11;0
32504;9364;113;2;85.64;0
32505;9364;116;4;31.81;0
32506;9364;102;1;16.63;0
32507;9364;106;9;93.64;0
32508;9364;112;3;11.48;0
32509;9365;106;6;93.64;0
32510;9366;115;8;21.03;0
32511;9366;105;4;86.64;0
32512;9366;101;7;44.35;0
32513;9366;103;9;93.05;0
32514;9366;117;9;94.29;0
32515;9367;106;7;93.64;0
32516;9367;117;10;94.29;0
32517;9367;105;1;86.64;0
32518;9367;104;3;4.07;0
32519;9368;110;9;87.41;6
32520;9369;107;6;77.21;0
32521;9369;109;2;14.81;2
32522;9370;115;8;21.03;0
32523;9370;112;10;11.48;0
32524;9370;108;10;11.73;0
32525;9370;113;2;85.64;0
32526;9370;117;8;94.29;0
32527;9370;104;2;4.07;0
32528;9371;105;8;86.64;0
32529;9371;114;3;31.92;0
32530;9371;110;1;87.41;0
32531;9372;118;5;11.11;0
32532;9372;115;1;21.03;0
32533;9372;116;3;31.81;0
32534;9372;112;9;11.48;0
32535;9372;104;9;4.07;0
32536;9372;101;10;44.35;0
32537;9373;117;3;94.29;0
32538;9373;115;7;21.03;0
32539;9373;114;4;31.92;0
32540;9373;105;10;86.64;0
32541;9374;117;2;94.29;0
32542;9374;115;7;21.03;0
32543;9374;111;5;34.02;0
32544;9375;105;7;86.64;0
32545;9375;110;8;87.41;0
32546;9375;111;2;34.02;0
32547;9376;117;2;94.29;0
32548;9377;101;1;44.35;0
32549;9377;112;8;11.48;0
32550;9377;114;4;31.92;0
32551;9377;102;2;16.63;2
32552;9378;103;10;93.05;0
32553;9378;102;2;16.63;0
32554;9378;112;3;11.48;0
32555;9379;118;9;11.11;0
32556;9379;106;1;93.64;0
32557;9379;104;2;4.07;0
32558;9380;106;6;93.64;0
32559;9380;105;4;86.64;0
32560;9380;104;4;4.07;4
32561;9380;115;5;21.03;0
32562;9381;114;5;31.92;0
32563;9381;115;4;21.03;0
32564;9381;106;1;93.64;0
32565;9381;113;8;85.64;0
32566;9381;107;8;77.21;0
32567;9381;102;2;16.63;0
32568;9382;116;2;31.81;0
32569;9382;112;7;11.48;0
32570;9383;109;1;14.81;0
32571;9383;107;4;77.21;0
32572;9383;102;8;16.63;0
32573;9383;116;3;31.81;0
32574;9384;106;8;93.64;0
32575;9384;112;7;11.48;0
32576;9384;101;2;44.35;0
32577;9384;116;1;31.81;0
32578;9384;111;10;34.02;0
32579;9385;101;4;44.35;0
32580;9385;111;6;34.02;3
32581;9385;116;4;31.81;0
32582;9385;108;1;11.73;0
32583;9385;117;4;94.29;0
32584;9386;116;7;31.81;0
32585;9386;110;7;87.41;0
32586;9386;118;9;11.11;7
32587;9386;112;1;11.48;0
32588;9386;113;8;85.64;0
32589;9386;109;4;14.81;0
32590;9387;117;3;94.29;0
32591;9387;106;10;93.64;0
32592;9387;116;2;31.81;0
32593;9388;107;10;77.21;0
32594;9388;116;9;31.81;0
32595;9388;117;9;94.29;0
32596;9388;114;10;31.92;0
32597;9388;105;9;86.64;0
32598;9389;112;4;11.48;0
32599;9389;106;8;93.64;0
32600;9389;117;7;94.29;0
32601;9389;107;8;77.21;0
32602;9389;113;4;85.64;1
32603;9389;116;5;31.81;0
32604;9390;117;1;94.29;0
32605;9390;106;6;93.64;0
32606;9391;117;1;94.29;0
32607;9391;107;4;77.21;0
32608;9391;102;7;16.63;1
32609;9391;114;6;31.92;0
32610;9391;112;4;11.48;0
32611;9391;106;4;93.64;0
32612;9392;109;9;14.81;0
32613;9393;108;7;11.73;0
32614;9394;116;2;31.81;0
32615;9394;104;8;4.07;0
32616;9394;112;10;11.48;0
32617;9394;114;7;31.92;0
32618;9395;112;5;11.48;0
32619;9395;108;8;11.73;0
32620;9395;114;2;31.92;0
32621;9395;111;2;34.02;1
32622;9396;118;9;11.11;0
32623;9396;107;6;77.21;0
32624;9396;116;4;31.81;0
32625;9396;101;7;44.35;0
32626;9396;115;2;21.03;0
32627;9397;112;5;11.48;0
32628;9397;101;6;44.35;0
32629;9398;117;2;94.29;0
32630;9398;118;5;11.11;0
32631;9399;104;7;4.07;0
32632;9399;102;5;16.63;0
32633;9399;112;8;11.48;0
32634;9399;109;9;14.81;0
32635;9399;118;4;11.11;0
32636;9399;108;4;11.73;0
32637;9400;110;4;87.41;0
32638;9401;108;7;11.73;0
32639;9401;104;4;4.07;0
32640;9401;109;5;14.81;5
32641;9401;107;3;77.21;0
32642;9401;112;4;11.48;0
32643;9401;102;1;16.63;0
32644;9402;111;3;34.02;0
32645;9402;110;6;87.41;0
32646;9402;108;10;11.73;0
32647;9403;111;3;34.02;0
32648;9403;108;8;11.73;0
32649;9403;117;5;94.29;5
32650;9403;112;4;11.48;0
32651;9403;105;6;86.64;0
32652;9404;114;8;31.92;0
32653;9404;104;2;4.07;0
32654;9404;103;2;93.05;0
32655;9405;110;3;87.41;0
32656;9405;108;6;11.73;0
32657;9405;103;1;93.05;0
32658;9405;113;9;85.64;0
32659;9406;103;2;93.05;0
32660;9406;112;5;11.48;0
32661;9406;105;5;86.64;0
32662;9407;110;4;87.41;0
32663;9407;115;8;21.03;0
32664;9407;109;4;14.81;0
32665;9407;108;8;11.73;0
32666;9407;105;1;86.64;0
32667;9408;118;2;11.11;0
32668;9408;109;9;14.81;0
32669;9408;113;6;85.64;0
32670;9409;106;5;93.64;2
32671;9409;110;8;87.41;0
32672;9409;113;6;85.64;0
32673;9409;104;2;4.07;0
32674;9409;115;9;21.03;0
32675;9409;112;6;11.48;0
32676;9410;104;6;4.07;0
32677;9410;107;2;77.21;0
32678;9410;101;2;44.35;0
32679;9410;118;2;11.11;0
32680;9410;108;8;11.73;0
32681;9411;105;10;86.64;0
32682;9411;106;6;93.64;0
32683;9411;103;8;93.05;0
32684;9411;118;10;11.11;0
32685;9411;108;9;11.73;0
32686;9412;108;10;11.73;0
32687;9412;102;6;16.63;0
32688;9412;105;9;86.64;0
32689;9412;116;1;31.81;0
32690;9412;113;7;85.64;0
32691;9412;109;9;14.81;0
32692;9413;115;2;21.03;0
32693;9413;104;9;4.07;0
32694;9413;101;1;44.35;0
32695;9413;110;7;87.41;0
32696;9414;110;8;87.41;0
32697;9414;116;3;31.81;0
32698;9414;105;3;86.64;0
32699;9415;107;1;77.21;0
32700;9415;105;7;86.64;0
32701;9415;109;6;14.81;0
32702;9416;112;2;11.48;0
32703;9416;116;8;31.81;1
32704;9416;109;10;14.81;0
32705;9416;110;8;87.41;8
32706;9416;106;5;93.64;0
32707;9416;101;8;44.35;0
32708;9417;117;8;94.29;0
32709;9417;106;8;93.64;0
32710;9417;111;8;34.02;0
32711;9418;117;3;94.29;0
32712;9419;104;9;4.07;0
32713;9419;102;10;16.63;0
32714;9419;112;6;11.48;0
32715;9420;104;10;4.07;0
32716;9420;115;1;21.03;0
32717;9420;110;5;87.41;0
32718;9420;101;10;44.35;1
32719;9420;103;2;93.05;0
32720;9421;108;2;11.73;0
32721;9421;114;4;31.92;0
32722;9421;101;7;44.35;0
32723;9421;111;3;34.02;0
32724;9422;110;3;87.41;0
32725;9422;108;2;11.73;0
32726;9422;109;3;14.81;0
32727;9422;105;9;86.64;0
32728;9423;105;3;86.64;0
32729;9423;112;1;11.48;0
32730;9423;116;4;31.81;0
32731;9424;107;3;77.21;0
32732;9424;116;5;31.81;0
32733;9424;106;1;93.64;0
32734;9425;114;4;31.92;0
32735;9425;101;3;44.35;0
32736;9425;103;5;93.05;0
32737;9425;106;2;93.64;0
32738;9425;115;1;21.03;0
32739;9426;109;1;14.81;0
32740;9426;116;3;31.81;0
32741;9427;115;10;21.03;0
32742;9427;102;1;16.63;0
32743;9428;103;10;93.05;0
32744;9428;118;6;11.11;0
32745;9429;108;4;11.73;0
32746;9429;115;7;21.03;0
32747;9429;116;10;31.81;0
32748;9429;109;9;14.81;0
32749;9429;114;2;31.92;0
32750;9429;104;7;4.07;0
32751;9430;113;8;85.64;0
32752;9430;107;5;77.21;0
32753;9431;110;2;87.41;0
32754;9432;118;2;11.11;1
32755;9433;105;3;86.64;0
32756;9433;113;10;85.64;0
32757;9433;116;1;31.81;1
32758;9434;116;8;31.81;0
32759;9434;112;3;11.48;0
32760;9435;117;9;94.29;0
32761;9435;102;7;16.63;0
32762;9436;101;10;44.35;0
32763;9437;106;2;93.64;1
32764;9437;103;6;93.05;0
32765;9437;102;8;16.63;0
32766;9437;111;6;34.02;0
32767;9438;107;5;77.21;0
32768;9438;115;10;21.03;0
32769;9438;108;4;11.73;3
32770;9439;108;2;11.73;0
32771;9439;104;8;4.07;0
32772;9439;111;5;34.02;0
32773;9439;118;3;11.11;0
32774;9439;115;3;21.03;0
32775;9439;103;3;93.05;0
32776;9440;105;3;86.64;0
32777;9440;103;3;93.05;0
32778;9440;102;4;16.63;0
32779;9440;104;2;4.07;0
32780;9441;114;8;31.92;0
32781;9441;117;10;94.29;0
32782;9441;101;3;44.35;0
32783;9441;103;10;93.05;0
32784;9441;109;8;14.81;7
32785;9442;101;1;44.35;0
32786;9442;110;3;87.41;0
32787;9442;115;6;21.03;0
32788;9443;112;8;11.48;0
32789;9443;110;6;87.41;0
32790;9443;101;10;44.35;0
32791;9444;103;7;93.05;0
32792;9444;115;2;21.03;0
32793;9444;101;3;44.35;0
32794;9444;111;2;34.02;0
32795;9444;108;7;11.73;0
32796;9445;112;4;11.48;0
32797;9446;105;10;86.64;0
32798;9446;106;9;93.64;0
32799;9447;114;10;31.92;7
32800;9448;111;8;34.02;0
32801;9449;118;7;11.11;0
32802;9449;113;5;85.64;0
32803;9450;101;4;44.35;0
32804;9450;103;6;93.05;0
32805;9450;109;5;14.81;1
32806;9451;118;5;11.11;0
32807;9451;106;10;93.64;0
32808;9451;116;3;31.81;0
32809;9452;110;8;87.41;0
32810;9452;103;1;93.05;0
32811;9452;107;5;77.21;0
32812;9452;102;7;16.63;0
32813;9452;111;7;34.02;0
32814;9453;102;3;16.63;0
32815;9454;117;4;94.29;0
32816;9454;104;6;4.07;0
32817;9454;110;9;87.41;0
32818;9454;118;4;11.11;0
32819;9455;106;10;93.64;0
32820;9456;117;9;94.29;5
32821;9456;108;2;11.73;0
32822;9456;101;9;44.35;0
32823;9456;113;8;85.64;0
32824;9457;114;7;31.92;0
32825;9457;102;9;16.63;7
32826;9458;101;8;44.35;0
32827;9458;114;10;31.92;0
32828;9459;118;5;11.11;0
32829;9459;113;3;85.64;0
32830;9459;103;3;93.05;0
32831;9460;118;10;11.11;5
32832;9460;115;9;21.03;0
32833;9461;104;9;4.07;0
32834;9461;112;10;11.48;0
32835;9461;105;3;86.64;0
32836;9461;113;7;85.64;0
32837;9461;111;4;34.02;0
32838;9462;115;4;21.03;0
32839;9462;109;8;14.81;0
32840;9462;117;6;94.29;0
32841;9463;114;1;31.92;0
32842;9463;108;7;11.73;0
32843;9464;108;10;11.73;0
32844;9464;118;7;11.11;0
32845;9465;107;9;77.21;0
32846;9465;106;7;93.64;0
32847;9465;115;8;21.03;0
32848;9465;102;1;16.63;0
32849;9466;108;5;11.73;0
32850;9467;110;7;87.41;0
32851;9467;107;1;77.21;0
32852;9467;109;2;14.81;0
32853;9467;117;2;94.29;0
32854;9468;116;5;31.81;0
32855;9468;106;3;93.64;0
32856;9468;102;5;16.63;0
32857;9468;109;6;14.81;0
32858;9469;103;2;93.05;0
32859;9470;105;5;86.64;0
32860;9470;103;2;93.05;0
32861;9470;101;8;44.35;0
32862;9470;109;10;14.81;0
32863;9471;104;5;4.07;0
32864;9471;111;10;34.02;0
32865;9471;118;1;11.11;0
32866;9471;102;10;16.63;0
32867;9472;105;8;86.64;0
32868;9472;101;4;44.35;0
32869;9472;103;4;93.05;0
32870;9472;116;7;31.81;0
32871;9473;108;7;11.73;0
32872;9474;117;3;94.29;0
32873;9474;105;1;86.64;0
32874;9474;114;5;31.92;0
32875;9474;110;5;87.41;1
32876;9475;105;6;86.64;0
32877;9475;107;4;77.21;0
32878;9476;110;9;87.41;0
32879;9476;104;2;4.07;0
32880;9476;118;5;11.11;0
32881;9476;109;10;14.81;0
32882;9476;111;10;34.02;0
32883;9476;114;7;31.92;0
32884;9477;107;8;77.21;0
32885;9477;106;7;93.64;0
32886;9478;108;5;11.73;1
32887;9478;109;1;14.81;0
32888;9478;116;10;31.81;0
32889;9478;118;5;11.11;0
32890;9478;112;2;11.48;0
32891;9478;104;10;4.07;0
32892;9479;109;3;14.81;0
32893;9479;116;6;31.81;0
32894;9479;103;1;93.05;0
32895;9480;116;4;31.81;0
32896;9480;101;1;44.35;0
32897;9480;109;7;14.81;0
32898;9480;111;5;34.02;4
32899;9480;115;8;21.03;0
32900;9480;108;7;11.73;0
32901;9481;102;5;16.63;0
32902;9481;112;2;11.48;0
32903;9481;109;6;14.81;0
32904;9482;114;5;31.92;0
32905;9482;116;7;31.81;0
32906;9482;101;7;44.35;0
32907;9482;112;10;11.48;0
32908;9482;105;1;86.64;1
32909;9483;112;8;11.48;1
32910;9483;107;5;77.21;0
32911;9483;106;2;93.64;0
32912;9483;114;6;31.92;0
32913;9484;108;10;11.73;0
32914;9484;114;7;31.92;0
32915;9485;106;6;93.64;0
32916;9485;102;6;16.63;0
32917;9486;103;10;93.05;1
32918;9486;110;1;87.41;0
32919;9487;108;5;11.73;0
32920;9487;106;7;93.64;0
32921;9487;111;5;34.02;0
32922;9487;117;4;94.29;0
32923;9487;114;6;31.92;0
32924;9488;110;6;87.41;0
32925;9488;107;10;77.21;0
32926;9488;114;8;31.92;0
32927;9488;116;8;31.81;0
32928;9488;112;4;11.48;0
32929;9488;103;4;93.05;0
32930;9489;108;10;11.73;0
32931;9489;107;10;77.21;0
32932;9489;106;6;93.64;0
32933;9489;101;10;44.35;0
32934;9489;116;7;31.81;0
32935;9490;111;2;34.02;0
32936;9490;114;4;31.92;0
32937;9490;107;3;77.21;0
32938;9491;103;5;93.05;0
32939;9491;102;7;16.63;0
32940;9491;118;2;11.11;0
32941;9491;101;6;44.35;0
32942;9491;106;6;93.64;0
32943;9491;117;5;94.29;0
32944;9492;105;8;86.64;0
32945;9493;106;7;93.64;0
32946;9494;108;3;11.73;0
32947;9494;115;10;21.03;0
32948;9494;117;9;94.29;0
32949;9494;105;7;86.64;0
32950;9494;116;7;31.81;0
32951;9495;114;8;31.92;0
32952;9496;117;5;94.29;0
32953;9496;112;5;11.48;0
32954;9497;115;1;21.03;0
32955;9497;107;8;77.21;0
32956;9497;116;5;31.81;0
32957;9497;113;1;85.64;0
32958;9498;117;7;94.29;0
32959;9498;111;6;34.02;0
32960;9498;106;5;93.64;0
32961;9498;114;1;31.92;0
32962;9498;113;10;85.64;0
32963;9498;109;5;14.81;0
32964;9499;111;10;34.02;0
32965;9499;116;9;31.81;0
32966;9499;118;7;11.11;0
32967;9499;115;8;21.03;0
32968;9499;108;5;11.73;0
32969;9500;114;4;31.92;0
32970;9500;106;3;93.64;0
32971;9500;112;10;11.48;0
32972;9500;118;10;11.11;0
32973;9501;106;3;93.64;0
32974;9501;113;3;85.64;0
32975;9501;102;5;16.63;3
32976;9501;109;7;14.81;0
32977;9501;115;10;21.03;0
32978;9502;102;10;16.63;1
32979;9503;104;10;4.07;0
32980;9503;115;9;21.03;0
32981;9503;106;1;93.64;0
32982;9503;103;2;93.05;0
32983;9504;103;1;93.05;0
32984;9504;117;10;94.29;0
32985;9504;115;4;21.03;0
32986;9504;105;4;86.64;0
32987;9504;118;6;11.11;0
32988;9504;107;4;77.21;0
32989;9505;112;2;11.48;0
32990;9505;106;8;93.64;0
32991;9506;117;9;94.29;0
32992;9507;114;10;31.92;0
32993;9507;105;2;86.64;0
32994;9507;104;4;4.07;0
32995;9507;112;7;11.48;0
32996;9508;104;9;4.07;0
32997;9508;111;7;34.02;0
32998;9508;106;2;93.64;0
32999;9508;102;10;16.63;0
33000;9509;118;6;11.11;0
33001;9509;105;6;86.64;0
33002;9509;104;10;4.07;0
33003;9510;101;10;44.35;0
33004;9510;106;4;93.64;0
33005;9510;103;4;93.05;0
33006;9510;107;10;77.21;0
33007;9510;114;8;31.92;0
33008;9511;107;8;77.21;0
33009;9511;113;7;85.64;0
33010;9511;112;5;11.48;0
33011;9512;101;8;44.35;0
33012;9512;105;1;86.64;0
33013;9512;107;7;77.21;0
33014;9512;104;1;4.07;0
33015;9513;104;9;4.07;0
33016;9513;116;9;31.81;6
33017;9513;109;2;14.81;0
33018;9513;112;6;11.48;0
33019;9514;104;2;4.07;0
33020;9514;103;4;93.05;0
33021;9514;109;7;14.81;0
33022;9514;112;3;11.48;0
33023;9515;118;2;11.11;0
33024;9515;115;4;21.03;0
33025;9516;102;2;16.63;0
33026;9516;112;1;11.48;0
33027;9516;114;7;31.92;0
33028;9516;115;6;21.03;0
33029;9516;113;9;85.64;0
33030;9516;109;4;14.81;0
33031;9517;103;1;93.05;0
33032;9517;109;10;14.81;0
33033;9517;113;7;85.64;0
33034;9517;111;5;34.02;0
33035;9518;113;10;85.64;0
33036;9518;106;6;93.64;0
33037;9518;102;5;16.63;0
33038;9518;101;4;44.35;0
33039;9518;114;4;31.92;0
33040;9519;107;6;77.21;0
33041;9519;104;1;4.07;0
33042;9519;118;7;11.11;0
33043;9520;101;1;44.35;0
33044;9520;109;10;14.81;0
33045;9520;104;2;4.07;0
33046;9520;108;2;11.73;0
33047;9520;113;1;85.64;0
33048;9521;111;3;34.02;0
33049;9522;118;6;11.11;0
33050;9522;110;1;87.41;0
33051;9522;113;8;85.64;0
33052;9522;105;3;86.64;0
33053;9522;103;9;93.05;0
33054;9523;110;3;87.41;0
33055;9523;101;1;44.35;0
33056;9523;102;6;16.63;0
33057;9524;116;9;31.81;0
33058;9525;114;6;31.92;0
33059;9525;108;10;11.73;0
33060;9525;103;7;93.05;0
33061;9525;107;4;77.21;0
33062;9525;102;10;16.63;0
33063;9526;106;1;93.64;0
33064;9526;113;4;85.64;0
33065;9526;116;8;31.81;0
33066;9526;108;4;11.73;0
33067;9526;114;3;31.92;0
33068;9526;112;3;11.48;0
33069;9527;109;3;14.81;0
33070;9527;118;10;11.11;0
33071;9528;105;7;86.64;0
33072;9528;116;2;31.81;0
33073;9529;110;10;87.41;0
33074;9529;103;1;93.05;0
33075;9529;118;4;11.11;0
33076;9530;118;2;11.11;0
33077;9530;116;1;31.81;0
33078;9530;115;9;21.03;0
33079;9530;103;5;93.05;0
33080;9531;105;5;86.64;2
33081;9531;110;7;87.41;0
33082;9531;115;5;21.03;0
33083;9531;106;10;93.64;0
33084;9531;108;10;11.73;0
33085;9532;109;9;14.81;0
33086;9532;107;9;77.21;0
33087;9533;103;7;93.05;0
33088;9534;115;9;21.03;0
33089;9535;104;7;4.07;2
33090;9535;113;4;85.64;0
33091;9535;118;3;11.11;0
33092;9535;110;9;87.41;0
33093;9536;118;9;11.11;0
33094;9537;113;7;85.64;0
33095;9537;108;4;11.73;0
33096;9537;109;3;14.81;0
33097;9537;118;9;11.11;0
33098;9537;117;7;94.29;6
33099;9537;111;8;34.02;0
33100;9538;114;4;31.92;0
33101;9538;111;7;34.02;1
33102;9538;110;4;87.41;0
33103;9538;106;6;93.64;0
33104;9538;103;1;93.05;0
33105;9539;103;4;93.05;0
33106;9539;114;10;31.92;0
33107;9539;112;8;11.48;0
33108;9540;106;8;93.64;0
33109;9540;102;10;16.63;0
33110;9540;101;5;44.35;3
33111;9541;118;5;11.11;0
33112;9541;106;1;93.64;1
33113;9541;114;2;31.92;0
33114;9541;107;5;77.21;0
33115;9542;103;9;93.05;0
33116;9542;118;7;11.11;0
33117;9542;112;5;11.48;0
33118;9542;117;3;94.29;0
33119;9543;113;2;85.64;0
33120;9543;111;3;34.02;0
33121;9543;115;2;21.03;0
33122;9543;118;3;11.11;0
33123;9543;114;2;31.92;0
33124;9544;115;6;21.03;0
33125;9544;113;7;85.64;0
33126;9544;106;9;93.64;0
33127;9544;101;2;44.35;0
33128;9544;105;6;86.64;0
33129;9544;109;5;14.81;0
33130;9545;107;4;77.21;0
33131;9545;117;5;94.29;0
33132;9545;102;7;16.63;0
33133;9545;104;7;4.07;0
33134;9546;101;7;44.35;0
33135;9546;104;5;4.07;0
33136;9546;107;1;77.21;0
33137;9546;105;5;86.64;0
33138;9546;112;4;11.48;0
33139;9547;106;4;93.64;0
33140;9547;113;1;85.64;0
33141;9548;111;5;34.02;0
33142;9548;109;1;14.81;0
33143;9549;109;10;14.81;0
33144;9549;114;6;31.92;0
33145;9549;118;5;11.11;0
33146;9549;108;6;11.73;0
33147;9549;117;3;94.29;0
33148;9549;113;8;85.64;0
33149;9550;104;4;4.07;0
33150;9551;118;1;11.11;0
33151;9551;110;9;87.41;0
33152;9551;103;5;93.05;0
33153;9551;106;9;93.64;0
33154;9551;102;2;16.63;0
33155;9552;103;7;93.05;0
33156;9552;114;2;31.92;0
33157;9552;112;2;11.48;0
33158;9552;117;8;94.29;0
33159;9552;108;4;11.73;0
33160;9553;104;3;4.07;0
33161;9553;107;2;77.21;0
33162;9553;103;8;93.05;0
33163;9553;110;6;87.41;0
33164;9553;101;5;44.35;0
33165;9553;115;7;21.03;0
33166;9554;101;5;44.35;0
33167;9554;111;6;34.02;0
33168;9554;103;9;93.05;0
33169;9554;107;2;77.21;0
33170;9555;110;8;87.41;0
33171;9555;115;3;21.03;0
33172;9555;106;10;93.64;0
33173;9555;118;4;11.11;0
33174;9555;103;9;93.05;0
33175;9556;118;6;11.11;0
33176;9556;112;5;11.48;0
33177;9556;114;5;31.92;0
33178;9557;101;6;44.35;0
33179;9557;105;4;86.64;0
33180;9557;118;5;11.11;0
33181;9557;104;8;4.07;0
33182;9558;115;8;21.03;0
33183;9559;102;5;16.63;0
33184;9559;112;7;11.48;0
33185;9559;101;10;44.35;0
33186;9559;114;4;31.92;0
33187;9559;116;2;31.81;0
33188;9560;117;5;94.29;0
33189;9560;102;6;16.63;0
33190;9560;107;4;77.21;0
33191;9560;106;10;93.64;0
33192;9561;116;5;31.81;0
33193;9561;117;8;94.29;0
33194;9562;104;9;4.07;0
33195;9562;115;3;21.03;0
33196;9562;111;9;34.02;0
33197;9563;108;7;11.73;0
33198;9563;106;2;93.64;0
33199;9563;117;7;94.29;0
33200;9564;116;4;31.81;0
33201;9564;108;6;11.73;0
33202;9564;113;1;85.64;0
33203;9564;103;7;93.05;0
33204;9564;117;5;94.29;0
33205;9565;109;4;14.81;4
33206;9565;114;7;31.92;0
33207;9565;108;8;11.73;0
33208;9566;116;2;31.81;0
33209;9566;110;8;87.41;0
33210;9566;108;4;11.73;0
33211;9566;104;7;4.07;0
33212;9566;102;8;16.63;0
33213;9567;110;7;87.41;0
33214;9567;115;2;21.03;0
33215;9567;107;9;77.21;0
33216;9567;114;8;31.92;0
33217;9567;109;7;14.81;0
33218;9567;103;7;93.05;3
33219;9568;117;6;94.29;4
33220;9568;118;9;11.11;0
33221;9569;106;6;93.64;0
33222;9569;112;9;11.48;0
33223;9570;118;1;11.11;1
33224;9570;105;8;86.64;0
33225;9570;117;4;94.29;0
33226;9570;109;10;14.81;0
33227;9571;107;7;77.21;0
33228;9571;112;7;11.48;0
33229;9571;116;6;31.81;5
33230;9572;111;6;34.02;0
33231;9572;104;8;4.07;0
33232;9572;116;3;31.81;2
33233;9572;110;2;87.41;0
33234;9572;107;6;77.21;0
33235;9573;117;10;94.29;0
33236;9573;116;1;31.81;0
33237;9573;105;6;86.64;0
33238;9573;104;10;4.07;0
33239;9573;113;6;85.64;0
33240;9573;102;3;16.63;0
33241;9574;106;2;93.64;0
33242;9574;113;1;85.64;0
33243;9574;110;10;87.41;0
33244;9575;111;3;34.02;0
33245;9575;112;2;11.48;0
33246;9575;118;3;11.11;0
33247;9575;101;2;44.35;0
33248;9575;106;9;93.64;0
33249;9576;113;8;85.64;0
33250;9577;118;6;11.11;0
33251;9577;101;6;44.35;0
33252;9577;110;10;87.41;0
33253;9577;115;6;21.03;0
33254;9577;111;10;34.02;0
33255;9577;114;10;31.92;7
33256;9578;115;10;21.03;0
33257;9578;117;7;94.29;0
33258;9578;107;2;77.21;1
33259;9578;101;8;44.35;0
33260;9579;113;9;85.64;0
33261;9579;110;1;87.41;0
33262;9579;102;6;16.63;0
33263;9579;107;8;77.21;0
33264;9580;105;10;86.64;0
33265;9580;118;2;11.11;0
33266;9580;110;4;87.41;0
33267;9580;111;1;34.02;0
33268;9581;103;2;93.05;0
33269;9582;112;10;11.48;0
33270;9583;114;3;31.92;2
33271;9583;109;10;14.81;0
33272;9583;106;1;93.64;0
33273;9583;101;8;44.35;0
33274;9584;112;4;11.48;0
33275;9584;102;2;16.63;0
33276;9584;113;5;85.64;0
33277;9584;109;2;14.81;0
33278;9584;117;1;94.29;0
33279;9584;108;8;11.73;0
33280;9585;112;1;11.48;0
33281;9585;115;3;21.03;0
33282;9585;109;9;14.81;0
33283;9585;114;2;31.92;0
33284;9586;105;9;86.64;0
33285;9586;108;6;11.73;0
33286;9587;103;6;93.05;0
33287;9587;118;8;11.11;0
33288;9587;117;9;94.29;0
33289;9587;111;8;34.02;3
33290;9587;108;7;11.73;0
33291;9587;107;8;77.21;0
33292;9588;106;6;93.64;0
33293;9589;117;6;94.29;0
33294;9589;116;2;31.81;0
33295;9589;110;5;87.41;0
33296;9589;113;3;85.64;0
33297;9589;103;10;93.05;0
33298;9590;111;4;34.02;0
33299;9590;116;8;31.81;0
33300;9590;118;9;11.11;0
33301;9590;107;2;77.21;0
33302;9591;111;9;34.02;0
33303;9591;104;6;4.07;0
33304;9592;108;10;11.73;0
33305;9593;111;8;34.02;0
33306;9593;104;7;4.07;0
33307;9593;110;6;87.41;0
33308;9593;112;7;11.48;0
33309;9593;107;9;77.21;0
33310;9594;118;10;11.11;0
33311;9594;106;1;93.64;0
33312;9594;107;3;77.21;0
33313;9594;115;5;21.03;0
33314;9594;112;2;11.48;0
33315;9595;106;3;93.64;0
33316;9596;106;8;93.64;0
33317;9596;102;7;16.63;0
33318;9596;108;6;11.73;0
33319;9596;111;6;34.02;0
33320;9597;111;9;34.02;0
33321;9597;101;10;44.35;0
33322;9597;110;9;87.41;0
33323;9597;104;3;4.07;0
33324;9597;118;2;11.11;0
33325;9597;115;3;21.03;0
33326;9598;104;5;4.07;0
33327;9598;102;1;16.63;0
33328;9598;106;5;93.64;0
33329;9598;113;2;85.64;0
33330;9598;111;7;34.02;0
33331;9599;115;2;21.03;0
33332;9599;101;8;44.35;2
33333;9599;103;3;93.05;0
33334;9599;112;6;11.48;0
33335;9600;105;9;86.64;0
33336;9600;113;4;85.64;0
33337;9600;116;6;31.81;0
33338;9600;110;6;87.41;0
33339;9601;102;2;16.63;0
33340;9601;109;8;14.81;0
33341;9601;107;10;77.21;0
33342;9601;110;2;87.41;0
33343;9601;114;5;31.92;0
33344;9602;109;10;14.81;0
33345;9602;111;8;34.02;0
33346;9602;114;4;31.92;0
33347;9602;102;2;16.63;0
33348;9603;109;1;14.81;0
33349;9603;103;9;93.05;0
33350;9603;110;5;87.41;0
33351;9603;118;7;11.11;0
33352;9603;113;7;85.64;0
33353;9604;101;1;44.35;0
33354;9604;106;1;93.64;0
33355;9604;103;4;93.05;0
33356;9604;115;7;21.03;0
33357;9605;101;6;44.35;2
33358;9606;110;3;87.41;0
33359;9606;117;7;94.29;0
33360;9606;101;7;44.35;0
33361;9606;115;3;21.03;0
33362;9606;102;8;16.63;0
33363;9607;115;3;21.03;0
33364;9607;107;7;77.21;0
33365;9607;105;4;86.64;0
33366;9607;102;1;16.63;0
33367;9607;114;10;31.92;0
33368;9607;113;4;85.64;0
33369;9608;116;8;31.81;0
33370;9608;118;3;11.11;0
33371;9608;101;2;44.35;0
33372;9608;109;3;14.81;0
33373;9609;114;6;31.92;0
33374;9609;107;2;77.21;0
33375;9610;102;1;16.63;0
33376;9610;105;9;86.64;0
33377;9610;111;8;34.02;0
33378;9610;109;2;14.81;0
33379;9611;111;6;34.02;0
33380;9612;112;4;11.48;0
33381;9612;111;7;34.02;0
33382;9612;105;10;86.64;0
33383;9612;101;3;44.35;0
33384;9613;110;2;87.41;0
33385;9613;117;3;94.29;0
33386;9613;116;3;31.81;0
33387;9614;104;7;4.07;0
33388;9614;115;9;21.03;0
33389;9614;103;1;93.05;1
33390;9614;116;1;31.81;0
33391;9614;101;2;44.35;0
33392;9615;112;6;11.48;0
33393;9615;115;9;21.03;0
33394;9615;105;9;86.64;0
33395;9615;117;1;94.29;0
33396;9615;110;3;87.41;0
33397;9616;102;1;16.63;0
33398;9616;106;3;93.64;0
33399;9616;118;2;11.11;0
33400;9617;101;6;44.35;0
33401;9617;118;8;11.11;0
33402;9617;114;8;31.92;0
33403;9617;105;6;86.64;0
33404;9618;115;10;21.03;0
33405;9619;105;3;86.64;0
33406;9619;114;7;31.92;0
33407;9619;102;10;16.63;0
33408;9619;101;8;44.35;0
33409;9619;108;8;11.73;0
33410;9619;113;3;85.64;0
33411;9620;115;9;21.03;0
33412;9620;101;4;44.35;0
33413;9620;106;10;93.64;0
33414;9620;114;1;31.92;0
33415;9620;104;9;4.07;0
33416;9621;111;5;34.02;0
33417;9621;102;6;16.63;0
33418;9621;108;10;11.73;0
33419;9621;112;3;11.48;0
33420;9621;113;1;85.64;0
33421;9622;109;10;14.81;0
33422;9622;112;3;11.48;0
33423;9622;116;2;31.81;0
33424;9622;107;7;77.21;0
33425;9623;112;3;11.48;0
33426;9623;101;3;44.35;0
33427;9624;115;6;21.03;0
33428;9624;113;8;85.64;0
33429;9625;108;1;11.73;0
33430;9625;106;7;93.64;0
33431;9626;118;4;11.11;0
33432;9627;110;8;87.41;0
33433;9627;112;2;11.48;0
33434;9627;101;9;44.35;0
33435;9627;113;4;85.64;0
33436;9627;111;1;34.02;0
33437;9627;104;9;4.07;0
33438;9628;117;4;94.29;0
33439;9628;101;3;44.35;0
33440;9628;107;10;77.21;10
33441;9628;112;3;11.48;0
33442;9628;113;5;85.64;0
33443;9629;110;9;87.41;0
33444;9629;103;5;93.05;0
33445;9629;112;6;11.48;0
33446;9629;117;9;94.29;0
33447;9629;106;6;93.64;0
33448;9630;108;4;11.73;0
33449;9630;109;10;14.81;0
33450;9630;115;4;21.03;0
33451;9630;101;9;44.35;0
33452;9631;103;3;93.05;0
33453;9631;116;10;31.81;0
33454;9632;118;10;11.11;0
33455;9632;105;4;86.64;0
33456;9633;110;7;87.41;0
33457;9634;110;4;87.41;0
33458;9634;108;1;11.73;0
33459;9635;108;7;11.73;5
33460;9635;117;2;94.29;0
33461;9635;112;6;11.48;0
33462;9636;101;9;44.35;0
33463;9636;105;2;86.64;0
33464;9637;111;2;34.02;0
33465;9637;108;10;11.73;0
33466;9637;110;4;87.41;0
33467;9637;105;8;86.64;0
33468;9638;115;1;21.03;0
33469;9638;102;2;16.63;0
33470;9638;110;10;87.41;0
33471;9639;116;5;31.81;0
33472;9639;109;9;14.81;0
33473;9639;108;2;11.73;0
33474;9639;101;6;44.35;0
33475;9639;102;7;16.63;6
33476;9640;113;7;85.64;0
33477;9640;111;6;34.02;0
33478;9641;114;7;31.92;0
33479;9641;105;10;86.64;0
33480;9642;114;5;31.92;0
33481;9643;117;3;94.29;0
33482;9643;107;2;77.21;0
33483;9643;105;9;86.64;0
33484;9643;115;2;21.03;0
33485;9643;109;6;14.81;0
33486;9644;105;4;86.64;0
33487;9644;115;2;21.03;0
33488;9644;116;8;31.81;0
33489;9644;112;3;11.48;0
33490;9644;103;5;93.05;0
33491;9645;108;10;11.73;0
33492;9645;110;7;87.41;0
33493;9645;117;8;94.29;0
33494;9645;109;7;14.81;0
33495;9646;108;9;11.73;0
33496;9646;110;7;87.41;0
33497;9647;115;9;21.03;0
33498;9647;116;5;31.81;0
33499;9647;101;6;44.35;0
33500;9647;118;1;11.11;0
33501;9648;114;9;31.92;0
33502;9648;116;6;31.81;0
33503;9648;105;6;86.64;0
33504;9649;109;1;14.81;0
33505;9649;108;2;11.73;0
33506;9650;114;3;31.92;0
33507;9650;105;1;86.64;0
33508;9650;118;3;11.11;0
33509;9650;115;6;21.03;0
33510;9650;101;8;44.35;0
33511;9650;103;2;93.05;0
33512;9651;112;10;11.48;0
33513;9651;110;4;87.41;0
33514;9651;113;6;85.64;0
33515;9651;106;10;93.64;0
33516;9651;117;9;94.29;0
33517;9651;116;1;31.81;0
33518;9652;113;3;85.64;0
33519;9652;111;10;34.02;0
33520;9652;118;10;11.11;0
33521;9652;116;8;31.81;0
33522;9652;105;6;86.64;0
33523;9653;101;4;44.35;0
33524;9654;105;2;86.64;0
33525;9654;104;9;4.07;0
33526;9654;106;4;93.64;0
33527;9654;116;1;31.81;0
33528;9654;108;8;11.73;3
33529;9655;111;1;34.02;0
33530;9655;109;9;14.81;0
33531;9655;110;4;87.41;0
33532;9655;102;7;16.63;0
33533;9655;115;3;21.03;0
33534;9655;104;2;4.07;0
33535;9656;118;2;11.11;0
33536;9656;114;4;31.92;0
33537;9656;107;4;77.21;0
33538;9656;103;1;93.05;0
33539;9656;110;6;87.41;0
33540;9657;103;7;93.05;0
33541;9657;114;9;31.92;0
33542;9657;117;8;94.29;0
33543;9657;109;1;14.81;0
33544;9657;104;4;4.07;0
33545;9657;107;3;77.21;0
33546;9658;110;7;87.41;0
33547;9659;117;3;94.29;0
33548;9659;107;5;77.21;0
33549;9659;114;8;31.92;0
33550;9659;111;2;34.02;0
33551;9659;105;5;86.64;0
33552;9659;101;7;44.35;0
33553;9660;106;5;93.64;0
33554;9660;107;7;77.21;0
33555;9660;117;5;94.29;0
33556;9661;117;6;94.29;0
33557;9661;104;5;4.07;0
33558;9661;109;9;14.81;0
33559;9661;105;7;86.64;7
33560;9661;103;4;93.05;0
33561;9662;113;1;85.64;0
33562;9662;102;8;16.63;0
33563;9662;112;5;11.48;0
33564;9662;108;5;11.73;0
33565;9662;103;2;93.05;0
33566;9662;107;2;77.21;0
33567;9663;112;8;11.48;0
33568;9663;109;2;14.81;0
33569;9664;103;8;93.05;0
33570;9664;112;7;11.48;0
33571;9664;102;9;16.63;0
33572;9664;113;3;85.64;0
33573;9665;114;6;31.92;0
33574;9665;110;1;87.41;0
33575;9666;101;5;44.35;0
33576;9666;102;3;16.63;1
33577;9667;106;5;93.64;0
33578;9667;109;7;14.81;0
33579;9667;101;7;44.35;0
33580;9667;102;10;16.63;0
33581;9667;114;3;31.92;0
33582;9668;111;9;34.02;0
33583;9668;101;3;44.35;0
33584;9669;110;2;87.41;0
33585;9669;101;8;44.35;0
33586;9669;117;6;94.29;0
33587;9669;114;6;31.92;0
33588;9669;104;3;4.07;0
33589;9670;109;5;14.81;0
33590;9670;115;2;21.03;0
33591;9670;113;2;85.64;0
33592;9670;107;5;77.21;0
33593;9670;111;8;34.02;0
33594;9670;105;6;86.64;0
33595;9671;102;3;16.63;0
33596;9671;114;6;31.92;0
33597;9671;104;6;4.07;0
33598;9672;104;2;4.07;0
33599;9672;117;10;94.29;0
33600;9672;105;6;86.64;0
33601;9672;116;1;31.81;0
33602;9673;109;8;14.81;0
33603;9674;103;2;93.05;0
33604;9674;109;7;14.81;0
33605;9674;108;8;11.73;0
33606;9674;104;3;4.07;3
33607;9675;104;6;4.07;0
33608;9675;105;3;86.64;2
33609;9676;103;6;93.05;0
33610;9677;117;4;94.29;0
33611;9677;112;6;11.48;0
33612;9677;106;4;93.64;0
33613;9677;104;7;4.07;0
33614;9677;108;9;11.73;0
33615;9677;103;2;93.05;0
33616;9678;115;10;21.03;0
33617;9678;102;7;16.63;0
33618;9678;113;10;85.64;0
33619;9678;104;8;4.07;0
33620;9679;110;10;87.41;0
33621;9680;114;1;31.92;0
33622;9681;103;8;93.05;0
33623;9681;111;10;34.02;0
33624;9681;107;1;77.21;0
33625;9681;118;10;11.11;2
33626;9681;102;7;16.63;0
33627;9682;105;5;86.64;0
33628;9682;106;6;93.64;0
33629;9683;106;6;93.64;0
33630;9683;115;7;21.03;0
33631;9684;106;10;93.64;0
33632;9684;101;3;44.35;0
33633;9684;108;5;11.73;0
33634;9684;113;8;85.64;0
33635;9685;117;4;94.29;0
33636;9685;112;5;11.48;0
33637;9686;108;3;11.73;0
33638;9686;101;10;44.35;0
33639;9686;118;10;11.11;0
33640;9686;110;10;87.41;0
33641;9686;106;1;93.64;0
33642;9686;104;8;4.07;0
33643;9687;106;1;93.64;0
33644;9687;105;7;86.64;0
33645;9687;116;2;31.81;0
33646;9688;116;10;31.81;0
33647;9688;104;5;4.07;0
33648;9688;105;10;86.64;0
33649;9689;104;4;4.07;0
33650;9689;112;10;11.48;0
33651;9689;105;1;86.64;0
33652;9690;118;5;11.11;0
33653;9690;102;4;16.63;0
33654;9690;115;6;21.03;0
33655;9690;109;7;14.81;0
33656;9690;112;6;11.48;0
33657;9690;103;10;93.05;0
33658;9691;103;5;93.05;0
33659;9691;104;2;4.07;0
33660;9691;102;4;16.63;0
33661;9691;118;2;11.11;0
33662;9691;113;8;85.64;0
33663;9691;106;8;93.64;0
33664;9692;103;9;93.05;0
33665;9692;116;3;31.81;0
33666;9692;110;6;87.41;0
33667;9692;113;2;85.64;0
33668;9692;106;1;93.64;0
33669;9693;117;3;94.29;0
33670;9693;109;7;14.81;0
33671;9693;118;7;11.11;0
33672;9693;113;2;85.64;0
33673;9693;102;5;16.63;0
33674;9694;108;6;11.73;0
33675;9694;113;3;85.64;0
33676;9694;109;4;14.81;0
33677;9695;113;4;85.64;0
33678;9696;109;6;14.81;0
33679;9696;117;4;94.29;0
33680;9696;116;5;31.81;0
33681;9696;115;7;21.03;0
33682;9696;101;2;44.35;1
33683;9696;102;2;16.63;0
33684;9697;108;6;11.73;0
33685;9697;118;4;11.11;0
33686;9697;110;5;87.41;0
33687;9698;113;7;85.64;0
33688;9698;109;1;14.81;0
33689;9698;102;8;16.63;0
33690;9699;117;10;94.29;0
33691;9699;113;4;85.64;0
33692;9700;114;1;31.92;0
33693;9700;104;2;4.07;0
33694;9700;112;2;11.48;0
33695;9700;109;5;14.81;0
33696;9700;118;9;11.11;0
33697;9701;101;1;44.35;0
33698;9701;107;9;77.21;0
33699;9702;111;2;34.02;0
33700;9702;103;7;93.05;0
33701;9702;113;5;85.64;0
33702;9703;118;1;11.11;0
33703;9703;117;8;94.29;0
33704;9703;109;5;14.81;0
33705;9703;111;4;34.02;0
33706;9703;108;7;11.73;0
33707;9703;103;9;93.05;0
33708;9704;106;8;93.64;0
33709;9704;107;4;77.21;0
33710;9704;117;2;94.29;0
33711;9705;108;4;11.73;0
33712;9705;113;5;85.64;0
33713;9705;110;8;87.41;0
33714;9705;107;2;77.21;0
33715;9705;116;5;31.81;0
33716;9706;110;4;87.41;0
33717;9706;117;3;94.29;0
33718;9706;115;5;21.03;0
33719;9706;102;4;16.63;0
33720;9706;111;2;34.02;0
33721;9706;118;6;11.11;0
33722;9707;111;3;34.02;0
33723;9707;117;2;94.29;0
33724;9708;112;3;11.48;0
33725;9708;104;8;4.07;0
33726;9708;101;10;44.35;0
33727;9708;111;9;34.02;0
33728;9709;116;9;31.81;0
33729;9709;104;4;4.07;0
33730;9709;114;9;31.92;0
33731;9709;115;1;21.03;0
33732;9709;101;2;44.35;0
33733;9709;105;10;86.64;0
33734;9710;101;3;44.35;0
33735;9710;103;5;93.05;0
33736;9710;107;9;77.21;0
33737;9710;102;3;16.63;0
33738;9711;115;1;21.03;0
33739;9711;104;8;4.07;0
33740;9711;106;6;93.64;0
33741;9711;112;6;11.48;0
33742;9711;114;6;31.92;0
33743;9712;102;6;16.63;0
33744;9712;114;7;31.92;0
33745;9712;104;1;4.07;0
33746;9712;116;4;31.81;0
33747;9713;106;3;93.64;0
33748;9713;118;9;11.11;0
33749;9713;112;4;11.48;0
33750;9714;112;6;11.48;0
33751;9715;107;6;77.21;0
33752;9715;115;4;21.03;0
33753;9715;114;7;31.92;0
33754;9715;102;6;16.63;0
33755;9715;108;8;11.73;0
33756;9715;106;9;93.64;0
33757;9716;108;2;11.73;0
33758;9716;107;2;77.21;0
33759;9717;112;3;11.48;0
33760;9717;109;5;14.81;0
33761;9717;101;2;44.35;0
33762;9718;108;3;11.73;0
33763;9718;110;6;87.41;0
33764;9718;113;2;85.64;0
33765;9719;104;8;4.07;0
33766;9719;105;8;86.64;8
33767;9719;113;2;85.64;0
33768;9719;116;1;31.81;0
33769;9719;109;4;14.81;0
33770;9719;111;8;34.02;0
33771;9720;114;4;31.92;0
33772;9720;115;7;21.03;0
33773;9720;118;6;11.11;0
33774;9720;107;9;77.21;5
33775;9721;113;5;85.64;0
33776;9722;106;3;93.64;0
33777;9722;101;8;44.35;0
33778;9722;107;1;77.21;0
33779;9723;101;4;44.35;3
33780;9724;106;9;93.64;0
33781;9724;115;2;21.03;0
33782;9724;107;8;77.21;0
33783;9724;108;8;11.73;0
33784;9725;101;8;44.35;0
33785;9725;103;2;93.05;0
33786;9725;107;4;77.21;0
33787;9725;117;5;94.29;0
33788;9726;109;6;14.81;4
33789;9726;103;9;93.05;0
33790;9726;102;2;16.63;0
33791;9726;106;9;93.64;0
33792;9726;115;2;21.03;0
33793;9727;110;10;87.41;0
33794;9727;115;10;21.03;0
33795;9727;102;8;16.63;0
33796;9727;103;10;93.05;1
33797;9727;118;1;11.11;0
33798;9728;101;5;44.35;0
33799;9728;108;6;11.73;0
33800;9728;109;4;14.81;2
33801;9729;117;3;94.29;0
33802;9729;106;9;93.64;0
33803;9729;109;10;14.81;0
33804;9730;101;2;44.35;0
33805;9730;117;6;94.29;0
33806;9730;112;1;11.48;0
33807;9730;107;5;77.21;0
33808;9731;101;6;44.35;0
33809;9731;113;5;85.64;0
33810;9731;112;7;11.48;0
33811;9732;102;9;16.63;0
33812;9732;110;8;87.41;0
33813;9732;115;7;21.03;0
33814;9733;104;6;4.07;0
33815;9733;102;4;16.63;0
33816;9733;109;8;14.81;0
33817;9733;115;5;21.03;0
33818;9734;114;8;31.92;0
33819;9735;110;3;87.41;0
33820;9735;106;10;93.64;0
33821;9735;104;5;4.07;0
33822;9735;107;6;77.21;0
33823;9735;114;8;31.92;0
33824;9736;107;8;77.21;0
33825;9736;113;6;85.64;0
33826;9736;109;1;14.81;0
33827;9736;101;3;44.35;0
33828;9736;104;1;4.07;0
33829;9736;115;2;21.03;0
33830;9737;102;1;16.63;1
33831;9737;118;5;11.11;0
33832;9737;116;1;31.81;0
33833;9737;109;8;14.81;0
33834;9738;115;4;21.03;0
33835;9739;111;8;34.02;0
33836;9739;112;8;11.48;0
33837;9739;101;6;44.35;0
33838;9739;103;6;93.05;0
33839;9739;115;10;21.03;0
33840;9740;108;10;11.73;0
33841;9740;104;8;4.07;0
33842;9740;117;1;94.29;1
33843;9740;113;3;85.64;0
33844;9741;115;4;21.03;0
33845;9741;106;2;93.64;1
33846;9742;105;7;86.64;0
33847;9742;103;5;93.05;0
33848;9742;104;2;4.07;0
33849;9743;101;4;44.35;0
33850;9743;103;1;93.05;0
33851;9744;114;3;31.92;1
33852;9744;113;1;85.64;0
33853;9745;108;4;11.73;0
33854;9745;102;6;16.63;0
33855;9745;113;6;85.64;0
33856;9746;106;7;93.64;0
33857;9747;117;8;94.29;8
33858;9747;101;4;44.35;3
33859;9747;115;7;21.03;0
33860;9747;110;8;87.41;4
33861;9748;113;9;85.64;0
33862;9748;107;3;77.21;0
33863;9748;106;2;93.64;0
33864;9748;109;10;14.81;0
33865;9749;109;5;14.81;0
33866;9749;112;5;11.48;0
33867;9749;101;3;44.35;0
33868;9749;114;10;31.92;0
33869;9749;110;10;87.41;3
33870;9750;113;3;85.64;0
33871;9750;108;5;11.73;0
33872;9750;110;3;87.41;0
33873;9751;101;3;44.35;0
33874;9751;116;6;31.81;0
33875;9751;114;5;31.92;0
33876;9752;101;5;44.35;0
33877;9752;107;4;77.21;0
33878;9752;108;5;11.73;0
33879;9752;103;7;93.05;4
33880;9752;106;9;93.64;0
33881;9753;103;9;93.05;0
33882;9753;111;9;34.02;0
33883;9753;116;3;31.81;0
33884;9754;106;2;93.64;0
33885;9754;110;4;87.41;0
33886;9754;112;1;11.48;1
33887;9755;118;6;11.11;0
33888;9755;114;1;31.92;0
33889;9756;114;7;31.92;0
33890;9757;114;4;31.92;0
33891;9758;108;2;11.73;0
33892;9759;105;3;86.64;0
33893;9759;102;5;16.63;0
33894;9759;118;5;11.11;0
33895;9759;108;6;11.73;0
33896;9759;109;3;14.81;0
33897;9759;106;6;93.64;0
33898;9760;101;8;44.35;0
33899;9761;108;2;11.73;0
33900;9761;106;2;93.64;0
33901;9762;115;6;21.03;0
33902;9762;102;1;16.63;0
33903;9762;118;7;11.11;0
33904;9762;117;8;94.29;0
33905;9762;103;5;93.05;0
33906;9762;114;7;31.92;0
33907;9763;110;10;87.41;0
33908;9764;111;8;34.02;0
33909;9764;108;4;11.73;2
33910;9765;107;3;77.21;0
33911;9765;105;9;86.64;0
33912;9765;116;6;31.81;0
33913;9765;102;8;16.63;0
33914;9765;113;9;85.64;0
33915;9766;112;5;11.48;0
33916;9766;109;8;14.81;0
33917;9767;104;3;4.07;0
33918;9768;108;10;11.73;0
33919;9768;110;1;87.41;0
33920;9768;118;3;11.11;0
33921;9768;116;10;31.81;0
33922;9768;107;7;77.21;0
33923;9769;104;7;4.07;0
33924;9769;102;9;16.63;0
33925;9769;101;3;44.35;0
33926;9769;113;3;85.64;0
33927;9769;105;9;86.64;0
33928;9769;106;7;93.64;0
33929;9770;108;4;11.73;0
33930;9771;108;3;11.73;0
33931;9771;114;1;31.92;0
33932;9771;105;9;86.64;0
33933;9771;109;10;14.81;0
33934;9772;109;9;14.81;0
33935;9772;106;1;93.64;0
33936;9772;111;4;34.02;0
33937;9772;102;1;16.63;0
33938;9773;106;6;93.64;0
33939;9773;102;1;16.63;0
33940;9774;117;2;94.29;0
33941;9775;115;9;21.03;0
33942;9776;106;1;93.64;0
33943;9776;105;4;86.64;0
33944;9776;108;7;11.73;0
33945;9776;117;6;94.29;0
33946;9776;112;9;11.48;0
33947;9776;103;3;93.05;0
33948;9777;107;4;77.21;2
33949;9778;117;10;94.29;0
33950;9778;114;8;31.92;0
33951;9778;101;9;44.35;0
33952;9778;118;7;11.11;0
33953;9779;106;1;93.64;0
33954;9779;116;10;31.81;0
33955;9779;103;1;93.05;0
33956;9779;108;7;11.73;0
33957;9779;117;9;94.29;0
33958;9780;101;5;44.35;0
33959;9780;107;10;77.21;0
33960;9780;104;4;4.07;0
33961;9780;109;10;14.81;0
33962;9781;114;5;31.92;2
33963;9781;112;10;11.48;0
33964;9781;113;8;85.64;0
33965;9781;118;7;11.11;0
33966;9781;111;7;34.02;0
33967;9782;118;10;11.11;0
33968;9782;113;5;85.64;0
33969;9783;103;4;93.05;0
33970;9783;106;3;93.64;0
33971;9783;115;2;21.03;0
33972;9784;116;2;31.81;0
33973;9784;114;2;31.92;0
33974;9784;115;7;21.03;0
33975;9784;110;5;87.41;0
33976;9785;101;5;44.35;0
33977;9785;105;9;86.64;0
33978;9785;116;4;31.81;0
33979;9785;103;3;93.05;0
33980;9785;109;2;14.81;0
33981;9785;115;4;21.03;0
33982;9786;110;4;87.41;0
33983;9786;105;10;86.64;0
33984;9787;102;7;16.63;0
33985;9787;118;3;11.11;0
33986;9787;115;2;21.03;0
33987;9788;117;7;94.29;0
33988;9788;105;7;86.64;0
33989;9788;110;3;87.41;0
33990;9789;116;5;31.81;0
33991;9789;108;3;11.73;0
33992;9790;107;7;77.21;3
33993;9790;118;6;11.11;0
33994;9790;110;5;87.41;0
33995;9790;112;10;11.48;0
33996;9790;101;1;44.35;0
33997;9790;115;7;21.03;0
33998;9791;101;3;44.35;1
33999;9791;108;9;11.73;0
34000;9791;114;3;31.92;0
34001;9791;103;10;93.05;0
34002;9792;103;9;93.05;0
34003;9792;110;3;87.41;0
34004;9792;115;6;21.03;0
34005;9792;118;10;11.11;0
34006;9793;115;9;21.03;0
34007;9793;109;8;14.81;0
34008;9793;113;3;85.64;0
34009;9793;106;2;93.64;0
34010;9793;103;5;93.05;2
34011;9793;111;9;34.02;0
34012;9794;116;9;31.81;0
34013;9794;107;8;77.21;0
34014;9794;112;4;11.48;0
34015;9795;101;6;44.35;0
34016;9795;103;4;93.05;0
34017;9795;112;2;11.48;0
34018;9795;102;2;16.63;0
34019;9795;113;1;85.64;0
34020;9795;109;9;14.81;0
34021;9796;118;8;11.11;0
34022;9796;117;7;94.29;0
34023;9796;105;1;86.64;0
34024;9796;104;10;4.07;0
34025;9797;106;4;93.64;0
34026;9797;109;1;14.81;0
34027;9797;103;1;93.05;0
34028;9798;118;4;11.11;0
34029;9799;101;8;44.35;0
34030;9799;112;2;11.48;2
34031;9799;104;3;4.07;0
34032;9800;106;3;93.64;0
34033;9800;107;4;77.21;0
34034;9800;113;2;85.64;0
34035;9800;101;8;44.35;0
34036;9801;106;5;93.64;0
34037;9801;107;6;77.21;0
34038;9801;102;2;16.63;0
34039;9801;118;7;11.11;0
34040;9802;115;8;21.03;0
34041;9802;107;6;77.21;0
34042;9802;118;5;11.11;0
34043;9802;116;3;31.81;0
34044;9802;110;6;87.41;0
34045;9803;115;5;21.03;0
34046;9803;116;8;31.81;0
34047;9803;108;1;11.73;1
34048;9803;117;8;94.29;0
34049;9803;109;2;14.81;0
34050;9803;103;8;93.05;0
34051;9804;113;2;85.64;0
34052;9805;110;7;87.41;0
34053;9805;112;1;11.48;0
34054;9805;117;6;94.29;0
34055;9805;118;3;11.11;0
34056;9805;102;4;16.63;0
34057;9805;106;10;93.64;0
34058;9806;107;3;77.21;0
34059;9806;103;4;93.05;0
34060;9806;109;1;14.81;0
34061;9806;111;8;34.02;0
34062;9806;112;7;11.48;0
34063;9807;107;6;77.21;0
34064;9807;101;5;44.35;0
34065;9807;112;5;11.48;0
34066;9807;109;10;14.81;0
34067;9808;115;8;21.03;0
34068;9808;111;4;34.02;0
34069;9808;114;3;31.92;0
34070;9808;108;6;11.73;0
34071;9809;106;4;93.64;0
34072;9809;114;1;31.92;0
34073;9809;112;2;11.48;0
34074;9809;118;7;11.11;0
34075;9810;105;9;86.64;0
34076;9811;108;7;11.73;0
34077;9811;115;5;21.03;0
34078;9811;116;7;31.81;0
34079;9811;112;9;11.48;0
34080;9812;115;10;21.03;0
34081;9812;118;7;11.11;0
34082;9812;110;1;87.41;1
34083;9812;106;6;93.64;0
34084;9812;105;6;86.64;0
34085;9813;103;8;93.05;0
34086;9813;112;8;11.48;0
34087;9813;115;2;21.03;0
34088;9813;111;3;34.02;0
34089;9813;104;8;4.07;0
34090;9814;112;7;11.48;3
34091;9814;114;10;31.92;0
34092;9815;109;5;14.81;0
34093;9816;116;10;31.81;0
34094;9817;117;2;94.29;0
34095;9817;116;9;31.81;0
34096;9817;113;6;85.64;0
34097;9817;105;9;86.64;0
34098;9817;104;4;4.07;0
34099;9818;108;8;11.73;0
34100;9819;114;9;31.92;0
34101;9819;116;3;31.81;0
34102;9819;106;3;93.64;0
34103;9820;113;9;85.64;0
34104;9820;118;2;11.11;0
34105;9820;106;9;93.64;0
34106;9820;112;9;11.48;0
34107;9820;114;4;31.92;0
34108;9821;107;1;77.21;0
34109;9822;112;4;11.48;0
34110;9822;118;10;11.11;0
34111;9822;106;1;93.64;0
34112;9822;107;10;77.21;0
34113;9822;114;9;31.92;0
34114;9823;111;5;34.02;0
34115;9823;101;1;44.35;0
34116;9823;114;7;31.92;0
34117;9824;107;3;77.21;0
34118;9824;114;1;31.92;0
34119;9824;110;9;87.41;0
34120;9824;115;4;21.03;0
34121;9824;104;3;4.07;0
34122;9825;114;6;31.92;0
34123;9825;103;1;93.05;0
34124;9825;106;6;93.64;0
34125;9825;111;7;34.02;0
34126;9825;101;1;44.35;0
34127;9825;105;8;86.64;0
34128;9826;115;9;21.03;0
34129;9826;117;3;94.29;0
34130;9826;110;3;87.41;0
34131;9826;105;6;86.64;0
34132;9826;114;1;31.92;1
34133;9826;111;8;34.02;0
34134;9827;116;7;31.81;0
34135;9827;102;9;16.63;0
34136;9827;117;7;94.29;0
34137;9827;110;3;87.41;0
34138;9827;106;1;93.64;0
34139;9828;117;4;94.29;0
34140;9828;107;9;77.21;0
34141;9828;108;2;11.73;0
34142;9829;108;6;11.73;0
34143;9829;106;7;93.64;0
34144;9829;107;5;77.21;0
34145;9829;112;1;11.48;0
34146;9829;118;8;11.11;0
34147;9830;110;5;87.41;0
34148;9831;106;9;93.64;0
34149;9831;110;6;87.41;0
34150;9832;107;8;77.21;0
34151;9832;102;9;16.63;0
34152;9832;110;2;87.41;0
34153;9832;104;6;4.07;0
34154;9832;118;6;11.11;0
34155;9832;115;9;21.03;0
34156;9833;118;7;11.11;0
34157;9833;111;2;34.02;0
34158;9833;114;10;31.92;0
34159;9834;115;8;21.03;0
34160;9834;116;10;31.81;0
34161;9834;118;9;11.11;0
34162;9834;110;9;87.41;0
34163;9835;104;3;4.07;0
34164;9835;117;10;94.29;0
34165;9835;102;8;16.63;0
34166;9835;110;4;87.41;2
34167;9836;106;2;93.64;0
34168;9836;107;9;77.21;0
34169;9837;117;2;94.29;0
34170;9838;113;3;85.64;0
34171;9838;116;1;31.81;0
34172;9838;104;4;4.07;0
34173;9839;112;1;11.48;0
34174;9839;105;4;86.64;0
34175;9839;104;9;4.07;0
34176;9839;113;4;85.64;0
34177;9839;107;2;77.21;0
34178;9840;105;1;86.64;0
34179;9841;114;6;31.92;0
34180;9841;112;8;11.48;0
34181;9842;103;2;93.05;0
34182;9842;116;4;31.81;0
34183;9843;110;6;87.41;0
34184;9843;109;2;14.81;0
34185;9843;114;6;31.92;3
34186;9843;103;2;93.05;0
34187;9844;115;7;21.03;0
34188;9844;103;3;93.05;0
34189;9844;111;5;34.02;0
34190;9844;102;10;16.63;0
34191;9844;116;8;31.81;0
34192;9844;117;6;94.29;0
34193;9845;118;1;11.11;0
34194;9845;105;2;86.64;0
34195;9845;112;5;11.48;0
34196;9846;109;9;14.81;0
34197;9846;108;6;11.73;0
34198;9846;107;10;77.21;0
34199;9846;101;9;44.35;0
34200;9847;105;1;86.64;0
34201;9847;103;3;93.05;0
34202;9848;105;2;86.64;0
34203;9848;111;7;34.02;0
34204;9848;102;10;16.63;0
34205;9848;101;9;44.35;0
34206;9848;104;7;4.07;0
34207;9848;117;1;94.29;0
34208;9849;104;2;4.07;0
34209;9849;109;8;14.81;0
34210;9849;111;10;34.02;0
34211;9849;102;2;16.63;0
34212;9849;107;5;77.21;0
34213;9849;117;2;94.29;0
34214;9850;109;6;14.81;0
34215;9850;115;10;21.03;0
34216;9850;114;7;31.92;0
34217;9851;113;1;85.64;0
34218;9851;108;6;11.73;0
34219;9851;105;7;86.64;0
34220;9851;118;6;11.11;0
34221;9851;102;9;16.63;0
34222;9852;111;6;34.02;0
34223;9852;103;10;93.05;0
34224;9852;102;5;16.63;0
34225;9852;105;9;86.64;0
34226;9852;108;10;11.73;0
34227;9852;118;9;11.11;0
34228;9853;107;9;77.21;0
34229;9853;103;8;93.05;0
34230;9853;102;10;16.63;4
34231;9853;108;3;11.73;2
34232;9853;115;8;21.03;0
34233;9854;102;9;16.63;0
34234;9854;101;3;44.35;3
34235;9855;114;2;31.92;0
34236;9855;104;3;4.07;2
34237;9855;110;6;87.41;0
34238;9855;118;7;11.11;0
34239;9855;112;9;11.48;0
34240;9856;118;3;11.11;0
34241;9856;103;2;93.05;0
34242;9856;111;7;34.02;0
34243;9856;108;7;11.73;0
34244;9856;115;2;21.03;0
34245;9856;106;1;93.64;0
34246;9857;112;3;11.48;0
34247;9857;106;8;93.64;0
34248;9857;118;2;11.11;0
34249;9857;115;10;21.03;0
34250;9857;114;9;31.92;0
34251;9857;111;6;34.02;0
34252;9858;112;6;11.48;0
34253;9858;114;3;31.92;0
34254;9858;115;6;21.03;0
34255;9858;101;1;44.35;0
34256;9859;114;6;31.92;0
34257;9859;110;1;87.41;0
34258;9860;109;10;14.81;0
34259;9860;105;1;86.64;0
34260;9861;107;10;77.21;0
34261;9861;111;10;34.02;0
34262;9861;104;3;4.07;0
34263;9861;118;1;11.11;0
34264;9862;102;7;16.63;0
34265;9862;103;10;93.05;0
34266;9862;118;7;11.11;0
34267;9862;111;3;34.02;0
34268;9862;110;10;87.41;0
34269;9863;112;5;11.48;0
34270;9863;108;7;11.73;0
34271;9863;105;5;86.64;0
34272;9863;104;10;4.07;0
34273;9863;118;3;11.11;0
34274;9863;111;9;34.02;0
34275;9864;106;6;93.64;1
34276;9864;103;5;93.05;0
34277;9864;104;1;4.07;0
34278;9864;102;3;16.63;0
34279;9864;111;6;34.02;0
34280;9864;108;3;11.73;0
34281;9865;108;1;11.73;0
34282;9866;114;3;31.92;0
34283;9866;109;9;14.81;0
34284;9866;112;6;11.48;0
34285;9866;101;8;44.35;0
34286;9867;116;3;31.81;0
34287;9868;113;4;85.64;0
34288;9868;111;9;34.02;0
34289;9869;104;3;4.07;2
34290;9869;102;6;16.63;0
34291;9869;108;1;11.73;0
34292;9869;114;8;31.92;0
34293;9869;113;7;85.64;0
34294;9869;109;3;14.81;0
34295;9870;107;5;77.21;0
34296;9870;110;6;87.41;0
34297;9870;115;1;21.03;0
34298;9870;103;2;93.05;0
34299;9871;106;8;93.64;0
34300;9871;109;3;14.81;0
34301;9871;107;4;77.21;0
34302;9871;111;2;34.02;0
34303;9871;104;3;4.07;0
34304;9871;115;7;21.03;0
34305;9872;103;2;93.05;0
34306;9872;114;6;31.92;0
34307;9872;115;5;21.03;0
34308;9872;102;8;16.63;0
34309;9872;110;10;87.41;6
34310;9872;107;2;77.21;0
34311;9873;110;8;87.41;0
34312;9873;103;9;93.05;0
34313;9874;112;7;11.48;0
34314;9874;116;4;31.81;0
34315;9874;106;3;93.64;0
34316;9875;109;4;14.81;0
34317;9875;112;4;11.48;0
34318;9875;103;2;93.05;0
34319;9875;101;8;44.35;0
34320;9876;113;6;85.64;0
34321;9876;102;5;16.63;0
34322;9876;103;10;93.05;0
34323;9876;112;10;11.48;0
34324;9877;104;3;4.07;0
34325;9877;109;3;14.81;0
34326;9877;111;9;34.02;0
34327;9877;102;4;16.63;0
34328;9878;103;4;93.05;2
34329;9878;101;9;44.35;0
34330;9878;104;5;4.07;0
34331;9878;115;5;21.03;0
34332;9879;118;9;11.11;0
34333;9879;112;2;11.48;0
34334;9879;113;6;85.64;0
34335;9880;111;8;34.02;0
34336;9880;108;2;11.73;0
34337;9880;117;4;94.29;0
34338;9880;107;9;77.21;0
34339;9880;104;4;4.07;0
34340;9880;113;9;85.64;0
34341;9881;115;7;21.03;0
34342;9881;104;7;4.07;0
34343;9881;117;8;94.29;8
34344;9882;102;2;16.63;0
34345;9882;101;10;44.35;0
34346;9883;112;4;11.48;0
34347;9883;110;3;87.41;0
34348;9884;103;3;93.05;0
34349;9884;114;4;31.92;0
34350;9884;108;9;11.73;0
34351;9885;111;9;34.02;0
34352;9886;118;8;11.11;0
34353;9886;101;7;44.35;6
34354;9886;117;7;94.29;0
34355;9887;107;2;77.21;0
34356;9888;114;5;31.92;0
34357;9888;107;8;77.21;0
34358;9889;116;6;31.81;0
34359;9889;107;4;77.21;0
34360;9889;106;9;93.64;0
34361;9890;111;5;34.02;0
34362;9890;107;4;77.21;0
34363;9890;113;8;85.64;0
34364;9890;117;2;94.29;0
34365;9890;105;6;86.64;0
34366;9890;114;8;31.92;0
34367;9891;117;5;94.29;0
34368;9891;106;7;93.64;0
34369;9891;101;2;44.35;0
34370;9892;112;1;11.48;1
34371;9892;113;1;85.64;0
34372;9892;115;1;21.03;0
34373;9893;115;9;21.03;0
34374;9893;113;2;85.64;0
34375;9893;114;6;31.92;0
34376;9893;101;7;44.35;0
34377;9893;111;1;34.02;0
34378;9894;107;9;77.21;0
34379;9894;111;8;34.02;0
34380;9894;117;9;94.29;0
34381;9894;118;9;11.11;0
34382;9895;116;3;31.81;0
34383;9895;117;9;94.29;0
34384;9895;102;5;16.63;0
34385;9895;112;10;11.48;0
34386;9895;104;5;4.07;0
34387;9896;110;8;87.41;0
34388;9897;115;8;21.03;0
34389;9897;101;2;44.35;0
34390;9897;112;6;11.48;0
34391;9897;109;2;14.81;0
34392;9897;104;7;4.07;0
34393;9898;116;10;31.81;0
34394;9899;104;6;4.07;0
34395;9899;107;1;77.21;0
34396;9899;113;10;85.64;5
34397;9899;114;3;31.92;0
34398;9899;116;8;31.81;0
34399;9899;118;10;11.11;0
34400;9900;101;10;44.35;0
34401;9900;118;8;11.11;0
34402;9900;102;10;16.63;0
34403;9900;110;2;87.41;0
34404;9900;104;1;4.07;0
34405;9901;118;8;11.11;0
34406;9901;103;10;93.05;0
34407;9901;116;7;31.81;0
34408;9902;117;5;94.29;0
34409;9902;107;7;77.21;0
34410;9903;105;7;86.64;0
34411;9903;113;6;85.64;0
34412;9903;111;4;34.02;0
34413;9903;106;2;93.64;0
34414;9903;116;6;31.81;0
34415;9903;118;7;11.11;0
34416;9904;110;5;87.41;0
34417;9904;114;6;31.92;0
34418;9904;105;2;86.64;0
34419;9904;111;4;34.02;0
34420;9904;107;5;77.21;0
34421;9904;103;4;93.05;0
34422;9905;108;6;11.73;0
34423;9906;105;10;86.64;0
34424;9907;117;2;94.29;0
34425;9908;106;10;93.64;0
34426;9908;101;4;44.35;0
34427;9909;108;4;11.73;0
34428;9909;103;2;93.05;2
34429;9909;105;4;86.64;3
34430;9909;115;4;21.03;0
34431;9909;113;5;85.64;0
34432;9909;111;7;34.02;0
34433;9910;115;4;21.03;0
34434;9910;112;10;11.48;0
34435;9910;116;10;31.81;0
34436;9910;111;6;34.02;0
34437;9910;106;5;93.64;0
34438;9911;101;9;44.35;0
34439;9911;108;8;11.73;0
34440;9911;109;7;14.81;0
34441;9911;113;10;85.64;0
34442;9912;109;2;14.81;0
34443;9913;115;6;21.03;0
34444;9913;110;5;87.41;0
34445;9914;102;3;16.63;0
34446;9914;109;1;14.81;0
34447;9914;117;3;94.29;0
34448;9915;118;10;11.11;0
34449;9915;114;5;31.92;0
34450;9916;104;5;4.07;0
34451;9916;112;5;11.48;0
34452;9916;111;4;34.02;0
34453;9916;113;6;85.64;0
34454;9916;114;5;31.92;0
34455;9917;103;6;93.05;0
34456;9917;101;6;44.35;0
34457;9918;106;4;93.64;0
34458;9918;105;1;86.64;0
34459;9918;101;9;44.35;0
34460;9918;104;7;4.07;7
34461;9919;105;7;86.64;0
34462;9919;113;9;85.64;0
34463;9919;112;8;11.48;0
34464;9919;101;1;44.35;0
34465;9919;108;8;11.73;0
34466;9919;110;10;87.41;0
34467;9920;108;10;11.73;0
34468;9920;103;10;93.05;0
34469;9920;116;1;31.81;0
34470;9920;112;4;11.48;0
34471;9920;101;4;44.35;0
34472;9921;103;9;93.05;0
34473;9922;103;10;93.05;0
34474;9922;102;6;16.63;0
34475;9922;116;5;31.81;0
34476;9922;109;2;14.81;0
34477;9922;117;1;94.29;0
34478;9922;107;6;77.21;0
34479;9923;103;1;93.05;0
34480;9924;101;2;44.35;0
34481;9925;113;3;85.64;0
34482;9926;101;1;44.35;0
34483;9926;114;8;31.92;0
34484;9926;103;7;93.05;0
34485;9926;118;2;11.11;0
34486;9926;107;2;77.21;0
34487;9927;104;5;4.07;0
34488;9927;117;3;94.29;0
34489;9927;102;2;16.63;0
34490;9927;108;10;11.73;0
34491;9927;106;2;93.64;0
34492;9927;111;5;34.02;0
34493;9928;101;1;44.35;0
34494;9928;103;9;93.05;0
34495;9928;113;3;85.64;0
34496;9928;106;5;93.64;0
34497;9929;106;2;93.64;0
34498;9929;111;3;34.02;0
34499;9929;118;3;11.11;0
34500;9929;112;5;11.48;0
34501;9929;103;6;93.05;0
34502;9930;106;10;93.64;0
34503;9930;107;1;77.21;0
34504;9930;117;1;94.29;0
34505;9931;118;5;11.11;0
34506;9931;104;5;4.07;0
34507;9931;101;2;44.35;0
34508;9931;110;3;87.41;0
34509;9931;103;1;93.05;0
34510;9932;111;7;34.02;0
34511;9932;115;9;21.03;0
34512;9932;116;6;31.81;0
34513;9932;107;3;77.21;0
34514;9932;102;5;16.63;0
34515;9933;117;1;94.29;0
34516;9933;113;10;85.64;0
34517;9933;103;8;93.05;0
34518;9933;111;3;34.02;0
34519;9934;113;9;85.64;0
34520;9934;103;7;93.05;0
34521;9934;105;7;86.64;0
34522;9934;106;5;93.64;0
34523;9934;111;10;34.02;0
34524;9934;117;2;94.29;0
34525;9935;114;6;31.92;0
34526;9936;113;2;85.64;1
34527;9936;115;3;21.03;1
34528;9936;117;2;94.29;0
34529;9936;112;10;11.48;0
34530;9936;118;4;11.11;0
34531;9937;111;6;34.02;0
34532;9937;107;9;77.21;0
34533;9937;113;6;85.64;0
34534;9937;101;8;44.35;0
34535;9938;112;2;11.48;0
34536;9938;104;3;4.07;0
34537;9938;106;5;93.64;0
34538;9938;113;6;85.64;0
34539;9938;109;3;14.81;2
34540;9939;101;10;44.35;0
34541;9939;118;10;11.11;0
34542;9939;114;7;31.92;0
34543;9939;106;3;93.64;0
34544;9939;102;2;16.63;0
34545;9939;117;1;94.29;0
34546;9940;102;2;16.63;0
34547;9940;114;1;31.92;0
34548;9941;111;5;34.02;0
34549;9941;104;4;4.07;0
34550;9941;109;6;14.81;0
34551;9941;113;3;85.64;0
34552;9941;114;9;31.92;0
34553;9942;117;3;94.29;0
34554;9942;102;8;16.63;0
34555;9942;105;3;86.64;0
34556;9942;109;6;14.81;0
34557;9943;118;9;11.11;0
34558;9943;113;9;85.64;0
34559;9944;113;6;85.64;0
34560;9944;118;9;11.11;0
34561;9944;117;10;94.29;0
34562;9944;103;3;93.05;0
34563;9945;117;1;94.29;0
34564;9946;108;10;11.73;0
34565;9947;101;1;44.35;0
34566;9947;111;4;34.02;0
34567;9947;110;4;87.41;0
34568;9947;105;10;86.64;0
34569;9948;113;9;85.64;0
34570;9948;105;5;86.64;0
34571;9948;103;4;93.05;0
34572;9948;116;2;31.81;0
34573;9948;102;3;16.63;0
34574;9949;118;3;11.11;0
34575;9950;109;7;14.81;0
34576;9950;102;5;16.63;2
34577;9950;104;1;4.07;0
34578;9950;111;3;34.02;0
34579;9950;112;6;11.48;0
34580;9950;115;1;21.03;0
34581;9951;105;2;86.64;0
34582;9951;110;8;87.41;0
34583;9952;101;3;44.35;0
34584;9952;113;6;85.64;0
34585;9953;114;3;31.92;0
34586;9953;116;4;31.81;0
34587;9953;117;10;94.29;0
34588;9953;103;5;93.05;0
34589;9954;109;9;14.81;0
34590;9955;118;9;11.11;0
34591;9955;105;7;86.64;0
34592;9955;114;7;31.92;0
34593;9955;101;7;44.35;0
34594;9955;106;8;93.64;0
34595;9956;107;6;77.21;4
34596;9956;105;5;86.64;0
34597;9956;103;1;93.05;0
34598;9956;109;9;14.81;0
34599;9957;110;8;87.41;0
34600;9957;116;1;31.81;0
34601;9958;112;6;11.48;0
34602;9958;115;2;21.03;0
34603;9959;109;2;14.81;1
34604;9960;105;6;86.64;0
34605;9960;114;10;31.92;0
34606;9960;104;3;4.07;0
34607;9960;108;9;11.73;0
34608;9960;117;5;94.29;0
34609;9960;113;9;85.64;0
34610;9961;113;6;85.64;0
34611;9961;110;9;87.41;0
34612;9961;106;3;93.64;0
34613;9961;104;2;4.07;0
34614;9961;115;7;21.03;0
34615;9962;114;3;31.92;0
34616;9962;110;6;87.41;0
34617;9962;106;2;93.64;0
34618;9962;113;6;85.64;0
34619;9962;101;3;44.35;0
34620;9963;109;9;14.81;0
34621;9964;117;10;94.29;8
34622;9964;109;3;14.81;0
34623;9964;111;6;34.02;0
34624;9964;101;7;44.35;0
34625;9964;105;2;86.64;1
34626;9965;112;7;11.48;0
34627;9966;109;4;14.81;0
34628;9966;110;2;87.41;0
34629;9966;105;1;86.64;0
34630;9966;103;5;93.05;5
34631;9967;109;4;14.81;0
34632;9967;108;6;11.73;4
34633;9968;110;3;87.41;0
34634;9969;116;9;31.81;0
34635;9969;118;6;11.11;0
34636;9969;106;1;93.64;0
34637;9969;104;4;4.07;0
34638;9969;110;5;87.41;0
34639;9969;107;4;77.21;0
34640;9970;112;5;11.48;0
34641;9970;102;9;16.63;0
34642;9970;101;7;44.35;0
34643;9970;103;8;93.05;0
34644;9970;109;2;14.81;0
34645;9970;105;3;86.64;0
34646;9971;109;8;14.81;0
34647;9971;111;2;34.02;0
34648;9971;112;6;11.48;0
34649;9971;101;8;44.35;0
34650;9971;110;2;87.41;0
34651;9972;115;5;21.03;0
34652;9972;101;1;44.35;0
34653;9972;118;2;11.11;0
34654;9973;118;10;11.11;0
34655;9974;102;10;16.63;0
34656;9974;112;4;11.48;0
34657;9975;118;4;11.11;0
34658;9976;103;10;93.05;0
34659;9976;104;5;4.07;0
34660;9976;102;8;16.63;0
34661;9976;110;10;87.41;0
34662;9976;109;9;14.81;0
34663;9976;116;6;31.81;0
34664;9977;114;1;31.92;0
34665;9977;115;6;21.03;0
34666;9977;108;4;11.73;0
34667;9977;107;10;77.21;0
34668;9977;113;9;85.64;0
34669;9978;116;3;31.81;0
34670;9978;103;8;93.05;0
34671;9978;115;2;21.03;0
34672;9978;106;9;93.64;0
34673;9978;113;10;85.64;0
34674;9979;102;1;16.63;0
34675;9979;117;6;94.29;0
34676;9979;105;10;86.64;0
34677;9980;109;6;14.81;4
34678;9980;107;1;77.21;0
34679;9980;101;1;44.35;0
34680;9980;111;1;34.02;0
34681;9980;102;3;16.63;0
34682;9980;117;1;94.29;0
34683;9981;103;6;93.05;6
34684;9982;109;2;14.81;0
34685;9982;103;7;93.05;0
34686;9982;118;1;11.11;0
34687;9983;116;3;31.81;0
34688;9983;110;2;87.41;1
34689;9984;112;10;11.48;0
34690;9984;103;3;93.05;0
34691;9985;110;8;87.41;0
34692;9985;107;9;77.21;0
34693;9985;102;4;16.63;0
34694;9985;106;8;93.64;7
34695;9985;114;6;31.92;0
34696;9985;115;2;21.03;0
34697;9986;105;9;86.64;0
34698;9986;108;6;11.73;0
34699;9986;118;5;11.11;0
34700;9986;109;4;14.81;0
34701;9987;101;9;44.35;0
34702;9987;111;8;34.02;0
34703;9987;116;4;31.81;0
34704;9987;109;1;14.81;0
34705;9987;118;9;11.11;0
34706;9988;112;4;11.48;0
34707;9988;108;10;11.73;0
34708;9988;117;4;94.29;0
34709;9988;102;1;16.63;0
34710;9989;114;5;31.92;0
34711;9989;105;6;86.64;0
34712;9989;110;2;87.41;0
34713;9989;103;3;93.05;0
34714;9989;115;6;21.03;0
34715;9990;102;2;16.63;0
34716;9990;111;9;34.02;0
34717;9990;103;1;93.05;0
34718;9990;107;9;77.21;0
34719;9990;113;9;85.64;0
34720;9990;112;9;11.48;0
34721;9991;111;10;34.02;0
34722;9991;117;1;94.29;0
34723;9991;116;7;31.81;0
34724;9992;111;4;34.02;0
34725;9992;102;4;16.63;0
34726;9992;112;1;11.48;0
34727;9992;107;2;77.21;1
34728;9992;118;2;11.11;0
34729;9992;115;9;21.03;0
34730;9993;107;10;77.21;0
34731;9993;114;5;31.92;0
34732;9993;105;1;86.64;0
34733;9993;108;10;11.73;0
34734;9993;117;6;94.29;0
34735;9994;104;6;4.07;0
34736;9995;115;2;21.03;0
34737;9995;111;4;34.02;0
34738;9995;102;3;16.63;0
34739;9996;108;5;11.73;0
34740;9996;116;6;31.81;0
34741;9996;103;7;93.05;0
34742;9996;114;10;31.92;0
34743;9996;117;3;94.29;0
34744;9996;101;4;44.35;0
34745;9997;111;3;34.02;0
34746;9997;110;6;87.41;0
34747;9997;115;1;21.03;0
34748;9997;113;10;85.64;0
34749;9998;103;10;93.05;0
34750;9998;109;1;14.81;0
34751;9998;105;7;86.64;0
34752;9999;116;9;31.81;0
34753;9999;108;10;11.73;0
34754;9999;106;6;93.64;0
34755;9999;113;10;85.64;0
34756;10000;102;5;16.63;0
34757;10000;116;5;31.81;0
34758;10000;111;2;34.02;0
34759;10000;110;1;87.41;0
34760;10001;104;10;6.175;10
34761;10001;113;1;0.8118;1
